Date,DateKey,IsMonthStart,Year,Quarter,YearQuarter,MonthNumber,Month,YearMonth,MonthYear,IsLatest,IsPrePandemicBase
2010-01-01,20100101,True,2010,Q1,2010 Q1,1,Jan,2010-01,Jan 2010,False,False
2010-01-02,20100102,False,2010,Q1,2010 Q1,1,Jan,2010-01,Jan 2010,False,False
2010-01-03,20100103,False,2010,Q1,2010 Q1,1,Jan,2010-01,Jan 2010,False,False
2010-01-04,20100104,False,2010,Q1,2010 Q1,1,Jan,2010-01,Jan 2010,False,False
2010-01-05,20100105,False,2010,Q1,2010 Q1,1,Jan,2010-01,Jan 2010,False,False
2010-01-06,20100106,False,2010,Q1,2010 Q1,1,Jan,2010-01,Jan 2010,False,False
2010-01-07,20100107,False,2010,Q1,2010 Q1,1,Jan,2010-01,Jan 2010,False,False
2010-01-08,20100108,False,2010,Q1,2010 Q1,1,Jan,2010-01,Jan 2010,False,False
2010-01-09,20100109,False,2010,Q1,2010 Q1,1,Jan,2010-01,Jan 2010,False,False
2010-01-10,20100110,False,2010,Q1,2010 Q1,1,Jan,2010-01,Jan 2010,False,False
2010-01-11,20100111,False,2010,Q1,2010 Q1,1,Jan,2010-01,Jan 2010,False,False
2010-01-12,20100112,False,2010,Q1,2010 Q1,1,Jan,2010-01,Jan 2010,False,False
2010-01-13,20100113,False,2010,Q1,2010 Q1,1,Jan,2010-01,Jan 2010,False,False
2010-01-14,20100114,False,2010,Q1,2010 Q1,1,Jan,2010-01,Jan 2010,False,False
2010-01-15,20100115,False,2010,Q1,2010 Q1,1,Jan,2010-01,Jan 2010,False,False
2010-01-16,20100116,False,2010,Q1,2010 Q1,1,Jan,2010-01,Jan 2010,False,False
2010-01-17,20100117,False,2010,Q1,2010 Q1,1,Jan,2010-01,Jan 2010,False,False
2010-01-18,20100118,False,2010,Q1,2010 Q1,1,Jan,2010-01,Jan 2010,False,False
2010-01-19,20100119,False,2010,Q1,2010 Q1,1,Jan,2010-01,Jan 2010,False,False
2010-01-20,20100120,False,2010,Q1,2010 Q1,1,Jan,2010-01,Jan 2010,False,False
2010-01-21,20100121,False,2010,Q1,2010 Q1,1,Jan,2010-01,Jan 2010,False,False
2010-01-22,20100122,False,2010,Q1,2010 Q1,1,Jan,2010-01,Jan 2010,False,False
2010-01-23,20100123,False,2010,Q1,2010 Q1,1,Jan,2010-01,Jan 2010,False,False
2010-01-24,20100124,False,2010,Q1,2010 Q1,1,Jan,2010-01,Jan 2010,False,False
2010-01-25,20100125,False,2010,Q1,2010 Q1,1,Jan,2010-01,Jan 2010,False,False
2010-01-26,20100126,False,2010,Q1,2010 Q1,1,Jan,2010-01,Jan 2010,False,False
2010-01-27,20100127,False,2010,Q1,2010 Q1,1,Jan,2010-01,Jan 2010,False,False
2010-01-28,20100128,False,2010,Q1,2010 Q1,1,Jan,2010-01,Jan 2010,False,False
2010-01-29,20100129,False,2010,Q1,2010 Q1,1,Jan,2010-01,Jan 2010,False,False
2010-01-30,20100130,False,2010,Q1,2010 Q1,1,Jan,2010-01,Jan 2010,False,False
2010-01-31,20100131,False,2010,Q1,2010 Q1,1,Jan,2010-01,Jan 2010,False,False
2010-02-01,20100201,True,2010,Q1,2010 Q1,2,Feb,2010-02,Feb 2010,False,False
2010-02-02,20100202,False,2010,Q1,2010 Q1,2,Feb,2010-02,Feb 2010,False,False
2010-02-03,20100203,False,2010,Q1,2010 Q1,2,Feb,2010-02,Feb 2010,False,False
2010-02-04,20100204,False,2010,Q1,2010 Q1,2,Feb,2010-02,Feb 2010,False,False
2010-02-05,20100205,False,2010,Q1,2010 Q1,2,Feb,2010-02,Feb 2010,False,False
2010-02-06,20100206,False,2010,Q1,2010 Q1,2,Feb,2010-02,Feb 2010,False,False
2010-02-07,20100207,False,2010,Q1,2010 Q1,2,Feb,2010-02,Feb 2010,False,False
2010-02-08,20100208,False,2010,Q1,2010 Q1,2,Feb,2010-02,Feb 2010,False,False
2010-02-09,20100209,False,2010,Q1,2010 Q1,2,Feb,2010-02,Feb 2010,False,False
2010-02-10,20100210,False,2010,Q1,2010 Q1,2,Feb,2010-02,Feb 2010,False,False
2010-02-11,20100211,False,2010,Q1,2010 Q1,2,Feb,2010-02,Feb 2010,False,False
2010-02-12,20100212,False,2010,Q1,2010 Q1,2,Feb,2010-02,Feb 2010,False,False
2010-02-13,20100213,False,2010,Q1,2010 Q1,2,Feb,2010-02,Feb 2010,False,False
2010-02-14,20100214,False,2010,Q1,2010 Q1,2,Feb,2010-02,Feb 2010,False,False
2010-02-15,20100215,False,2010,Q1,2010 Q1,2,Feb,2010-02,Feb 2010,False,False
2010-02-16,20100216,False,2010,Q1,2010 Q1,2,Feb,2010-02,Feb 2010,False,False
2010-02-17,20100217,False,2010,Q1,2010 Q1,2,Feb,2010-02,Feb 2010,False,False
2010-02-18,20100218,False,2010,Q1,2010 Q1,2,Feb,2010-02,Feb 2010,False,False
2010-02-19,20100219,False,2010,Q1,2010 Q1,2,Feb,2010-02,Feb 2010,False,False
2010-02-20,20100220,False,2010,Q1,2010 Q1,2,Feb,2010-02,Feb 2010,False,False
2010-02-21,20100221,False,2010,Q1,2010 Q1,2,Feb,2010-02,Feb 2010,False,False
2010-02-22,20100222,False,2010,Q1,2010 Q1,2,Feb,2010-02,Feb 2010,False,False
2010-02-23,20100223,False,2010,Q1,2010 Q1,2,Feb,2010-02,Feb 2010,False,False
2010-02-24,20100224,False,2010,Q1,2010 Q1,2,Feb,2010-02,Feb 2010,False,False
2010-02-25,20100225,False,2010,Q1,2010 Q1,2,Feb,2010-02,Feb 2010,False,False
2010-02-26,20100226,False,2010,Q1,2010 Q1,2,Feb,2010-02,Feb 2010,False,False
2010-02-27,20100227,False,2010,Q1,2010 Q1,2,Feb,2010-02,Feb 2010,False,False
2010-02-28,20100228,False,2010,Q1,2010 Q1,2,Feb,2010-02,Feb 2010,False,False
2010-03-01,20100301,True,2010,Q1,2010 Q1,3,Mar,2010-03,Mar 2010,False,False
2010-03-02,20100302,False,2010,Q1,2010 Q1,3,Mar,2010-03,Mar 2010,False,False
2010-03-03,20100303,False,2010,Q1,2010 Q1,3,Mar,2010-03,Mar 2010,False,False
2010-03-04,20100304,False,2010,Q1,2010 Q1,3,Mar,2010-03,Mar 2010,False,False
2010-03-05,20100305,False,2010,Q1,2010 Q1,3,Mar,2010-03,Mar 2010,False,False
2010-03-06,20100306,False,2010,Q1,2010 Q1,3,Mar,2010-03,Mar 2010,False,False
2010-03-07,20100307,False,2010,Q1,2010 Q1,3,Mar,2010-03,Mar 2010,False,False
2010-03-08,20100308,False,2010,Q1,2010 Q1,3,Mar,2010-03,Mar 2010,False,False
2010-03-09,20100309,False,2010,Q1,2010 Q1,3,Mar,2010-03,Mar 2010,False,False
2010-03-10,20100310,False,2010,Q1,2010 Q1,3,Mar,2010-03,Mar 2010,False,False
2010-03-11,20100311,False,2010,Q1,2010 Q1,3,Mar,2010-03,Mar 2010,False,False
2010-03-12,20100312,False,2010,Q1,2010 Q1,3,Mar,2010-03,Mar 2010,False,False
2010-03-13,20100313,False,2010,Q1,2010 Q1,3,Mar,2010-03,Mar 2010,False,False
2010-03-14,20100314,False,2010,Q1,2010 Q1,3,Mar,2010-03,Mar 2010,False,False
2010-03-15,20100315,False,2010,Q1,2010 Q1,3,Mar,2010-03,Mar 2010,False,False
2010-03-16,20100316,False,2010,Q1,2010 Q1,3,Mar,2010-03,Mar 2010,False,False
2010-03-17,20100317,False,2010,Q1,2010 Q1,3,Mar,2010-03,Mar 2010,False,False
2010-03-18,20100318,False,2010,Q1,2010 Q1,3,Mar,2010-03,Mar 2010,False,False
2010-03-19,20100319,False,2010,Q1,2010 Q1,3,Mar,2010-03,Mar 2010,False,False
2010-03-20,20100320,False,2010,Q1,2010 Q1,3,Mar,2010-03,Mar 2010,False,False
2010-03-21,20100321,False,2010,Q1,2010 Q1,3,Mar,2010-03,Mar 2010,False,False
2010-03-22,20100322,False,2010,Q1,2010 Q1,3,Mar,2010-03,Mar 2010,False,False
2010-03-23,20100323,False,2010,Q1,2010 Q1,3,Mar,2010-03,Mar 2010,False,False
2010-03-24,20100324,False,2010,Q1,2010 Q1,3,Mar,2010-03,Mar 2010,False,False
2010-03-25,20100325,False,2010,Q1,2010 Q1,3,Mar,2010-03,Mar 2010,False,False
2010-03-26,20100326,False,2010,Q1,2010 Q1,3,Mar,2010-03,Mar 2010,False,False
2010-03-27,20100327,False,2010,Q1,2010 Q1,3,Mar,2010-03,Mar 2010,False,False
2010-03-28,20100328,False,2010,Q1,2010 Q1,3,Mar,2010-03,Mar 2010,False,False
2010-03-29,20100329,False,2010,Q1,2010 Q1,3,Mar,2010-03,Mar 2010,False,False
2010-03-30,20100330,False,2010,Q1,2010 Q1,3,Mar,2010-03,Mar 2010,False,False
2010-03-31,20100331,False,2010,Q1,2010 Q1,3,Mar,2010-03,Mar 2010,False,False
2010-04-01,20100401,True,2010,Q2,2010 Q2,4,Apr,2010-04,Apr 2010,False,False
2010-04-02,20100402,False,2010,Q2,2010 Q2,4,Apr,2010-04,Apr 2010,False,False
2010-04-03,20100403,False,2010,Q2,2010 Q2,4,Apr,2010-04,Apr 2010,False,False
2010-04-04,20100404,False,2010,Q2,2010 Q2,4,Apr,2010-04,Apr 2010,False,False
2010-04-05,20100405,False,2010,Q2,2010 Q2,4,Apr,2010-04,Apr 2010,False,False
2010-04-06,20100406,False,2010,Q2,2010 Q2,4,Apr,2010-04,Apr 2010,False,False
2010-04-07,20100407,False,2010,Q2,2010 Q2,4,Apr,2010-04,Apr 2010,False,False
2010-04-08,20100408,False,2010,Q2,2010 Q2,4,Apr,2010-04,Apr 2010,False,False
2010-04-09,20100409,False,2010,Q2,2010 Q2,4,Apr,2010-04,Apr 2010,False,False
2010-04-10,20100410,False,2010,Q2,2010 Q2,4,Apr,2010-04,Apr 2010,False,False
2010-04-11,20100411,False,2010,Q2,2010 Q2,4,Apr,2010-04,Apr 2010,False,False
2010-04-12,20100412,False,2010,Q2,2010 Q2,4,Apr,2010-04,Apr 2010,False,False
2010-04-13,20100413,False,2010,Q2,2010 Q2,4,Apr,2010-04,Apr 2010,False,False
2010-04-14,20100414,False,2010,Q2,2010 Q2,4,Apr,2010-04,Apr 2010,False,False
2010-04-15,20100415,False,2010,Q2,2010 Q2,4,Apr,2010-04,Apr 2010,False,False
2010-04-16,20100416,False,2010,Q2,2010 Q2,4,Apr,2010-04,Apr 2010,False,False
2010-04-17,20100417,False,2010,Q2,2010 Q2,4,Apr,2010-04,Apr 2010,False,False
2010-04-18,20100418,False,2010,Q2,2010 Q2,4,Apr,2010-04,Apr 2010,False,False
2010-04-19,20100419,False,2010,Q2,2010 Q2,4,Apr,2010-04,Apr 2010,False,False
2010-04-20,20100420,False,2010,Q2,2010 Q2,4,Apr,2010-04,Apr 2010,False,False
2010-04-21,20100421,False,2010,Q2,2010 Q2,4,Apr,2010-04,Apr 2010,False,False
2010-04-22,20100422,False,2010,Q2,2010 Q2,4,Apr,2010-04,Apr 2010,False,False
2010-04-23,20100423,False,2010,Q2,2010 Q2,4,Apr,2010-04,Apr 2010,False,False
2010-04-24,20100424,False,2010,Q2,2010 Q2,4,Apr,2010-04,Apr 2010,False,False
2010-04-25,20100425,False,2010,Q2,2010 Q2,4,Apr,2010-04,Apr 2010,False,False
2010-04-26,20100426,False,2010,Q2,2010 Q2,4,Apr,2010-04,Apr 2010,False,False
2010-04-27,20100427,False,2010,Q2,2010 Q2,4,Apr,2010-04,Apr 2010,False,False
2010-04-28,20100428,False,2010,Q2,2010 Q2,4,Apr,2010-04,Apr 2010,False,False
2010-04-29,20100429,False,2010,Q2,2010 Q2,4,Apr,2010-04,Apr 2010,False,False
2010-04-30,20100430,False,2010,Q2,2010 Q2,4,Apr,2010-04,Apr 2010,False,False
2010-05-01,20100501,True,2010,Q2,2010 Q2,5,May,2010-05,May 2010,False,False
2010-05-02,20100502,False,2010,Q2,2010 Q2,5,May,2010-05,May 2010,False,False
2010-05-03,20100503,False,2010,Q2,2010 Q2,5,May,2010-05,May 2010,False,False
2010-05-04,20100504,False,2010,Q2,2010 Q2,5,May,2010-05,May 2010,False,False
2010-05-05,20100505,False,2010,Q2,2010 Q2,5,May,2010-05,May 2010,False,False
2010-05-06,20100506,False,2010,Q2,2010 Q2,5,May,2010-05,May 2010,False,False
2010-05-07,20100507,False,2010,Q2,2010 Q2,5,May,2010-05,May 2010,False,False
2010-05-08,20100508,False,2010,Q2,2010 Q2,5,May,2010-05,May 2010,False,False
2010-05-09,20100509,False,2010,Q2,2010 Q2,5,May,2010-05,May 2010,False,False
2010-05-10,20100510,False,2010,Q2,2010 Q2,5,May,2010-05,May 2010,False,False
2010-05-11,20100511,False,2010,Q2,2010 Q2,5,May,2010-05,May 2010,False,False
2010-05-12,20100512,False,2010,Q2,2010 Q2,5,May,2010-05,May 2010,False,False
2010-05-13,20100513,False,2010,Q2,2010 Q2,5,May,2010-05,May 2010,False,False
2010-05-14,20100514,False,2010,Q2,2010 Q2,5,May,2010-05,May 2010,False,False
2010-05-15,20100515,False,2010,Q2,2010 Q2,5,May,2010-05,May 2010,False,False
2010-05-16,20100516,False,2010,Q2,2010 Q2,5,May,2010-05,May 2010,False,False
2010-05-17,20100517,False,2010,Q2,2010 Q2,5,May,2010-05,May 2010,False,False
2010-05-18,20100518,False,2010,Q2,2010 Q2,5,May,2010-05,May 2010,False,False
2010-05-19,20100519,False,2010,Q2,2010 Q2,5,May,2010-05,May 2010,False,False
2010-05-20,20100520,False,2010,Q2,2010 Q2,5,May,2010-05,May 2010,False,False
2010-05-21,20100521,False,2010,Q2,2010 Q2,5,May,2010-05,May 2010,False,False
2010-05-22,20100522,False,2010,Q2,2010 Q2,5,May,2010-05,May 2010,False,False
2010-05-23,20100523,False,2010,Q2,2010 Q2,5,May,2010-05,May 2010,False,False
2010-05-24,20100524,False,2010,Q2,2010 Q2,5,May,2010-05,May 2010,False,False
2010-05-25,20100525,False,2010,Q2,2010 Q2,5,May,2010-05,May 2010,False,False
2010-05-26,20100526,False,2010,Q2,2010 Q2,5,May,2010-05,May 2010,False,False
2010-05-27,20100527,False,2010,Q2,2010 Q2,5,May,2010-05,May 2010,False,False
2010-05-28,20100528,False,2010,Q2,2010 Q2,5,May,2010-05,May 2010,False,False
2010-05-29,20100529,False,2010,Q2,2010 Q2,5,May,2010-05,May 2010,False,False
2010-05-30,20100530,False,2010,Q2,2010 Q2,5,May,2010-05,May 2010,False,False
2010-05-31,20100531,False,2010,Q2,2010 Q2,5,May,2010-05,May 2010,False,False
2010-06-01,20100601,True,2010,Q2,2010 Q2,6,Jun,2010-06,Jun 2010,False,False
2010-06-02,20100602,False,2010,Q2,2010 Q2,6,Jun,2010-06,Jun 2010,False,False
2010-06-03,20100603,False,2010,Q2,2010 Q2,6,Jun,2010-06,Jun 2010,False,False
2010-06-04,20100604,False,2010,Q2,2010 Q2,6,Jun,2010-06,Jun 2010,False,False
2010-06-05,20100605,False,2010,Q2,2010 Q2,6,Jun,2010-06,Jun 2010,False,False
2010-06-06,20100606,False,2010,Q2,2010 Q2,6,Jun,2010-06,Jun 2010,False,False
2010-06-07,20100607,False,2010,Q2,2010 Q2,6,Jun,2010-06,Jun 2010,False,False
2010-06-08,20100608,False,2010,Q2,2010 Q2,6,Jun,2010-06,Jun 2010,False,False
2010-06-09,20100609,False,2010,Q2,2010 Q2,6,Jun,2010-06,Jun 2010,False,False
2010-06-10,20100610,False,2010,Q2,2010 Q2,6,Jun,2010-06,Jun 2010,False,False
2010-06-11,20100611,False,2010,Q2,2010 Q2,6,Jun,2010-06,Jun 2010,False,False
2010-06-12,20100612,False,2010,Q2,2010 Q2,6,Jun,2010-06,Jun 2010,False,False
2010-06-13,20100613,False,2010,Q2,2010 Q2,6,Jun,2010-06,Jun 2010,False,False
2010-06-14,20100614,False,2010,Q2,2010 Q2,6,Jun,2010-06,Jun 2010,False,False
2010-06-15,20100615,False,2010,Q2,2010 Q2,6,Jun,2010-06,Jun 2010,False,False
2010-06-16,20100616,False,2010,Q2,2010 Q2,6,Jun,2010-06,Jun 2010,False,False
2010-06-17,20100617,False,2010,Q2,2010 Q2,6,Jun,2010-06,Jun 2010,False,False
2010-06-18,20100618,False,2010,Q2,2010 Q2,6,Jun,2010-06,Jun 2010,False,False
2010-06-19,20100619,False,2010,Q2,2010 Q2,6,Jun,2010-06,Jun 2010,False,False
2010-06-20,20100620,False,2010,Q2,2010 Q2,6,Jun,2010-06,Jun 2010,False,False
2010-06-21,20100621,False,2010,Q2,2010 Q2,6,Jun,2010-06,Jun 2010,False,False
2010-06-22,20100622,False,2010,Q2,2010 Q2,6,Jun,2010-06,Jun 2010,False,False
2010-06-23,20100623,False,2010,Q2,2010 Q2,6,Jun,2010-06,Jun 2010,False,False
2010-06-24,20100624,False,2010,Q2,2010 Q2,6,Jun,2010-06,Jun 2010,False,False
2010-06-25,20100625,False,2010,Q2,2010 Q2,6,Jun,2010-06,Jun 2010,False,False
2010-06-26,20100626,False,2010,Q2,2010 Q2,6,Jun,2010-06,Jun 2010,False,False
2010-06-27,20100627,False,2010,Q2,2010 Q2,6,Jun,2010-06,Jun 2010,False,False
2010-06-28,20100628,False,2010,Q2,2010 Q2,6,Jun,2010-06,Jun 2010,False,False
2010-06-29,20100629,False,2010,Q2,2010 Q2,6,Jun,2010-06,Jun 2010,False,False
2010-06-30,20100630,False,2010,Q2,2010 Q2,6,Jun,2010-06,Jun 2010,False,False
2010-07-01,20100701,True,2010,Q3,2010 Q3,7,Jul,2010-07,Jul 2010,False,False
2010-07-02,20100702,False,2010,Q3,2010 Q3,7,Jul,2010-07,Jul 2010,False,False
2010-07-03,20100703,False,2010,Q3,2010 Q3,7,Jul,2010-07,Jul 2010,False,False
2010-07-04,20100704,False,2010,Q3,2010 Q3,7,Jul,2010-07,Jul 2010,False,False
2010-07-05,20100705,False,2010,Q3,2010 Q3,7,Jul,2010-07,Jul 2010,False,False
2010-07-06,20100706,False,2010,Q3,2010 Q3,7,Jul,2010-07,Jul 2010,False,False
2010-07-07,20100707,False,2010,Q3,2010 Q3,7,Jul,2010-07,Jul 2010,False,False
2010-07-08,20100708,False,2010,Q3,2010 Q3,7,Jul,2010-07,Jul 2010,False,False
2010-07-09,20100709,False,2010,Q3,2010 Q3,7,Jul,2010-07,Jul 2010,False,False
2010-07-10,20100710,False,2010,Q3,2010 Q3,7,Jul,2010-07,Jul 2010,False,False
2010-07-11,20100711,False,2010,Q3,2010 Q3,7,Jul,2010-07,Jul 2010,False,False
2010-07-12,20100712,False,2010,Q3,2010 Q3,7,Jul,2010-07,Jul 2010,False,False
2010-07-13,20100713,False,2010,Q3,2010 Q3,7,Jul,2010-07,Jul 2010,False,False
2010-07-14,20100714,False,2010,Q3,2010 Q3,7,Jul,2010-07,Jul 2010,False,False
2010-07-15,20100715,False,2010,Q3,2010 Q3,7,Jul,2010-07,Jul 2010,False,False
2010-07-16,20100716,False,2010,Q3,2010 Q3,7,Jul,2010-07,Jul 2010,False,False
2010-07-17,20100717,False,2010,Q3,2010 Q3,7,Jul,2010-07,Jul 2010,False,False
2010-07-18,20100718,False,2010,Q3,2010 Q3,7,Jul,2010-07,Jul 2010,False,False
2010-07-19,20100719,False,2010,Q3,2010 Q3,7,Jul,2010-07,Jul 2010,False,False
2010-07-20,20100720,False,2010,Q3,2010 Q3,7,Jul,2010-07,Jul 2010,False,False
2010-07-21,20100721,False,2010,Q3,2010 Q3,7,Jul,2010-07,Jul 2010,False,False
2010-07-22,20100722,False,2010,Q3,2010 Q3,7,Jul,2010-07,Jul 2010,False,False
2010-07-23,20100723,False,2010,Q3,2010 Q3,7,Jul,2010-07,Jul 2010,False,False
2010-07-24,20100724,False,2010,Q3,2010 Q3,7,Jul,2010-07,Jul 2010,False,False
2010-07-25,20100725,False,2010,Q3,2010 Q3,7,Jul,2010-07,Jul 2010,False,False
2010-07-26,20100726,False,2010,Q3,2010 Q3,7,Jul,2010-07,Jul 2010,False,False
2010-07-27,20100727,False,2010,Q3,2010 Q3,7,Jul,2010-07,Jul 2010,False,False
2010-07-28,20100728,False,2010,Q3,2010 Q3,7,Jul,2010-07,Jul 2010,False,False
2010-07-29,20100729,False,2010,Q3,2010 Q3,7,Jul,2010-07,Jul 2010,False,False
2010-07-30,20100730,False,2010,Q3,2010 Q3,7,Jul,2010-07,Jul 2010,False,False
2010-07-31,20100731,False,2010,Q3,2010 Q3,7,Jul,2010-07,Jul 2010,False,False
2010-08-01,20100801,True,2010,Q3,2010 Q3,8,Aug,2010-08,Aug 2010,False,False
2010-08-02,20100802,False,2010,Q3,2010 Q3,8,Aug,2010-08,Aug 2010,False,False
2010-08-03,20100803,False,2010,Q3,2010 Q3,8,Aug,2010-08,Aug 2010,False,False
2010-08-04,20100804,False,2010,Q3,2010 Q3,8,Aug,2010-08,Aug 2010,False,False
2010-08-05,20100805,False,2010,Q3,2010 Q3,8,Aug,2010-08,Aug 2010,False,False
2010-08-06,20100806,False,2010,Q3,2010 Q3,8,Aug,2010-08,Aug 2010,False,False
2010-08-07,20100807,False,2010,Q3,2010 Q3,8,Aug,2010-08,Aug 2010,False,False
2010-08-08,20100808,False,2010,Q3,2010 Q3,8,Aug,2010-08,Aug 2010,False,False
2010-08-09,20100809,False,2010,Q3,2010 Q3,8,Aug,2010-08,Aug 2010,False,False
2010-08-10,20100810,False,2010,Q3,2010 Q3,8,Aug,2010-08,Aug 2010,False,False
2010-08-11,20100811,False,2010,Q3,2010 Q3,8,Aug,2010-08,Aug 2010,False,False
2010-08-12,20100812,False,2010,Q3,2010 Q3,8,Aug,2010-08,Aug 2010,False,False
2010-08-13,20100813,False,2010,Q3,2010 Q3,8,Aug,2010-08,Aug 2010,False,False
2010-08-14,20100814,False,2010,Q3,2010 Q3,8,Aug,2010-08,Aug 2010,False,False
2010-08-15,20100815,False,2010,Q3,2010 Q3,8,Aug,2010-08,Aug 2010,False,False
2010-08-16,20100816,False,2010,Q3,2010 Q3,8,Aug,2010-08,Aug 2010,False,False
2010-08-17,20100817,False,2010,Q3,2010 Q3,8,Aug,2010-08,Aug 2010,False,False
2010-08-18,20100818,False,2010,Q3,2010 Q3,8,Aug,2010-08,Aug 2010,False,False
2010-08-19,20100819,False,2010,Q3,2010 Q3,8,Aug,2010-08,Aug 2010,False,False
2010-08-20,20100820,False,2010,Q3,2010 Q3,8,Aug,2010-08,Aug 2010,False,False
2010-08-21,20100821,False,2010,Q3,2010 Q3,8,Aug,2010-08,Aug 2010,False,False
2010-08-22,20100822,False,2010,Q3,2010 Q3,8,Aug,2010-08,Aug 2010,False,False
2010-08-23,20100823,False,2010,Q3,2010 Q3,8,Aug,2010-08,Aug 2010,False,False
2010-08-24,20100824,False,2010,Q3,2010 Q3,8,Aug,2010-08,Aug 2010,False,False
2010-08-25,20100825,False,2010,Q3,2010 Q3,8,Aug,2010-08,Aug 2010,False,False
2010-08-26,20100826,False,2010,Q3,2010 Q3,8,Aug,2010-08,Aug 2010,False,False
2010-08-27,20100827,False,2010,Q3,2010 Q3,8,Aug,2010-08,Aug 2010,False,False
2010-08-28,20100828,False,2010,Q3,2010 Q3,8,Aug,2010-08,Aug 2010,False,False
2010-08-29,20100829,False,2010,Q3,2010 Q3,8,Aug,2010-08,Aug 2010,False,False
2010-08-30,20100830,False,2010,Q3,2010 Q3,8,Aug,2010-08,Aug 2010,False,False
2010-08-31,20100831,False,2010,Q3,2010 Q3,8,Aug,2010-08,Aug 2010,False,False
2010-09-01,20100901,True,2010,Q3,2010 Q3,9,Sep,2010-09,Sep 2010,False,False
2010-09-02,20100902,False,2010,Q3,2010 Q3,9,Sep,2010-09,Sep 2010,False,False
2010-09-03,20100903,False,2010,Q3,2010 Q3,9,Sep,2010-09,Sep 2010,False,False
2010-09-04,20100904,False,2010,Q3,2010 Q3,9,Sep,2010-09,Sep 2010,False,False
2010-09-05,20100905,False,2010,Q3,2010 Q3,9,Sep,2010-09,Sep 2010,False,False
2010-09-06,20100906,False,2010,Q3,2010 Q3,9,Sep,2010-09,Sep 2010,False,False
2010-09-07,20100907,False,2010,Q3,2010 Q3,9,Sep,2010-09,Sep 2010,False,False
2010-09-08,20100908,False,2010,Q3,2010 Q3,9,Sep,2010-09,Sep 2010,False,False
2010-09-09,20100909,False,2010,Q3,2010 Q3,9,Sep,2010-09,Sep 2010,False,False
2010-09-10,20100910,False,2010,Q3,2010 Q3,9,Sep,2010-09,Sep 2010,False,False
2010-09-11,20100911,False,2010,Q3,2010 Q3,9,Sep,2010-09,Sep 2010,False,False
2010-09-12,20100912,False,2010,Q3,2010 Q3,9,Sep,2010-09,Sep 2010,False,False
2010-09-13,20100913,False,2010,Q3,2010 Q3,9,Sep,2010-09,Sep 2010,False,False
2010-09-14,20100914,False,2010,Q3,2010 Q3,9,Sep,2010-09,Sep 2010,False,False
2010-09-15,20100915,False,2010,Q3,2010 Q3,9,Sep,2010-09,Sep 2010,False,False
2010-09-16,20100916,False,2010,Q3,2010 Q3,9,Sep,2010-09,Sep 2010,False,False
2010-09-17,20100917,False,2010,Q3,2010 Q3,9,Sep,2010-09,Sep 2010,False,False
2010-09-18,20100918,False,2010,Q3,2010 Q3,9,Sep,2010-09,Sep 2010,False,False
2010-09-19,20100919,False,2010,Q3,2010 Q3,9,Sep,2010-09,Sep 2010,False,False
2010-09-20,20100920,False,2010,Q3,2010 Q3,9,Sep,2010-09,Sep 2010,False,False
2010-09-21,20100921,False,2010,Q3,2010 Q3,9,Sep,2010-09,Sep 2010,False,False
2010-09-22,20100922,False,2010,Q3,2010 Q3,9,Sep,2010-09,Sep 2010,False,False
2010-09-23,20100923,False,2010,Q3,2010 Q3,9,Sep,2010-09,Sep 2010,False,False
2010-09-24,20100924,False,2010,Q3,2010 Q3,9,Sep,2010-09,Sep 2010,False,False
2010-09-25,20100925,False,2010,Q3,2010 Q3,9,Sep,2010-09,Sep 2010,False,False
2010-09-26,20100926,False,2010,Q3,2010 Q3,9,Sep,2010-09,Sep 2010,False,False
2010-09-27,20100927,False,2010,Q3,2010 Q3,9,Sep,2010-09,Sep 2010,False,False
2010-09-28,20100928,False,2010,Q3,2010 Q3,9,Sep,2010-09,Sep 2010,False,False
2010-09-29,20100929,False,2010,Q3,2010 Q3,9,Sep,2010-09,Sep 2010,False,False
2010-09-30,20100930,False,2010,Q3,2010 Q3,9,Sep,2010-09,Sep 2010,False,False
2010-10-01,20101001,True,2010,Q4,2010 Q4,10,Oct,2010-10,Oct 2010,False,False
2010-10-02,20101002,False,2010,Q4,2010 Q4,10,Oct,2010-10,Oct 2010,False,False
2010-10-03,20101003,False,2010,Q4,2010 Q4,10,Oct,2010-10,Oct 2010,False,False
2010-10-04,20101004,False,2010,Q4,2010 Q4,10,Oct,2010-10,Oct 2010,False,False
2010-10-05,20101005,False,2010,Q4,2010 Q4,10,Oct,2010-10,Oct 2010,False,False
2010-10-06,20101006,False,2010,Q4,2010 Q4,10,Oct,2010-10,Oct 2010,False,False
2010-10-07,20101007,False,2010,Q4,2010 Q4,10,Oct,2010-10,Oct 2010,False,False
2010-10-08,20101008,False,2010,Q4,2010 Q4,10,Oct,2010-10,Oct 2010,False,False
2010-10-09,20101009,False,2010,Q4,2010 Q4,10,Oct,2010-10,Oct 2010,False,False
2010-10-10,20101010,False,2010,Q4,2010 Q4,10,Oct,2010-10,Oct 2010,False,False
2010-10-11,20101011,False,2010,Q4,2010 Q4,10,Oct,2010-10,Oct 2010,False,False
2010-10-12,20101012,False,2010,Q4,2010 Q4,10,Oct,2010-10,Oct 2010,False,False
2010-10-13,20101013,False,2010,Q4,2010 Q4,10,Oct,2010-10,Oct 2010,False,False
2010-10-14,20101014,False,2010,Q4,2010 Q4,10,Oct,2010-10,Oct 2010,False,False
2010-10-15,20101015,False,2010,Q4,2010 Q4,10,Oct,2010-10,Oct 2010,False,False
2010-10-16,20101016,False,2010,Q4,2010 Q4,10,Oct,2010-10,Oct 2010,False,False
2010-10-17,20101017,False,2010,Q4,2010 Q4,10,Oct,2010-10,Oct 2010,False,False
2010-10-18,20101018,False,2010,Q4,2010 Q4,10,Oct,2010-10,Oct 2010,False,False
2010-10-19,20101019,False,2010,Q4,2010 Q4,10,Oct,2010-10,Oct 2010,False,False
2010-10-20,20101020,False,2010,Q4,2010 Q4,10,Oct,2010-10,Oct 2010,False,False
2010-10-21,20101021,False,2010,Q4,2010 Q4,10,Oct,2010-10,Oct 2010,False,False
2010-10-22,20101022,False,2010,Q4,2010 Q4,10,Oct,2010-10,Oct 2010,False,False
2010-10-23,20101023,False,2010,Q4,2010 Q4,10,Oct,2010-10,Oct 2010,False,False
2010-10-24,20101024,False,2010,Q4,2010 Q4,10,Oct,2010-10,Oct 2010,False,False
2010-10-25,20101025,False,2010,Q4,2010 Q4,10,Oct,2010-10,Oct 2010,False,False
2010-10-26,20101026,False,2010,Q4,2010 Q4,10,Oct,2010-10,Oct 2010,False,False
2010-10-27,20101027,False,2010,Q4,2010 Q4,10,Oct,2010-10,Oct 2010,False,False
2010-10-28,20101028,False,2010,Q4,2010 Q4,10,Oct,2010-10,Oct 2010,False,False
2010-10-29,20101029,False,2010,Q4,2010 Q4,10,Oct,2010-10,Oct 2010,False,False
2010-10-30,20101030,False,2010,Q4,2010 Q4,10,Oct,2010-10,Oct 2010,False,False
2010-10-31,20101031,False,2010,Q4,2010 Q4,10,Oct,2010-10,Oct 2010,False,False
2010-11-01,20101101,True,2010,Q4,2010 Q4,11,Nov,2010-11,Nov 2010,False,False
2010-11-02,20101102,False,2010,Q4,2010 Q4,11,Nov,2010-11,Nov 2010,False,False
2010-11-03,20101103,False,2010,Q4,2010 Q4,11,Nov,2010-11,Nov 2010,False,False
2010-11-04,20101104,False,2010,Q4,2010 Q4,11,Nov,2010-11,Nov 2010,False,False
2010-11-05,20101105,False,2010,Q4,2010 Q4,11,Nov,2010-11,Nov 2010,False,False
2010-11-06,20101106,False,2010,Q4,2010 Q4,11,Nov,2010-11,Nov 2010,False,False
2010-11-07,20101107,False,2010,Q4,2010 Q4,11,Nov,2010-11,Nov 2010,False,False
2010-11-08,20101108,False,2010,Q4,2010 Q4,11,Nov,2010-11,Nov 2010,False,False
2010-11-09,20101109,False,2010,Q4,2010 Q4,11,Nov,2010-11,Nov 2010,False,False
2010-11-10,20101110,False,2010,Q4,2010 Q4,11,Nov,2010-11,Nov 2010,False,False
2010-11-11,20101111,False,2010,Q4,2010 Q4,11,Nov,2010-11,Nov 2010,False,False
2010-11-12,20101112,False,2010,Q4,2010 Q4,11,Nov,2010-11,Nov 2010,False,False
2010-11-13,20101113,False,2010,Q4,2010 Q4,11,Nov,2010-11,Nov 2010,False,False
2010-11-14,20101114,False,2010,Q4,2010 Q4,11,Nov,2010-11,Nov 2010,False,False
2010-11-15,20101115,False,2010,Q4,2010 Q4,11,Nov,2010-11,Nov 2010,False,False
2010-11-16,20101116,False,2010,Q4,2010 Q4,11,Nov,2010-11,Nov 2010,False,False
2010-11-17,20101117,False,2010,Q4,2010 Q4,11,Nov,2010-11,Nov 2010,False,False
2010-11-18,20101118,False,2010,Q4,2010 Q4,11,Nov,2010-11,Nov 2010,False,False
2010-11-19,20101119,False,2010,Q4,2010 Q4,11,Nov,2010-11,Nov 2010,False,False
2010-11-20,20101120,False,2010,Q4,2010 Q4,11,Nov,2010-11,Nov 2010,False,False
2010-11-21,20101121,False,2010,Q4,2010 Q4,11,Nov,2010-11,Nov 2010,False,False
2010-11-22,20101122,False,2010,Q4,2010 Q4,11,Nov,2010-11,Nov 2010,False,False
2010-11-23,20101123,False,2010,Q4,2010 Q4,11,Nov,2010-11,Nov 2010,False,False
2010-11-24,20101124,False,2010,Q4,2010 Q4,11,Nov,2010-11,Nov 2010,False,False
2010-11-25,20101125,False,2010,Q4,2010 Q4,11,Nov,2010-11,Nov 2010,False,False
2010-11-26,20101126,False,2010,Q4,2010 Q4,11,Nov,2010-11,Nov 2010,False,False
2010-11-27,20101127,False,2010,Q4,2010 Q4,11,Nov,2010-11,Nov 2010,False,False
2010-11-28,20101128,False,2010,Q4,2010 Q4,11,Nov,2010-11,Nov 2010,False,False
2010-11-29,20101129,False,2010,Q4,2010 Q4,11,Nov,2010-11,Nov 2010,False,False
2010-11-30,20101130,False,2010,Q4,2010 Q4,11,Nov,2010-11,Nov 2010,False,False
2010-12-01,20101201,True,2010,Q4,2010 Q4,12,Dec,2010-12,Dec 2010,False,False
2010-12-02,20101202,False,2010,Q4,2010 Q4,12,Dec,2010-12,Dec 2010,False,False
2010-12-03,20101203,False,2010,Q4,2010 Q4,12,Dec,2010-12,Dec 2010,False,False
2010-12-04,20101204,False,2010,Q4,2010 Q4,12,Dec,2010-12,Dec 2010,False,False
2010-12-05,20101205,False,2010,Q4,2010 Q4,12,Dec,2010-12,Dec 2010,False,False
2010-12-06,20101206,False,2010,Q4,2010 Q4,12,Dec,2010-12,Dec 2010,False,False
2010-12-07,20101207,False,2010,Q4,2010 Q4,12,Dec,2010-12,Dec 2010,False,False
2010-12-08,20101208,False,2010,Q4,2010 Q4,12,Dec,2010-12,Dec 2010,False,False
2010-12-09,20101209,False,2010,Q4,2010 Q4,12,Dec,2010-12,Dec 2010,False,False
2010-12-10,20101210,False,2010,Q4,2010 Q4,12,Dec,2010-12,Dec 2010,False,False
2010-12-11,20101211,False,2010,Q4,2010 Q4,12,Dec,2010-12,Dec 2010,False,False
2010-12-12,20101212,False,2010,Q4,2010 Q4,12,Dec,2010-12,Dec 2010,False,False
2010-12-13,20101213,False,2010,Q4,2010 Q4,12,Dec,2010-12,Dec 2010,False,False
2010-12-14,20101214,False,2010,Q4,2010 Q4,12,Dec,2010-12,Dec 2010,False,False
2010-12-15,20101215,False,2010,Q4,2010 Q4,12,Dec,2010-12,Dec 2010,False,False
2010-12-16,20101216,False,2010,Q4,2010 Q4,12,Dec,2010-12,Dec 2010,False,False
2010-12-17,20101217,False,2010,Q4,2010 Q4,12,Dec,2010-12,Dec 2010,False,False
2010-12-18,20101218,False,2010,Q4,2010 Q4,12,Dec,2010-12,Dec 2010,False,False
2010-12-19,20101219,False,2010,Q4,2010 Q4,12,Dec,2010-12,Dec 2010,False,False
2010-12-20,20101220,False,2010,Q4,2010 Q4,12,Dec,2010-12,Dec 2010,False,False
2010-12-21,20101221,False,2010,Q4,2010 Q4,12,Dec,2010-12,Dec 2010,False,False
2010-12-22,20101222,False,2010,Q4,2010 Q4,12,Dec,2010-12,Dec 2010,False,False
2010-12-23,20101223,False,2010,Q4,2010 Q4,12,Dec,2010-12,Dec 2010,False,False
2010-12-24,20101224,False,2010,Q4,2010 Q4,12,Dec,2010-12,Dec 2010,False,False
2010-12-25,20101225,False,2010,Q4,2010 Q4,12,Dec,2010-12,Dec 2010,False,False
2010-12-26,20101226,False,2010,Q4,2010 Q4,12,Dec,2010-12,Dec 2010,False,False
2010-12-27,20101227,False,2010,Q4,2010 Q4,12,Dec,2010-12,Dec 2010,False,False
2010-12-28,20101228,False,2010,Q4,2010 Q4,12,Dec,2010-12,Dec 2010,False,False
2010-12-29,20101229,False,2010,Q4,2010 Q4,12,Dec,2010-12,Dec 2010,False,False
2010-12-30,20101230,False,2010,Q4,2010 Q4,12,Dec,2010-12,Dec 2010,False,False
2010-12-31,20101231,False,2010,Q4,2010 Q4,12,Dec,2010-12,Dec 2010,False,False
2011-01-01,20110101,True,2011,Q1,2011 Q1,1,Jan,2011-01,Jan 2011,False,False
2011-01-02,20110102,False,2011,Q1,2011 Q1,1,Jan,2011-01,Jan 2011,False,False
2011-01-03,20110103,False,2011,Q1,2011 Q1,1,Jan,2011-01,Jan 2011,False,False
2011-01-04,20110104,False,2011,Q1,2011 Q1,1,Jan,2011-01,Jan 2011,False,False
2011-01-05,20110105,False,2011,Q1,2011 Q1,1,Jan,2011-01,Jan 2011,False,False
2011-01-06,20110106,False,2011,Q1,2011 Q1,1,Jan,2011-01,Jan 2011,False,False
2011-01-07,20110107,False,2011,Q1,2011 Q1,1,Jan,2011-01,Jan 2011,False,False
2011-01-08,20110108,False,2011,Q1,2011 Q1,1,Jan,2011-01,Jan 2011,False,False
2011-01-09,20110109,False,2011,Q1,2011 Q1,1,Jan,2011-01,Jan 2011,False,False
2011-01-10,20110110,False,2011,Q1,2011 Q1,1,Jan,2011-01,Jan 2011,False,False
2011-01-11,20110111,False,2011,Q1,2011 Q1,1,Jan,2011-01,Jan 2011,False,False
2011-01-12,20110112,False,2011,Q1,2011 Q1,1,Jan,2011-01,Jan 2011,False,False
2011-01-13,20110113,False,2011,Q1,2011 Q1,1,Jan,2011-01,Jan 2011,False,False
2011-01-14,20110114,False,2011,Q1,2011 Q1,1,Jan,2011-01,Jan 2011,False,False
2011-01-15,20110115,False,2011,Q1,2011 Q1,1,Jan,2011-01,Jan 2011,False,False
2011-01-16,20110116,False,2011,Q1,2011 Q1,1,Jan,2011-01,Jan 2011,False,False
2011-01-17,20110117,False,2011,Q1,2011 Q1,1,Jan,2011-01,Jan 2011,False,False
2011-01-18,20110118,False,2011,Q1,2011 Q1,1,Jan,2011-01,Jan 2011,False,False
2011-01-19,20110119,False,2011,Q1,2011 Q1,1,Jan,2011-01,Jan 2011,False,False
2011-01-20,20110120,False,2011,Q1,2011 Q1,1,Jan,2011-01,Jan 2011,False,False
2011-01-21,20110121,False,2011,Q1,2011 Q1,1,Jan,2011-01,Jan 2011,False,False
2011-01-22,20110122,False,2011,Q1,2011 Q1,1,Jan,2011-01,Jan 2011,False,False
2011-01-23,20110123,False,2011,Q1,2011 Q1,1,Jan,2011-01,Jan 2011,False,False
2011-01-24,20110124,False,2011,Q1,2011 Q1,1,Jan,2011-01,Jan 2011,False,False
2011-01-25,20110125,False,2011,Q1,2011 Q1,1,Jan,2011-01,Jan 2011,False,False
2011-01-26,20110126,False,2011,Q1,2011 Q1,1,Jan,2011-01,Jan 2011,False,False
2011-01-27,20110127,False,2011,Q1,2011 Q1,1,Jan,2011-01,Jan 2011,False,False
2011-01-28,20110128,False,2011,Q1,2011 Q1,1,Jan,2011-01,Jan 2011,False,False
2011-01-29,20110129,False,2011,Q1,2011 Q1,1,Jan,2011-01,Jan 2011,False,False
2011-01-30,20110130,False,2011,Q1,2011 Q1,1,Jan,2011-01,Jan 2011,False,False
2011-01-31,20110131,False,2011,Q1,2011 Q1,1,Jan,2011-01,Jan 2011,False,False
2011-02-01,20110201,True,2011,Q1,2011 Q1,2,Feb,2011-02,Feb 2011,False,False
2011-02-02,20110202,False,2011,Q1,2011 Q1,2,Feb,2011-02,Feb 2011,False,False
2011-02-03,20110203,False,2011,Q1,2011 Q1,2,Feb,2011-02,Feb 2011,False,False
2011-02-04,20110204,False,2011,Q1,2011 Q1,2,Feb,2011-02,Feb 2011,False,False
2011-02-05,20110205,False,2011,Q1,2011 Q1,2,Feb,2011-02,Feb 2011,False,False
2011-02-06,20110206,False,2011,Q1,2011 Q1,2,Feb,2011-02,Feb 2011,False,False
2011-02-07,20110207,False,2011,Q1,2011 Q1,2,Feb,2011-02,Feb 2011,False,False
2011-02-08,20110208,False,2011,Q1,2011 Q1,2,Feb,2011-02,Feb 2011,False,False
2011-02-09,20110209,False,2011,Q1,2011 Q1,2,Feb,2011-02,Feb 2011,False,False
2011-02-10,20110210,False,2011,Q1,2011 Q1,2,Feb,2011-02,Feb 2011,False,False
2011-02-11,20110211,False,2011,Q1,2011 Q1,2,Feb,2011-02,Feb 2011,False,False
2011-02-12,20110212,False,2011,Q1,2011 Q1,2,Feb,2011-02,Feb 2011,False,False
2011-02-13,20110213,False,2011,Q1,2011 Q1,2,Feb,2011-02,Feb 2011,False,False
2011-02-14,20110214,False,2011,Q1,2011 Q1,2,Feb,2011-02,Feb 2011,False,False
2011-02-15,20110215,False,2011,Q1,2011 Q1,2,Feb,2011-02,Feb 2011,False,False
2011-02-16,20110216,False,2011,Q1,2011 Q1,2,Feb,2011-02,Feb 2011,False,False
2011-02-17,20110217,False,2011,Q1,2011 Q1,2,Feb,2011-02,Feb 2011,False,False
2011-02-18,20110218,False,2011,Q1,2011 Q1,2,Feb,2011-02,Feb 2011,False,False
2011-02-19,20110219,False,2011,Q1,2011 Q1,2,Feb,2011-02,Feb 2011,False,False
2011-02-20,20110220,False,2011,Q1,2011 Q1,2,Feb,2011-02,Feb 2011,False,False
2011-02-21,20110221,False,2011,Q1,2011 Q1,2,Feb,2011-02,Feb 2011,False,False
2011-02-22,20110222,False,2011,Q1,2011 Q1,2,Feb,2011-02,Feb 2011,False,False
2011-02-23,20110223,False,2011,Q1,2011 Q1,2,Feb,2011-02,Feb 2011,False,False
2011-02-24,20110224,False,2011,Q1,2011 Q1,2,Feb,2011-02,Feb 2011,False,False
2011-02-25,20110225,False,2011,Q1,2011 Q1,2,Feb,2011-02,Feb 2011,False,False
2011-02-26,20110226,False,2011,Q1,2011 Q1,2,Feb,2011-02,Feb 2011,False,False
2011-02-27,20110227,False,2011,Q1,2011 Q1,2,Feb,2011-02,Feb 2011,False,False
2011-02-28,20110228,False,2011,Q1,2011 Q1,2,Feb,2011-02,Feb 2011,False,False
2011-03-01,20110301,True,2011,Q1,2011 Q1,3,Mar,2011-03,Mar 2011,False,False
2011-03-02,20110302,False,2011,Q1,2011 Q1,3,Mar,2011-03,Mar 2011,False,False
2011-03-03,20110303,False,2011,Q1,2011 Q1,3,Mar,2011-03,Mar 2011,False,False
2011-03-04,20110304,False,2011,Q1,2011 Q1,3,Mar,2011-03,Mar 2011,False,False
2011-03-05,20110305,False,2011,Q1,2011 Q1,3,Mar,2011-03,Mar 2011,False,False
2011-03-06,20110306,False,2011,Q1,2011 Q1,3,Mar,2011-03,Mar 2011,False,False
2011-03-07,20110307,False,2011,Q1,2011 Q1,3,Mar,2011-03,Mar 2011,False,False
2011-03-08,20110308,False,2011,Q1,2011 Q1,3,Mar,2011-03,Mar 2011,False,False
2011-03-09,20110309,False,2011,Q1,2011 Q1,3,Mar,2011-03,Mar 2011,False,False
2011-03-10,20110310,False,2011,Q1,2011 Q1,3,Mar,2011-03,Mar 2011,False,False
2011-03-11,20110311,False,2011,Q1,2011 Q1,3,Mar,2011-03,Mar 2011,False,False
2011-03-12,20110312,False,2011,Q1,2011 Q1,3,Mar,2011-03,Mar 2011,False,False
2011-03-13,20110313,False,2011,Q1,2011 Q1,3,Mar,2011-03,Mar 2011,False,False
2011-03-14,20110314,False,2011,Q1,2011 Q1,3,Mar,2011-03,Mar 2011,False,False
2011-03-15,20110315,False,2011,Q1,2011 Q1,3,Mar,2011-03,Mar 2011,False,False
2011-03-16,20110316,False,2011,Q1,2011 Q1,3,Mar,2011-03,Mar 2011,False,False
2011-03-17,20110317,False,2011,Q1,2011 Q1,3,Mar,2011-03,Mar 2011,False,False
2011-03-18,20110318,False,2011,Q1,2011 Q1,3,Mar,2011-03,Mar 2011,False,False
2011-03-19,20110319,False,2011,Q1,2011 Q1,3,Mar,2011-03,Mar 2011,False,False
2011-03-20,20110320,False,2011,Q1,2011 Q1,3,Mar,2011-03,Mar 2011,False,False
2011-03-21,20110321,False,2011,Q1,2011 Q1,3,Mar,2011-03,Mar 2011,False,False
2011-03-22,20110322,False,2011,Q1,2011 Q1,3,Mar,2011-03,Mar 2011,False,False
2011-03-23,20110323,False,2011,Q1,2011 Q1,3,Mar,2011-03,Mar 2011,False,False
2011-03-24,20110324,False,2011,Q1,2011 Q1,3,Mar,2011-03,Mar 2011,False,False
2011-03-25,20110325,False,2011,Q1,2011 Q1,3,Mar,2011-03,Mar 2011,False,False
2011-03-26,20110326,False,2011,Q1,2011 Q1,3,Mar,2011-03,Mar 2011,False,False
2011-03-27,20110327,False,2011,Q1,2011 Q1,3,Mar,2011-03,Mar 2011,False,False
2011-03-28,20110328,False,2011,Q1,2011 Q1,3,Mar,2011-03,Mar 2011,False,False
2011-03-29,20110329,False,2011,Q1,2011 Q1,3,Mar,2011-03,Mar 2011,False,False
2011-03-30,20110330,False,2011,Q1,2011 Q1,3,Mar,2011-03,Mar 2011,False,False
2011-03-31,20110331,False,2011,Q1,2011 Q1,3,Mar,2011-03,Mar 2011,False,False
2011-04-01,20110401,True,2011,Q2,2011 Q2,4,Apr,2011-04,Apr 2011,False,False
2011-04-02,20110402,False,2011,Q2,2011 Q2,4,Apr,2011-04,Apr 2011,False,False
2011-04-03,20110403,False,2011,Q2,2011 Q2,4,Apr,2011-04,Apr 2011,False,False
2011-04-04,20110404,False,2011,Q2,2011 Q2,4,Apr,2011-04,Apr 2011,False,False
2011-04-05,20110405,False,2011,Q2,2011 Q2,4,Apr,2011-04,Apr 2011,False,False
2011-04-06,20110406,False,2011,Q2,2011 Q2,4,Apr,2011-04,Apr 2011,False,False
2011-04-07,20110407,False,2011,Q2,2011 Q2,4,Apr,2011-04,Apr 2011,False,False
2011-04-08,20110408,False,2011,Q2,2011 Q2,4,Apr,2011-04,Apr 2011,False,False
2011-04-09,20110409,False,2011,Q2,2011 Q2,4,Apr,2011-04,Apr 2011,False,False
2011-04-10,20110410,False,2011,Q2,2011 Q2,4,Apr,2011-04,Apr 2011,False,False
2011-04-11,20110411,False,2011,Q2,2011 Q2,4,Apr,2011-04,Apr 2011,False,False
2011-04-12,20110412,False,2011,Q2,2011 Q2,4,Apr,2011-04,Apr 2011,False,False
2011-04-13,20110413,False,2011,Q2,2011 Q2,4,Apr,2011-04,Apr 2011,False,False
2011-04-14,20110414,False,2011,Q2,2011 Q2,4,Apr,2011-04,Apr 2011,False,False
2011-04-15,20110415,False,2011,Q2,2011 Q2,4,Apr,2011-04,Apr 2011,False,False
2011-04-16,20110416,False,2011,Q2,2011 Q2,4,Apr,2011-04,Apr 2011,False,False
2011-04-17,20110417,False,2011,Q2,2011 Q2,4,Apr,2011-04,Apr 2011,False,False
2011-04-18,20110418,False,2011,Q2,2011 Q2,4,Apr,2011-04,Apr 2011,False,False
2011-04-19,20110419,False,2011,Q2,2011 Q2,4,Apr,2011-04,Apr 2011,False,False
2011-04-20,20110420,False,2011,Q2,2011 Q2,4,Apr,2011-04,Apr 2011,False,False
2011-04-21,20110421,False,2011,Q2,2011 Q2,4,Apr,2011-04,Apr 2011,False,False
2011-04-22,20110422,False,2011,Q2,2011 Q2,4,Apr,2011-04,Apr 2011,False,False
2011-04-23,20110423,False,2011,Q2,2011 Q2,4,Apr,2011-04,Apr 2011,False,False
2011-04-24,20110424,False,2011,Q2,2011 Q2,4,Apr,2011-04,Apr 2011,False,False
2011-04-25,20110425,False,2011,Q2,2011 Q2,4,Apr,2011-04,Apr 2011,False,False
2011-04-26,20110426,False,2011,Q2,2011 Q2,4,Apr,2011-04,Apr 2011,False,False
2011-04-27,20110427,False,2011,Q2,2011 Q2,4,Apr,2011-04,Apr 2011,False,False
2011-04-28,20110428,False,2011,Q2,2011 Q2,4,Apr,2011-04,Apr 2011,False,False
2011-04-29,20110429,False,2011,Q2,2011 Q2,4,Apr,2011-04,Apr 2011,False,False
2011-04-30,20110430,False,2011,Q2,2011 Q2,4,Apr,2011-04,Apr 2011,False,False
2011-05-01,20110501,True,2011,Q2,2011 Q2,5,May,2011-05,May 2011,False,False
2011-05-02,20110502,False,2011,Q2,2011 Q2,5,May,2011-05,May 2011,False,False
2011-05-03,20110503,False,2011,Q2,2011 Q2,5,May,2011-05,May 2011,False,False
2011-05-04,20110504,False,2011,Q2,2011 Q2,5,May,2011-05,May 2011,False,False
2011-05-05,20110505,False,2011,Q2,2011 Q2,5,May,2011-05,May 2011,False,False
2011-05-06,20110506,False,2011,Q2,2011 Q2,5,May,2011-05,May 2011,False,False
2011-05-07,20110507,False,2011,Q2,2011 Q2,5,May,2011-05,May 2011,False,False
2011-05-08,20110508,False,2011,Q2,2011 Q2,5,May,2011-05,May 2011,False,False
2011-05-09,20110509,False,2011,Q2,2011 Q2,5,May,2011-05,May 2011,False,False
2011-05-10,20110510,False,2011,Q2,2011 Q2,5,May,2011-05,May 2011,False,False
2011-05-11,20110511,False,2011,Q2,2011 Q2,5,May,2011-05,May 2011,False,False
2011-05-12,20110512,False,2011,Q2,2011 Q2,5,May,2011-05,May 2011,False,False
2011-05-13,20110513,False,2011,Q2,2011 Q2,5,May,2011-05,May 2011,False,False
2011-05-14,20110514,False,2011,Q2,2011 Q2,5,May,2011-05,May 2011,False,False
2011-05-15,20110515,False,2011,Q2,2011 Q2,5,May,2011-05,May 2011,False,False
2011-05-16,20110516,False,2011,Q2,2011 Q2,5,May,2011-05,May 2011,False,False
2011-05-17,20110517,False,2011,Q2,2011 Q2,5,May,2011-05,May 2011,False,False
2011-05-18,20110518,False,2011,Q2,2011 Q2,5,May,2011-05,May 2011,False,False
2011-05-19,20110519,False,2011,Q2,2011 Q2,5,May,2011-05,May 2011,False,False
2011-05-20,20110520,False,2011,Q2,2011 Q2,5,May,2011-05,May 2011,False,False
2011-05-21,20110521,False,2011,Q2,2011 Q2,5,May,2011-05,May 2011,False,False
2011-05-22,20110522,False,2011,Q2,2011 Q2,5,May,2011-05,May 2011,False,False
2011-05-23,20110523,False,2011,Q2,2011 Q2,5,May,2011-05,May 2011,False,False
2011-05-24,20110524,False,2011,Q2,2011 Q2,5,May,2011-05,May 2011,False,False
2011-05-25,20110525,False,2011,Q2,2011 Q2,5,May,2011-05,May 2011,False,False
2011-05-26,20110526,False,2011,Q2,2011 Q2,5,May,2011-05,May 2011,False,False
2011-05-27,20110527,False,2011,Q2,2011 Q2,5,May,2011-05,May 2011,False,False
2011-05-28,20110528,False,2011,Q2,2011 Q2,5,May,2011-05,May 2011,False,False
2011-05-29,20110529,False,2011,Q2,2011 Q2,5,May,2011-05,May 2011,False,False
2011-05-30,20110530,False,2011,Q2,2011 Q2,5,May,2011-05,May 2011,False,False
2011-05-31,20110531,False,2011,Q2,2011 Q2,5,May,2011-05,May 2011,False,False
2011-06-01,20110601,True,2011,Q2,2011 Q2,6,Jun,2011-06,Jun 2011,False,False
2011-06-02,20110602,False,2011,Q2,2011 Q2,6,Jun,2011-06,Jun 2011,False,False
2011-06-03,20110603,False,2011,Q2,2011 Q2,6,Jun,2011-06,Jun 2011,False,False
2011-06-04,20110604,False,2011,Q2,2011 Q2,6,Jun,2011-06,Jun 2011,False,False
2011-06-05,20110605,False,2011,Q2,2011 Q2,6,Jun,2011-06,Jun 2011,False,False
2011-06-06,20110606,False,2011,Q2,2011 Q2,6,Jun,2011-06,Jun 2011,False,False
2011-06-07,20110607,False,2011,Q2,2011 Q2,6,Jun,2011-06,Jun 2011,False,False
2011-06-08,20110608,False,2011,Q2,2011 Q2,6,Jun,2011-06,Jun 2011,False,False
2011-06-09,20110609,False,2011,Q2,2011 Q2,6,Jun,2011-06,Jun 2011,False,False
2011-06-10,20110610,False,2011,Q2,2011 Q2,6,Jun,2011-06,Jun 2011,False,False
2011-06-11,20110611,False,2011,Q2,2011 Q2,6,Jun,2011-06,Jun 2011,False,False
2011-06-12,20110612,False,2011,Q2,2011 Q2,6,Jun,2011-06,Jun 2011,False,False
2011-06-13,20110613,False,2011,Q2,2011 Q2,6,Jun,2011-06,Jun 2011,False,False
2011-06-14,20110614,False,2011,Q2,2011 Q2,6,Jun,2011-06,Jun 2011,False,False
2011-06-15,20110615,False,2011,Q2,2011 Q2,6,Jun,2011-06,Jun 2011,False,False
2011-06-16,20110616,False,2011,Q2,2011 Q2,6,Jun,2011-06,Jun 2011,False,False
2011-06-17,20110617,False,2011,Q2,2011 Q2,6,Jun,2011-06,Jun 2011,False,False
2011-06-18,20110618,False,2011,Q2,2011 Q2,6,Jun,2011-06,Jun 2011,False,False
2011-06-19,20110619,False,2011,Q2,2011 Q2,6,Jun,2011-06,Jun 2011,False,False
2011-06-20,20110620,False,2011,Q2,2011 Q2,6,Jun,2011-06,Jun 2011,False,False
2011-06-21,20110621,False,2011,Q2,2011 Q2,6,Jun,2011-06,Jun 2011,False,False
2011-06-22,20110622,False,2011,Q2,2011 Q2,6,Jun,2011-06,Jun 2011,False,False
2011-06-23,20110623,False,2011,Q2,2011 Q2,6,Jun,2011-06,Jun 2011,False,False
2011-06-24,20110624,False,2011,Q2,2011 Q2,6,Jun,2011-06,Jun 2011,False,False
2011-06-25,20110625,False,2011,Q2,2011 Q2,6,Jun,2011-06,Jun 2011,False,False
2011-06-26,20110626,False,2011,Q2,2011 Q2,6,Jun,2011-06,Jun 2011,False,False
2011-06-27,20110627,False,2011,Q2,2011 Q2,6,Jun,2011-06,Jun 2011,False,False
2011-06-28,20110628,False,2011,Q2,2011 Q2,6,Jun,2011-06,Jun 2011,False,False
2011-06-29,20110629,False,2011,Q2,2011 Q2,6,Jun,2011-06,Jun 2011,False,False
2011-06-30,20110630,False,2011,Q2,2011 Q2,6,Jun,2011-06,Jun 2011,False,False
2011-07-01,20110701,True,2011,Q3,2011 Q3,7,Jul,2011-07,Jul 2011,False,False
2011-07-02,20110702,False,2011,Q3,2011 Q3,7,Jul,2011-07,Jul 2011,False,False
2011-07-03,20110703,False,2011,Q3,2011 Q3,7,Jul,2011-07,Jul 2011,False,False
2011-07-04,20110704,False,2011,Q3,2011 Q3,7,Jul,2011-07,Jul 2011,False,False
2011-07-05,20110705,False,2011,Q3,2011 Q3,7,Jul,2011-07,Jul 2011,False,False
2011-07-06,20110706,False,2011,Q3,2011 Q3,7,Jul,2011-07,Jul 2011,False,False
2011-07-07,20110707,False,2011,Q3,2011 Q3,7,Jul,2011-07,Jul 2011,False,False
2011-07-08,20110708,False,2011,Q3,2011 Q3,7,Jul,2011-07,Jul 2011,False,False
2011-07-09,20110709,False,2011,Q3,2011 Q3,7,Jul,2011-07,Jul 2011,False,False
2011-07-10,20110710,False,2011,Q3,2011 Q3,7,Jul,2011-07,Jul 2011,False,False
2011-07-11,20110711,False,2011,Q3,2011 Q3,7,Jul,2011-07,Jul 2011,False,False
2011-07-12,20110712,False,2011,Q3,2011 Q3,7,Jul,2011-07,Jul 2011,False,False
2011-07-13,20110713,False,2011,Q3,2011 Q3,7,Jul,2011-07,Jul 2011,False,False
2011-07-14,20110714,False,2011,Q3,2011 Q3,7,Jul,2011-07,Jul 2011,False,False
2011-07-15,20110715,False,2011,Q3,2011 Q3,7,Jul,2011-07,Jul 2011,False,False
2011-07-16,20110716,False,2011,Q3,2011 Q3,7,Jul,2011-07,Jul 2011,False,False
2011-07-17,20110717,False,2011,Q3,2011 Q3,7,Jul,2011-07,Jul 2011,False,False
2011-07-18,20110718,False,2011,Q3,2011 Q3,7,Jul,2011-07,Jul 2011,False,False
2011-07-19,20110719,False,2011,Q3,2011 Q3,7,Jul,2011-07,Jul 2011,False,False
2011-07-20,20110720,False,2011,Q3,2011 Q3,7,Jul,2011-07,Jul 2011,False,False
2011-07-21,20110721,False,2011,Q3,2011 Q3,7,Jul,2011-07,Jul 2011,False,False
2011-07-22,20110722,False,2011,Q3,2011 Q3,7,Jul,2011-07,Jul 2011,False,False
2011-07-23,20110723,False,2011,Q3,2011 Q3,7,Jul,2011-07,Jul 2011,False,False
2011-07-24,20110724,False,2011,Q3,2011 Q3,7,Jul,2011-07,Jul 2011,False,False
2011-07-25,20110725,False,2011,Q3,2011 Q3,7,Jul,2011-07,Jul 2011,False,False
2011-07-26,20110726,False,2011,Q3,2011 Q3,7,Jul,2011-07,Jul 2011,False,False
2011-07-27,20110727,False,2011,Q3,2011 Q3,7,Jul,2011-07,Jul 2011,False,False
2011-07-28,20110728,False,2011,Q3,2011 Q3,7,Jul,2011-07,Jul 2011,False,False
2011-07-29,20110729,False,2011,Q3,2011 Q3,7,Jul,2011-07,Jul 2011,False,False
2011-07-30,20110730,False,2011,Q3,2011 Q3,7,Jul,2011-07,Jul 2011,False,False
2011-07-31,20110731,False,2011,Q3,2011 Q3,7,Jul,2011-07,Jul 2011,False,False
2011-08-01,20110801,True,2011,Q3,2011 Q3,8,Aug,2011-08,Aug 2011,False,False
2011-08-02,20110802,False,2011,Q3,2011 Q3,8,Aug,2011-08,Aug 2011,False,False
2011-08-03,20110803,False,2011,Q3,2011 Q3,8,Aug,2011-08,Aug 2011,False,False
2011-08-04,20110804,False,2011,Q3,2011 Q3,8,Aug,2011-08,Aug 2011,False,False
2011-08-05,20110805,False,2011,Q3,2011 Q3,8,Aug,2011-08,Aug 2011,False,False
2011-08-06,20110806,False,2011,Q3,2011 Q3,8,Aug,2011-08,Aug 2011,False,False
2011-08-07,20110807,False,2011,Q3,2011 Q3,8,Aug,2011-08,Aug 2011,False,False
2011-08-08,20110808,False,2011,Q3,2011 Q3,8,Aug,2011-08,Aug 2011,False,False
2011-08-09,20110809,False,2011,Q3,2011 Q3,8,Aug,2011-08,Aug 2011,False,False
2011-08-10,20110810,False,2011,Q3,2011 Q3,8,Aug,2011-08,Aug 2011,False,False
2011-08-11,20110811,False,2011,Q3,2011 Q3,8,Aug,2011-08,Aug 2011,False,False
2011-08-12,20110812,False,2011,Q3,2011 Q3,8,Aug,2011-08,Aug 2011,False,False
2011-08-13,20110813,False,2011,Q3,2011 Q3,8,Aug,2011-08,Aug 2011,False,False
2011-08-14,20110814,False,2011,Q3,2011 Q3,8,Aug,2011-08,Aug 2011,False,False
2011-08-15,20110815,False,2011,Q3,2011 Q3,8,Aug,2011-08,Aug 2011,False,False
2011-08-16,20110816,False,2011,Q3,2011 Q3,8,Aug,2011-08,Aug 2011,False,False
2011-08-17,20110817,False,2011,Q3,2011 Q3,8,Aug,2011-08,Aug 2011,False,False
2011-08-18,20110818,False,2011,Q3,2011 Q3,8,Aug,2011-08,Aug 2011,False,False
2011-08-19,20110819,False,2011,Q3,2011 Q3,8,Aug,2011-08,Aug 2011,False,False
2011-08-20,20110820,False,2011,Q3,2011 Q3,8,Aug,2011-08,Aug 2011,False,False
2011-08-21,20110821,False,2011,Q3,2011 Q3,8,Aug,2011-08,Aug 2011,False,False
2011-08-22,20110822,False,2011,Q3,2011 Q3,8,Aug,2011-08,Aug 2011,False,False
2011-08-23,20110823,False,2011,Q3,2011 Q3,8,Aug,2011-08,Aug 2011,False,False
2011-08-24,20110824,False,2011,Q3,2011 Q3,8,Aug,2011-08,Aug 2011,False,False
2011-08-25,20110825,False,2011,Q3,2011 Q3,8,Aug,2011-08,Aug 2011,False,False
2011-08-26,20110826,False,2011,Q3,2011 Q3,8,Aug,2011-08,Aug 2011,False,False
2011-08-27,20110827,False,2011,Q3,2011 Q3,8,Aug,2011-08,Aug 2011,False,False
2011-08-28,20110828,False,2011,Q3,2011 Q3,8,Aug,2011-08,Aug 2011,False,False
2011-08-29,20110829,False,2011,Q3,2011 Q3,8,Aug,2011-08,Aug 2011,False,False
2011-08-30,20110830,False,2011,Q3,2011 Q3,8,Aug,2011-08,Aug 2011,False,False
2011-08-31,20110831,False,2011,Q3,2011 Q3,8,Aug,2011-08,Aug 2011,False,False
2011-09-01,20110901,True,2011,Q3,2011 Q3,9,Sep,2011-09,Sep 2011,False,False
2011-09-02,20110902,False,2011,Q3,2011 Q3,9,Sep,2011-09,Sep 2011,False,False
2011-09-03,20110903,False,2011,Q3,2011 Q3,9,Sep,2011-09,Sep 2011,False,False
2011-09-04,20110904,False,2011,Q3,2011 Q3,9,Sep,2011-09,Sep 2011,False,False
2011-09-05,20110905,False,2011,Q3,2011 Q3,9,Sep,2011-09,Sep 2011,False,False
2011-09-06,20110906,False,2011,Q3,2011 Q3,9,Sep,2011-09,Sep 2011,False,False
2011-09-07,20110907,False,2011,Q3,2011 Q3,9,Sep,2011-09,Sep 2011,False,False
2011-09-08,20110908,False,2011,Q3,2011 Q3,9,Sep,2011-09,Sep 2011,False,False
2011-09-09,20110909,False,2011,Q3,2011 Q3,9,Sep,2011-09,Sep 2011,False,False
2011-09-10,20110910,False,2011,Q3,2011 Q3,9,Sep,2011-09,Sep 2011,False,False
2011-09-11,20110911,False,2011,Q3,2011 Q3,9,Sep,2011-09,Sep 2011,False,False
2011-09-12,20110912,False,2011,Q3,2011 Q3,9,Sep,2011-09,Sep 2011,False,False
2011-09-13,20110913,False,2011,Q3,2011 Q3,9,Sep,2011-09,Sep 2011,False,False
2011-09-14,20110914,False,2011,Q3,2011 Q3,9,Sep,2011-09,Sep 2011,False,False
2011-09-15,20110915,False,2011,Q3,2011 Q3,9,Sep,2011-09,Sep 2011,False,False
2011-09-16,20110916,False,2011,Q3,2011 Q3,9,Sep,2011-09,Sep 2011,False,False
2011-09-17,20110917,False,2011,Q3,2011 Q3,9,Sep,2011-09,Sep 2011,False,False
2011-09-18,20110918,False,2011,Q3,2011 Q3,9,Sep,2011-09,Sep 2011,False,False
2011-09-19,20110919,False,2011,Q3,2011 Q3,9,Sep,2011-09,Sep 2011,False,False
2011-09-20,20110920,False,2011,Q3,2011 Q3,9,Sep,2011-09,Sep 2011,False,False
2011-09-21,20110921,False,2011,Q3,2011 Q3,9,Sep,2011-09,Sep 2011,False,False
2011-09-22,20110922,False,2011,Q3,2011 Q3,9,Sep,2011-09,Sep 2011,False,False
2011-09-23,20110923,False,2011,Q3,2011 Q3,9,Sep,2011-09,Sep 2011,False,False
2011-09-24,20110924,False,2011,Q3,2011 Q3,9,Sep,2011-09,Sep 2011,False,False
2011-09-25,20110925,False,2011,Q3,2011 Q3,9,Sep,2011-09,Sep 2011,False,False
2011-09-26,20110926,False,2011,Q3,2011 Q3,9,Sep,2011-09,Sep 2011,False,False
2011-09-27,20110927,False,2011,Q3,2011 Q3,9,Sep,2011-09,Sep 2011,False,False
2011-09-28,20110928,False,2011,Q3,2011 Q3,9,Sep,2011-09,Sep 2011,False,False
2011-09-29,20110929,False,2011,Q3,2011 Q3,9,Sep,2011-09,Sep 2011,False,False
2011-09-30,20110930,False,2011,Q3,2011 Q3,9,Sep,2011-09,Sep 2011,False,False
2011-10-01,20111001,True,2011,Q4,2011 Q4,10,Oct,2011-10,Oct 2011,False,False
2011-10-02,20111002,False,2011,Q4,2011 Q4,10,Oct,2011-10,Oct 2011,False,False
2011-10-03,20111003,False,2011,Q4,2011 Q4,10,Oct,2011-10,Oct 2011,False,False
2011-10-04,20111004,False,2011,Q4,2011 Q4,10,Oct,2011-10,Oct 2011,False,False
2011-10-05,20111005,False,2011,Q4,2011 Q4,10,Oct,2011-10,Oct 2011,False,False
2011-10-06,20111006,False,2011,Q4,2011 Q4,10,Oct,2011-10,Oct 2011,False,False
2011-10-07,20111007,False,2011,Q4,2011 Q4,10,Oct,2011-10,Oct 2011,False,False
2011-10-08,20111008,False,2011,Q4,2011 Q4,10,Oct,2011-10,Oct 2011,False,False
2011-10-09,20111009,False,2011,Q4,2011 Q4,10,Oct,2011-10,Oct 2011,False,False
2011-10-10,20111010,False,2011,Q4,2011 Q4,10,Oct,2011-10,Oct 2011,False,False
2011-10-11,20111011,False,2011,Q4,2011 Q4,10,Oct,2011-10,Oct 2011,False,False
2011-10-12,20111012,False,2011,Q4,2011 Q4,10,Oct,2011-10,Oct 2011,False,False
2011-10-13,20111013,False,2011,Q4,2011 Q4,10,Oct,2011-10,Oct 2011,False,False
2011-10-14,20111014,False,2011,Q4,2011 Q4,10,Oct,2011-10,Oct 2011,False,False
2011-10-15,20111015,False,2011,Q4,2011 Q4,10,Oct,2011-10,Oct 2011,False,False
2011-10-16,20111016,False,2011,Q4,2011 Q4,10,Oct,2011-10,Oct 2011,False,False
2011-10-17,20111017,False,2011,Q4,2011 Q4,10,Oct,2011-10,Oct 2011,False,False
2011-10-18,20111018,False,2011,Q4,2011 Q4,10,Oct,2011-10,Oct 2011,False,False
2011-10-19,20111019,False,2011,Q4,2011 Q4,10,Oct,2011-10,Oct 2011,False,False
2011-10-20,20111020,False,2011,Q4,2011 Q4,10,Oct,2011-10,Oct 2011,False,False
2011-10-21,20111021,False,2011,Q4,2011 Q4,10,Oct,2011-10,Oct 2011,False,False
2011-10-22,20111022,False,2011,Q4,2011 Q4,10,Oct,2011-10,Oct 2011,False,False
2011-10-23,20111023,False,2011,Q4,2011 Q4,10,Oct,2011-10,Oct 2011,False,False
2011-10-24,20111024,False,2011,Q4,2011 Q4,10,Oct,2011-10,Oct 2011,False,False
2011-10-25,20111025,False,2011,Q4,2011 Q4,10,Oct,2011-10,Oct 2011,False,False
2011-10-26,20111026,False,2011,Q4,2011 Q4,10,Oct,2011-10,Oct 2011,False,False
2011-10-27,20111027,False,2011,Q4,2011 Q4,10,Oct,2011-10,Oct 2011,False,False
2011-10-28,20111028,False,2011,Q4,2011 Q4,10,Oct,2011-10,Oct 2011,False,False
2011-10-29,20111029,False,2011,Q4,2011 Q4,10,Oct,2011-10,Oct 2011,False,False
2011-10-30,20111030,False,2011,Q4,2011 Q4,10,Oct,2011-10,Oct 2011,False,False
2011-10-31,20111031,False,2011,Q4,2011 Q4,10,Oct,2011-10,Oct 2011,False,False
2011-11-01,20111101,True,2011,Q4,2011 Q4,11,Nov,2011-11,Nov 2011,False,False
2011-11-02,20111102,False,2011,Q4,2011 Q4,11,Nov,2011-11,Nov 2011,False,False
2011-11-03,20111103,False,2011,Q4,2011 Q4,11,Nov,2011-11,Nov 2011,False,False
2011-11-04,20111104,False,2011,Q4,2011 Q4,11,Nov,2011-11,Nov 2011,False,False
2011-11-05,20111105,False,2011,Q4,2011 Q4,11,Nov,2011-11,Nov 2011,False,False
2011-11-06,20111106,False,2011,Q4,2011 Q4,11,Nov,2011-11,Nov 2011,False,False
2011-11-07,20111107,False,2011,Q4,2011 Q4,11,Nov,2011-11,Nov 2011,False,False
2011-11-08,20111108,False,2011,Q4,2011 Q4,11,Nov,2011-11,Nov 2011,False,False
2011-11-09,20111109,False,2011,Q4,2011 Q4,11,Nov,2011-11,Nov 2011,False,False
2011-11-10,20111110,False,2011,Q4,2011 Q4,11,Nov,2011-11,Nov 2011,False,False
2011-11-11,20111111,False,2011,Q4,2011 Q4,11,Nov,2011-11,Nov 2011,False,False
2011-11-12,20111112,False,2011,Q4,2011 Q4,11,Nov,2011-11,Nov 2011,False,False
2011-11-13,20111113,False,2011,Q4,2011 Q4,11,Nov,2011-11,Nov 2011,False,False
2011-11-14,20111114,False,2011,Q4,2011 Q4,11,Nov,2011-11,Nov 2011,False,False
2011-11-15,20111115,False,2011,Q4,2011 Q4,11,Nov,2011-11,Nov 2011,False,False
2011-11-16,20111116,False,2011,Q4,2011 Q4,11,Nov,2011-11,Nov 2011,False,False
2011-11-17,20111117,False,2011,Q4,2011 Q4,11,Nov,2011-11,Nov 2011,False,False
2011-11-18,20111118,False,2011,Q4,2011 Q4,11,Nov,2011-11,Nov 2011,False,False
2011-11-19,20111119,False,2011,Q4,2011 Q4,11,Nov,2011-11,Nov 2011,False,False
2011-11-20,20111120,False,2011,Q4,2011 Q4,11,Nov,2011-11,Nov 2011,False,False
2011-11-21,20111121,False,2011,Q4,2011 Q4,11,Nov,2011-11,Nov 2011,False,False
2011-11-22,20111122,False,2011,Q4,2011 Q4,11,Nov,2011-11,Nov 2011,False,False
2011-11-23,20111123,False,2011,Q4,2011 Q4,11,Nov,2011-11,Nov 2011,False,False
2011-11-24,20111124,False,2011,Q4,2011 Q4,11,Nov,2011-11,Nov 2011,False,False
2011-11-25,20111125,False,2011,Q4,2011 Q4,11,Nov,2011-11,Nov 2011,False,False
2011-11-26,20111126,False,2011,Q4,2011 Q4,11,Nov,2011-11,Nov 2011,False,False
2011-11-27,20111127,False,2011,Q4,2011 Q4,11,Nov,2011-11,Nov 2011,False,False
2011-11-28,20111128,False,2011,Q4,2011 Q4,11,Nov,2011-11,Nov 2011,False,False
2011-11-29,20111129,False,2011,Q4,2011 Q4,11,Nov,2011-11,Nov 2011,False,False
2011-11-30,20111130,False,2011,Q4,2011 Q4,11,Nov,2011-11,Nov 2011,False,False
2011-12-01,20111201,True,2011,Q4,2011 Q4,12,Dec,2011-12,Dec 2011,False,False
2011-12-02,20111202,False,2011,Q4,2011 Q4,12,Dec,2011-12,Dec 2011,False,False
2011-12-03,20111203,False,2011,Q4,2011 Q4,12,Dec,2011-12,Dec 2011,False,False
2011-12-04,20111204,False,2011,Q4,2011 Q4,12,Dec,2011-12,Dec 2011,False,False
2011-12-05,20111205,False,2011,Q4,2011 Q4,12,Dec,2011-12,Dec 2011,False,False
2011-12-06,20111206,False,2011,Q4,2011 Q4,12,Dec,2011-12,Dec 2011,False,False
2011-12-07,20111207,False,2011,Q4,2011 Q4,12,Dec,2011-12,Dec 2011,False,False
2011-12-08,20111208,False,2011,Q4,2011 Q4,12,Dec,2011-12,Dec 2011,False,False
2011-12-09,20111209,False,2011,Q4,2011 Q4,12,Dec,2011-12,Dec 2011,False,False
2011-12-10,20111210,False,2011,Q4,2011 Q4,12,Dec,2011-12,Dec 2011,False,False
2011-12-11,20111211,False,2011,Q4,2011 Q4,12,Dec,2011-12,Dec 2011,False,False
2011-12-12,20111212,False,2011,Q4,2011 Q4,12,Dec,2011-12,Dec 2011,False,False
2011-12-13,20111213,False,2011,Q4,2011 Q4,12,Dec,2011-12,Dec 2011,False,False
2011-12-14,20111214,False,2011,Q4,2011 Q4,12,Dec,2011-12,Dec 2011,False,False
2011-12-15,20111215,False,2011,Q4,2011 Q4,12,Dec,2011-12,Dec 2011,False,False
2011-12-16,20111216,False,2011,Q4,2011 Q4,12,Dec,2011-12,Dec 2011,False,False
2011-12-17,20111217,False,2011,Q4,2011 Q4,12,Dec,2011-12,Dec 2011,False,False
2011-12-18,20111218,False,2011,Q4,2011 Q4,12,Dec,2011-12,Dec 2011,False,False
2011-12-19,20111219,False,2011,Q4,2011 Q4,12,Dec,2011-12,Dec 2011,False,False
2011-12-20,20111220,False,2011,Q4,2011 Q4,12,Dec,2011-12,Dec 2011,False,False
2011-12-21,20111221,False,2011,Q4,2011 Q4,12,Dec,2011-12,Dec 2011,False,False
2011-12-22,20111222,False,2011,Q4,2011 Q4,12,Dec,2011-12,Dec 2011,False,False
2011-12-23,20111223,False,2011,Q4,2011 Q4,12,Dec,2011-12,Dec 2011,False,False
2011-12-24,20111224,False,2011,Q4,2011 Q4,12,Dec,2011-12,Dec 2011,False,False
2011-12-25,20111225,False,2011,Q4,2011 Q4,12,Dec,2011-12,Dec 2011,False,False
2011-12-26,20111226,False,2011,Q4,2011 Q4,12,Dec,2011-12,Dec 2011,False,False
2011-12-27,20111227,False,2011,Q4,2011 Q4,12,Dec,2011-12,Dec 2011,False,False
2011-12-28,20111228,False,2011,Q4,2011 Q4,12,Dec,2011-12,Dec 2011,False,False
2011-12-29,20111229,False,2011,Q4,2011 Q4,12,Dec,2011-12,Dec 2011,False,False
2011-12-30,20111230,False,2011,Q4,2011 Q4,12,Dec,2011-12,Dec 2011,False,False
2011-12-31,20111231,False,2011,Q4,2011 Q4,12,Dec,2011-12,Dec 2011,False,False
2012-01-01,20120101,True,2012,Q1,2012 Q1,1,Jan,2012-01,Jan 2012,False,False
2012-01-02,20120102,False,2012,Q1,2012 Q1,1,Jan,2012-01,Jan 2012,False,False
2012-01-03,20120103,False,2012,Q1,2012 Q1,1,Jan,2012-01,Jan 2012,False,False
2012-01-04,20120104,False,2012,Q1,2012 Q1,1,Jan,2012-01,Jan 2012,False,False
2012-01-05,20120105,False,2012,Q1,2012 Q1,1,Jan,2012-01,Jan 2012,False,False
2012-01-06,20120106,False,2012,Q1,2012 Q1,1,Jan,2012-01,Jan 2012,False,False
2012-01-07,20120107,False,2012,Q1,2012 Q1,1,Jan,2012-01,Jan 2012,False,False
2012-01-08,20120108,False,2012,Q1,2012 Q1,1,Jan,2012-01,Jan 2012,False,False
2012-01-09,20120109,False,2012,Q1,2012 Q1,1,Jan,2012-01,Jan 2012,False,False
2012-01-10,20120110,False,2012,Q1,2012 Q1,1,Jan,2012-01,Jan 2012,False,False
2012-01-11,20120111,False,2012,Q1,2012 Q1,1,Jan,2012-01,Jan 2012,False,False
2012-01-12,20120112,False,2012,Q1,2012 Q1,1,Jan,2012-01,Jan 2012,False,False
2012-01-13,20120113,False,2012,Q1,2012 Q1,1,Jan,2012-01,Jan 2012,False,False
2012-01-14,20120114,False,2012,Q1,2012 Q1,1,Jan,2012-01,Jan 2012,False,False
2012-01-15,20120115,False,2012,Q1,2012 Q1,1,Jan,2012-01,Jan 2012,False,False
2012-01-16,20120116,False,2012,Q1,2012 Q1,1,Jan,2012-01,Jan 2012,False,False
2012-01-17,20120117,False,2012,Q1,2012 Q1,1,Jan,2012-01,Jan 2012,False,False
2012-01-18,20120118,False,2012,Q1,2012 Q1,1,Jan,2012-01,Jan 2012,False,False
2012-01-19,20120119,False,2012,Q1,2012 Q1,1,Jan,2012-01,Jan 2012,False,False
2012-01-20,20120120,False,2012,Q1,2012 Q1,1,Jan,2012-01,Jan 2012,False,False
2012-01-21,20120121,False,2012,Q1,2012 Q1,1,Jan,2012-01,Jan 2012,False,False
2012-01-22,20120122,False,2012,Q1,2012 Q1,1,Jan,2012-01,Jan 2012,False,False
2012-01-23,20120123,False,2012,Q1,2012 Q1,1,Jan,2012-01,Jan 2012,False,False
2012-01-24,20120124,False,2012,Q1,2012 Q1,1,Jan,2012-01,Jan 2012,False,False
2012-01-25,20120125,False,2012,Q1,2012 Q1,1,Jan,2012-01,Jan 2012,False,False
2012-01-26,20120126,False,2012,Q1,2012 Q1,1,Jan,2012-01,Jan 2012,False,False
2012-01-27,20120127,False,2012,Q1,2012 Q1,1,Jan,2012-01,Jan 2012,False,False
2012-01-28,20120128,False,2012,Q1,2012 Q1,1,Jan,2012-01,Jan 2012,False,False
2012-01-29,20120129,False,2012,Q1,2012 Q1,1,Jan,2012-01,Jan 2012,False,False
2012-01-30,20120130,False,2012,Q1,2012 Q1,1,Jan,2012-01,Jan 2012,False,False
2012-01-31,20120131,False,2012,Q1,2012 Q1,1,Jan,2012-01,Jan 2012,False,False
2012-02-01,20120201,True,2012,Q1,2012 Q1,2,Feb,2012-02,Feb 2012,False,False
2012-02-02,20120202,False,2012,Q1,2012 Q1,2,Feb,2012-02,Feb 2012,False,False
2012-02-03,20120203,False,2012,Q1,2012 Q1,2,Feb,2012-02,Feb 2012,False,False
2012-02-04,20120204,False,2012,Q1,2012 Q1,2,Feb,2012-02,Feb 2012,False,False
2012-02-05,20120205,False,2012,Q1,2012 Q1,2,Feb,2012-02,Feb 2012,False,False
2012-02-06,20120206,False,2012,Q1,2012 Q1,2,Feb,2012-02,Feb 2012,False,False
2012-02-07,20120207,False,2012,Q1,2012 Q1,2,Feb,2012-02,Feb 2012,False,False
2012-02-08,20120208,False,2012,Q1,2012 Q1,2,Feb,2012-02,Feb 2012,False,False
2012-02-09,20120209,False,2012,Q1,2012 Q1,2,Feb,2012-02,Feb 2012,False,False
2012-02-10,20120210,False,2012,Q1,2012 Q1,2,Feb,2012-02,Feb 2012,False,False
2012-02-11,20120211,False,2012,Q1,2012 Q1,2,Feb,2012-02,Feb 2012,False,False
2012-02-12,20120212,False,2012,Q1,2012 Q1,2,Feb,2012-02,Feb 2012,False,False
2012-02-13,20120213,False,2012,Q1,2012 Q1,2,Feb,2012-02,Feb 2012,False,False
2012-02-14,20120214,False,2012,Q1,2012 Q1,2,Feb,2012-02,Feb 2012,False,False
2012-02-15,20120215,False,2012,Q1,2012 Q1,2,Feb,2012-02,Feb 2012,False,False
2012-02-16,20120216,False,2012,Q1,2012 Q1,2,Feb,2012-02,Feb 2012,False,False
2012-02-17,20120217,False,2012,Q1,2012 Q1,2,Feb,2012-02,Feb 2012,False,False
2012-02-18,20120218,False,2012,Q1,2012 Q1,2,Feb,2012-02,Feb 2012,False,False
2012-02-19,20120219,False,2012,Q1,2012 Q1,2,Feb,2012-02,Feb 2012,False,False
2012-02-20,20120220,False,2012,Q1,2012 Q1,2,Feb,2012-02,Feb 2012,False,False
2012-02-21,20120221,False,2012,Q1,2012 Q1,2,Feb,2012-02,Feb 2012,False,False
2012-02-22,20120222,False,2012,Q1,2012 Q1,2,Feb,2012-02,Feb 2012,False,False
2012-02-23,20120223,False,2012,Q1,2012 Q1,2,Feb,2012-02,Feb 2012,False,False
2012-02-24,20120224,False,2012,Q1,2012 Q1,2,Feb,2012-02,Feb 2012,False,False
2012-02-25,20120225,False,2012,Q1,2012 Q1,2,Feb,2012-02,Feb 2012,False,False
2012-02-26,20120226,False,2012,Q1,2012 Q1,2,Feb,2012-02,Feb 2012,False,False
2012-02-27,20120227,False,2012,Q1,2012 Q1,2,Feb,2012-02,Feb 2012,False,False
2012-02-28,20120228,False,2012,Q1,2012 Q1,2,Feb,2012-02,Feb 2012,False,False
2012-02-29,20120229,False,2012,Q1,2012 Q1,2,Feb,2012-02,Feb 2012,False,False
2012-03-01,20120301,True,2012,Q1,2012 Q1,3,Mar,2012-03,Mar 2012,False,False
2012-03-02,20120302,False,2012,Q1,2012 Q1,3,Mar,2012-03,Mar 2012,False,False
2012-03-03,20120303,False,2012,Q1,2012 Q1,3,Mar,2012-03,Mar 2012,False,False
2012-03-04,20120304,False,2012,Q1,2012 Q1,3,Mar,2012-03,Mar 2012,False,False
2012-03-05,20120305,False,2012,Q1,2012 Q1,3,Mar,2012-03,Mar 2012,False,False
2012-03-06,20120306,False,2012,Q1,2012 Q1,3,Mar,2012-03,Mar 2012,False,False
2012-03-07,20120307,False,2012,Q1,2012 Q1,3,Mar,2012-03,Mar 2012,False,False
2012-03-08,20120308,False,2012,Q1,2012 Q1,3,Mar,2012-03,Mar 2012,False,False
2012-03-09,20120309,False,2012,Q1,2012 Q1,3,Mar,2012-03,Mar 2012,False,False
2012-03-10,20120310,False,2012,Q1,2012 Q1,3,Mar,2012-03,Mar 2012,False,False
2012-03-11,20120311,False,2012,Q1,2012 Q1,3,Mar,2012-03,Mar 2012,False,False
2012-03-12,20120312,False,2012,Q1,2012 Q1,3,Mar,2012-03,Mar 2012,False,False
2012-03-13,20120313,False,2012,Q1,2012 Q1,3,Mar,2012-03,Mar 2012,False,False
2012-03-14,20120314,False,2012,Q1,2012 Q1,3,Mar,2012-03,Mar 2012,False,False
2012-03-15,20120315,False,2012,Q1,2012 Q1,3,Mar,2012-03,Mar 2012,False,False
2012-03-16,20120316,False,2012,Q1,2012 Q1,3,Mar,2012-03,Mar 2012,False,False
2012-03-17,20120317,False,2012,Q1,2012 Q1,3,Mar,2012-03,Mar 2012,False,False
2012-03-18,20120318,False,2012,Q1,2012 Q1,3,Mar,2012-03,Mar 2012,False,False
2012-03-19,20120319,False,2012,Q1,2012 Q1,3,Mar,2012-03,Mar 2012,False,False
2012-03-20,20120320,False,2012,Q1,2012 Q1,3,Mar,2012-03,Mar 2012,False,False
2012-03-21,20120321,False,2012,Q1,2012 Q1,3,Mar,2012-03,Mar 2012,False,False
2012-03-22,20120322,False,2012,Q1,2012 Q1,3,Mar,2012-03,Mar 2012,False,False
2012-03-23,20120323,False,2012,Q1,2012 Q1,3,Mar,2012-03,Mar 2012,False,False
2012-03-24,20120324,False,2012,Q1,2012 Q1,3,Mar,2012-03,Mar 2012,False,False
2012-03-25,20120325,False,2012,Q1,2012 Q1,3,Mar,2012-03,Mar 2012,False,False
2012-03-26,20120326,False,2012,Q1,2012 Q1,3,Mar,2012-03,Mar 2012,False,False
2012-03-27,20120327,False,2012,Q1,2012 Q1,3,Mar,2012-03,Mar 2012,False,False
2012-03-28,20120328,False,2012,Q1,2012 Q1,3,Mar,2012-03,Mar 2012,False,False
2012-03-29,20120329,False,2012,Q1,2012 Q1,3,Mar,2012-03,Mar 2012,False,False
2012-03-30,20120330,False,2012,Q1,2012 Q1,3,Mar,2012-03,Mar 2012,False,False
2012-03-31,20120331,False,2012,Q1,2012 Q1,3,Mar,2012-03,Mar 2012,False,False
2012-04-01,20120401,True,2012,Q2,2012 Q2,4,Apr,2012-04,Apr 2012,False,False
2012-04-02,20120402,False,2012,Q2,2012 Q2,4,Apr,2012-04,Apr 2012,False,False
2012-04-03,20120403,False,2012,Q2,2012 Q2,4,Apr,2012-04,Apr 2012,False,False
2012-04-04,20120404,False,2012,Q2,2012 Q2,4,Apr,2012-04,Apr 2012,False,False
2012-04-05,20120405,False,2012,Q2,2012 Q2,4,Apr,2012-04,Apr 2012,False,False
2012-04-06,20120406,False,2012,Q2,2012 Q2,4,Apr,2012-04,Apr 2012,False,False
2012-04-07,20120407,False,2012,Q2,2012 Q2,4,Apr,2012-04,Apr 2012,False,False
2012-04-08,20120408,False,2012,Q2,2012 Q2,4,Apr,2012-04,Apr 2012,False,False
2012-04-09,20120409,False,2012,Q2,2012 Q2,4,Apr,2012-04,Apr 2012,False,False
2012-04-10,20120410,False,2012,Q2,2012 Q2,4,Apr,2012-04,Apr 2012,False,False
2012-04-11,20120411,False,2012,Q2,2012 Q2,4,Apr,2012-04,Apr 2012,False,False
2012-04-12,20120412,False,2012,Q2,2012 Q2,4,Apr,2012-04,Apr 2012,False,False
2012-04-13,20120413,False,2012,Q2,2012 Q2,4,Apr,2012-04,Apr 2012,False,False
2012-04-14,20120414,False,2012,Q2,2012 Q2,4,Apr,2012-04,Apr 2012,False,False
2012-04-15,20120415,False,2012,Q2,2012 Q2,4,Apr,2012-04,Apr 2012,False,False
2012-04-16,20120416,False,2012,Q2,2012 Q2,4,Apr,2012-04,Apr 2012,False,False
2012-04-17,20120417,False,2012,Q2,2012 Q2,4,Apr,2012-04,Apr 2012,False,False
2012-04-18,20120418,False,2012,Q2,2012 Q2,4,Apr,2012-04,Apr 2012,False,False
2012-04-19,20120419,False,2012,Q2,2012 Q2,4,Apr,2012-04,Apr 2012,False,False
2012-04-20,20120420,False,2012,Q2,2012 Q2,4,Apr,2012-04,Apr 2012,False,False
2012-04-21,20120421,False,2012,Q2,2012 Q2,4,Apr,2012-04,Apr 2012,False,False
2012-04-22,20120422,False,2012,Q2,2012 Q2,4,Apr,2012-04,Apr 2012,False,False
2012-04-23,20120423,False,2012,Q2,2012 Q2,4,Apr,2012-04,Apr 2012,False,False
2012-04-24,20120424,False,2012,Q2,2012 Q2,4,Apr,2012-04,Apr 2012,False,False
2012-04-25,20120425,False,2012,Q2,2012 Q2,4,Apr,2012-04,Apr 2012,False,False
2012-04-26,20120426,False,2012,Q2,2012 Q2,4,Apr,2012-04,Apr 2012,False,False
2012-04-27,20120427,False,2012,Q2,2012 Q2,4,Apr,2012-04,Apr 2012,False,False
2012-04-28,20120428,False,2012,Q2,2012 Q2,4,Apr,2012-04,Apr 2012,False,False
2012-04-29,20120429,False,2012,Q2,2012 Q2,4,Apr,2012-04,Apr 2012,False,False
2012-04-30,20120430,False,2012,Q2,2012 Q2,4,Apr,2012-04,Apr 2012,False,False
2012-05-01,20120501,True,2012,Q2,2012 Q2,5,May,2012-05,May 2012,False,False
2012-05-02,20120502,False,2012,Q2,2012 Q2,5,May,2012-05,May 2012,False,False
2012-05-03,20120503,False,2012,Q2,2012 Q2,5,May,2012-05,May 2012,False,False
2012-05-04,20120504,False,2012,Q2,2012 Q2,5,May,2012-05,May 2012,False,False
2012-05-05,20120505,False,2012,Q2,2012 Q2,5,May,2012-05,May 2012,False,False
2012-05-06,20120506,False,2012,Q2,2012 Q2,5,May,2012-05,May 2012,False,False
2012-05-07,20120507,False,2012,Q2,2012 Q2,5,May,2012-05,May 2012,False,False
2012-05-08,20120508,False,2012,Q2,2012 Q2,5,May,2012-05,May 2012,False,False
2012-05-09,20120509,False,2012,Q2,2012 Q2,5,May,2012-05,May 2012,False,False
2012-05-10,20120510,False,2012,Q2,2012 Q2,5,May,2012-05,May 2012,False,False
2012-05-11,20120511,False,2012,Q2,2012 Q2,5,May,2012-05,May 2012,False,False
2012-05-12,20120512,False,2012,Q2,2012 Q2,5,May,2012-05,May 2012,False,False
2012-05-13,20120513,False,2012,Q2,2012 Q2,5,May,2012-05,May 2012,False,False
2012-05-14,20120514,False,2012,Q2,2012 Q2,5,May,2012-05,May 2012,False,False
2012-05-15,20120515,False,2012,Q2,2012 Q2,5,May,2012-05,May 2012,False,False
2012-05-16,20120516,False,2012,Q2,2012 Q2,5,May,2012-05,May 2012,False,False
2012-05-17,20120517,False,2012,Q2,2012 Q2,5,May,2012-05,May 2012,False,False
2012-05-18,20120518,False,2012,Q2,2012 Q2,5,May,2012-05,May 2012,False,False
2012-05-19,20120519,False,2012,Q2,2012 Q2,5,May,2012-05,May 2012,False,False
2012-05-20,20120520,False,2012,Q2,2012 Q2,5,May,2012-05,May 2012,False,False
2012-05-21,20120521,False,2012,Q2,2012 Q2,5,May,2012-05,May 2012,False,False
2012-05-22,20120522,False,2012,Q2,2012 Q2,5,May,2012-05,May 2012,False,False
2012-05-23,20120523,False,2012,Q2,2012 Q2,5,May,2012-05,May 2012,False,False
2012-05-24,20120524,False,2012,Q2,2012 Q2,5,May,2012-05,May 2012,False,False
2012-05-25,20120525,False,2012,Q2,2012 Q2,5,May,2012-05,May 2012,False,False
2012-05-26,20120526,False,2012,Q2,2012 Q2,5,May,2012-05,May 2012,False,False
2012-05-27,20120527,False,2012,Q2,2012 Q2,5,May,2012-05,May 2012,False,False
2012-05-28,20120528,False,2012,Q2,2012 Q2,5,May,2012-05,May 2012,False,False
2012-05-29,20120529,False,2012,Q2,2012 Q2,5,May,2012-05,May 2012,False,False
2012-05-30,20120530,False,2012,Q2,2012 Q2,5,May,2012-05,May 2012,False,False
2012-05-31,20120531,False,2012,Q2,2012 Q2,5,May,2012-05,May 2012,False,False
2012-06-01,20120601,True,2012,Q2,2012 Q2,6,Jun,2012-06,Jun 2012,False,False
2012-06-02,20120602,False,2012,Q2,2012 Q2,6,Jun,2012-06,Jun 2012,False,False
2012-06-03,20120603,False,2012,Q2,2012 Q2,6,Jun,2012-06,Jun 2012,False,False
2012-06-04,20120604,False,2012,Q2,2012 Q2,6,Jun,2012-06,Jun 2012,False,False
2012-06-05,20120605,False,2012,Q2,2012 Q2,6,Jun,2012-06,Jun 2012,False,False
2012-06-06,20120606,False,2012,Q2,2012 Q2,6,Jun,2012-06,Jun 2012,False,False
2012-06-07,20120607,False,2012,Q2,2012 Q2,6,Jun,2012-06,Jun 2012,False,False
2012-06-08,20120608,False,2012,Q2,2012 Q2,6,Jun,2012-06,Jun 2012,False,False
2012-06-09,20120609,False,2012,Q2,2012 Q2,6,Jun,2012-06,Jun 2012,False,False
2012-06-10,20120610,False,2012,Q2,2012 Q2,6,Jun,2012-06,Jun 2012,False,False
2012-06-11,20120611,False,2012,Q2,2012 Q2,6,Jun,2012-06,Jun 2012,False,False
2012-06-12,20120612,False,2012,Q2,2012 Q2,6,Jun,2012-06,Jun 2012,False,False
2012-06-13,20120613,False,2012,Q2,2012 Q2,6,Jun,2012-06,Jun 2012,False,False
2012-06-14,20120614,False,2012,Q2,2012 Q2,6,Jun,2012-06,Jun 2012,False,False
2012-06-15,20120615,False,2012,Q2,2012 Q2,6,Jun,2012-06,Jun 2012,False,False
2012-06-16,20120616,False,2012,Q2,2012 Q2,6,Jun,2012-06,Jun 2012,False,False
2012-06-17,20120617,False,2012,Q2,2012 Q2,6,Jun,2012-06,Jun 2012,False,False
2012-06-18,20120618,False,2012,Q2,2012 Q2,6,Jun,2012-06,Jun 2012,False,False
2012-06-19,20120619,False,2012,Q2,2012 Q2,6,Jun,2012-06,Jun 2012,False,False
2012-06-20,20120620,False,2012,Q2,2012 Q2,6,Jun,2012-06,Jun 2012,False,False
2012-06-21,20120621,False,2012,Q2,2012 Q2,6,Jun,2012-06,Jun 2012,False,False
2012-06-22,20120622,False,2012,Q2,2012 Q2,6,Jun,2012-06,Jun 2012,False,False
2012-06-23,20120623,False,2012,Q2,2012 Q2,6,Jun,2012-06,Jun 2012,False,False
2012-06-24,20120624,False,2012,Q2,2012 Q2,6,Jun,2012-06,Jun 2012,False,False
2012-06-25,20120625,False,2012,Q2,2012 Q2,6,Jun,2012-06,Jun 2012,False,False
2012-06-26,20120626,False,2012,Q2,2012 Q2,6,Jun,2012-06,Jun 2012,False,False
2012-06-27,20120627,False,2012,Q2,2012 Q2,6,Jun,2012-06,Jun 2012,False,False
2012-06-28,20120628,False,2012,Q2,2012 Q2,6,Jun,2012-06,Jun 2012,False,False
2012-06-29,20120629,False,2012,Q2,2012 Q2,6,Jun,2012-06,Jun 2012,False,False
2012-06-30,20120630,False,2012,Q2,2012 Q2,6,Jun,2012-06,Jun 2012,False,False
2012-07-01,20120701,True,2012,Q3,2012 Q3,7,Jul,2012-07,Jul 2012,False,False
2012-07-02,20120702,False,2012,Q3,2012 Q3,7,Jul,2012-07,Jul 2012,False,False
2012-07-03,20120703,False,2012,Q3,2012 Q3,7,Jul,2012-07,Jul 2012,False,False
2012-07-04,20120704,False,2012,Q3,2012 Q3,7,Jul,2012-07,Jul 2012,False,False
2012-07-05,20120705,False,2012,Q3,2012 Q3,7,Jul,2012-07,Jul 2012,False,False
2012-07-06,20120706,False,2012,Q3,2012 Q3,7,Jul,2012-07,Jul 2012,False,False
2012-07-07,20120707,False,2012,Q3,2012 Q3,7,Jul,2012-07,Jul 2012,False,False
2012-07-08,20120708,False,2012,Q3,2012 Q3,7,Jul,2012-07,Jul 2012,False,False
2012-07-09,20120709,False,2012,Q3,2012 Q3,7,Jul,2012-07,Jul 2012,False,False
2012-07-10,20120710,False,2012,Q3,2012 Q3,7,Jul,2012-07,Jul 2012,False,False
2012-07-11,20120711,False,2012,Q3,2012 Q3,7,Jul,2012-07,Jul 2012,False,False
2012-07-12,20120712,False,2012,Q3,2012 Q3,7,Jul,2012-07,Jul 2012,False,False
2012-07-13,20120713,False,2012,Q3,2012 Q3,7,Jul,2012-07,Jul 2012,False,False
2012-07-14,20120714,False,2012,Q3,2012 Q3,7,Jul,2012-07,Jul 2012,False,False
2012-07-15,20120715,False,2012,Q3,2012 Q3,7,Jul,2012-07,Jul 2012,False,False
2012-07-16,20120716,False,2012,Q3,2012 Q3,7,Jul,2012-07,Jul 2012,False,False
2012-07-17,20120717,False,2012,Q3,2012 Q3,7,Jul,2012-07,Jul 2012,False,False
2012-07-18,20120718,False,2012,Q3,2012 Q3,7,Jul,2012-07,Jul 2012,False,False
2012-07-19,20120719,False,2012,Q3,2012 Q3,7,Jul,2012-07,Jul 2012,False,False
2012-07-20,20120720,False,2012,Q3,2012 Q3,7,Jul,2012-07,Jul 2012,False,False
2012-07-21,20120721,False,2012,Q3,2012 Q3,7,Jul,2012-07,Jul 2012,False,False
2012-07-22,20120722,False,2012,Q3,2012 Q3,7,Jul,2012-07,Jul 2012,False,False
2012-07-23,20120723,False,2012,Q3,2012 Q3,7,Jul,2012-07,Jul 2012,False,False
2012-07-24,20120724,False,2012,Q3,2012 Q3,7,Jul,2012-07,Jul 2012,False,False
2012-07-25,20120725,False,2012,Q3,2012 Q3,7,Jul,2012-07,Jul 2012,False,False
2012-07-26,20120726,False,2012,Q3,2012 Q3,7,Jul,2012-07,Jul 2012,False,False
2012-07-27,20120727,False,2012,Q3,2012 Q3,7,Jul,2012-07,Jul 2012,False,False
2012-07-28,20120728,False,2012,Q3,2012 Q3,7,Jul,2012-07,Jul 2012,False,False
2012-07-29,20120729,False,2012,Q3,2012 Q3,7,Jul,2012-07,Jul 2012,False,False
2012-07-30,20120730,False,2012,Q3,2012 Q3,7,Jul,2012-07,Jul 2012,False,False
2012-07-31,20120731,False,2012,Q3,2012 Q3,7,Jul,2012-07,Jul 2012,False,False
2012-08-01,20120801,True,2012,Q3,2012 Q3,8,Aug,2012-08,Aug 2012,False,False
2012-08-02,20120802,False,2012,Q3,2012 Q3,8,Aug,2012-08,Aug 2012,False,False
2012-08-03,20120803,False,2012,Q3,2012 Q3,8,Aug,2012-08,Aug 2012,False,False
2012-08-04,20120804,False,2012,Q3,2012 Q3,8,Aug,2012-08,Aug 2012,False,False
2012-08-05,20120805,False,2012,Q3,2012 Q3,8,Aug,2012-08,Aug 2012,False,False
2012-08-06,20120806,False,2012,Q3,2012 Q3,8,Aug,2012-08,Aug 2012,False,False
2012-08-07,20120807,False,2012,Q3,2012 Q3,8,Aug,2012-08,Aug 2012,False,False
2012-08-08,20120808,False,2012,Q3,2012 Q3,8,Aug,2012-08,Aug 2012,False,False
2012-08-09,20120809,False,2012,Q3,2012 Q3,8,Aug,2012-08,Aug 2012,False,False
2012-08-10,20120810,False,2012,Q3,2012 Q3,8,Aug,2012-08,Aug 2012,False,False
2012-08-11,20120811,False,2012,Q3,2012 Q3,8,Aug,2012-08,Aug 2012,False,False
2012-08-12,20120812,False,2012,Q3,2012 Q3,8,Aug,2012-08,Aug 2012,False,False
2012-08-13,20120813,False,2012,Q3,2012 Q3,8,Aug,2012-08,Aug 2012,False,False
2012-08-14,20120814,False,2012,Q3,2012 Q3,8,Aug,2012-08,Aug 2012,False,False
2012-08-15,20120815,False,2012,Q3,2012 Q3,8,Aug,2012-08,Aug 2012,False,False
2012-08-16,20120816,False,2012,Q3,2012 Q3,8,Aug,2012-08,Aug 2012,False,False
2012-08-17,20120817,False,2012,Q3,2012 Q3,8,Aug,2012-08,Aug 2012,False,False
2012-08-18,20120818,False,2012,Q3,2012 Q3,8,Aug,2012-08,Aug 2012,False,False
2012-08-19,20120819,False,2012,Q3,2012 Q3,8,Aug,2012-08,Aug 2012,False,False
2012-08-20,20120820,False,2012,Q3,2012 Q3,8,Aug,2012-08,Aug 2012,False,False
2012-08-21,20120821,False,2012,Q3,2012 Q3,8,Aug,2012-08,Aug 2012,False,False
2012-08-22,20120822,False,2012,Q3,2012 Q3,8,Aug,2012-08,Aug 2012,False,False
2012-08-23,20120823,False,2012,Q3,2012 Q3,8,Aug,2012-08,Aug 2012,False,False
2012-08-24,20120824,False,2012,Q3,2012 Q3,8,Aug,2012-08,Aug 2012,False,False
2012-08-25,20120825,False,2012,Q3,2012 Q3,8,Aug,2012-08,Aug 2012,False,False
2012-08-26,20120826,False,2012,Q3,2012 Q3,8,Aug,2012-08,Aug 2012,False,False
2012-08-27,20120827,False,2012,Q3,2012 Q3,8,Aug,2012-08,Aug 2012,False,False
2012-08-28,20120828,False,2012,Q3,2012 Q3,8,Aug,2012-08,Aug 2012,False,False
2012-08-29,20120829,False,2012,Q3,2012 Q3,8,Aug,2012-08,Aug 2012,False,False
2012-08-30,20120830,False,2012,Q3,2012 Q3,8,Aug,2012-08,Aug 2012,False,False
2012-08-31,20120831,False,2012,Q3,2012 Q3,8,Aug,2012-08,Aug 2012,False,False
2012-09-01,20120901,True,2012,Q3,2012 Q3,9,Sep,2012-09,Sep 2012,False,False
2012-09-02,20120902,False,2012,Q3,2012 Q3,9,Sep,2012-09,Sep 2012,False,False
2012-09-03,20120903,False,2012,Q3,2012 Q3,9,Sep,2012-09,Sep 2012,False,False
2012-09-04,20120904,False,2012,Q3,2012 Q3,9,Sep,2012-09,Sep 2012,False,False
2012-09-05,20120905,False,2012,Q3,2012 Q3,9,Sep,2012-09,Sep 2012,False,False
2012-09-06,20120906,False,2012,Q3,2012 Q3,9,Sep,2012-09,Sep 2012,False,False
2012-09-07,20120907,False,2012,Q3,2012 Q3,9,Sep,2012-09,Sep 2012,False,False
2012-09-08,20120908,False,2012,Q3,2012 Q3,9,Sep,2012-09,Sep 2012,False,False
2012-09-09,20120909,False,2012,Q3,2012 Q3,9,Sep,2012-09,Sep 2012,False,False
2012-09-10,20120910,False,2012,Q3,2012 Q3,9,Sep,2012-09,Sep 2012,False,False
2012-09-11,20120911,False,2012,Q3,2012 Q3,9,Sep,2012-09,Sep 2012,False,False
2012-09-12,20120912,False,2012,Q3,2012 Q3,9,Sep,2012-09,Sep 2012,False,False
2012-09-13,20120913,False,2012,Q3,2012 Q3,9,Sep,2012-09,Sep 2012,False,False
2012-09-14,20120914,False,2012,Q3,2012 Q3,9,Sep,2012-09,Sep 2012,False,False
2012-09-15,20120915,False,2012,Q3,2012 Q3,9,Sep,2012-09,Sep 2012,False,False
2012-09-16,20120916,False,2012,Q3,2012 Q3,9,Sep,2012-09,Sep 2012,False,False
2012-09-17,20120917,False,2012,Q3,2012 Q3,9,Sep,2012-09,Sep 2012,False,False
2012-09-18,20120918,False,2012,Q3,2012 Q3,9,Sep,2012-09,Sep 2012,False,False
2012-09-19,20120919,False,2012,Q3,2012 Q3,9,Sep,2012-09,Sep 2012,False,False
2012-09-20,20120920,False,2012,Q3,2012 Q3,9,Sep,2012-09,Sep 2012,False,False
2012-09-21,20120921,False,2012,Q3,2012 Q3,9,Sep,2012-09,Sep 2012,False,False
2012-09-22,20120922,False,2012,Q3,2012 Q3,9,Sep,2012-09,Sep 2012,False,False
2012-09-23,20120923,False,2012,Q3,2012 Q3,9,Sep,2012-09,Sep 2012,False,False
2012-09-24,20120924,False,2012,Q3,2012 Q3,9,Sep,2012-09,Sep 2012,False,False
2012-09-25,20120925,False,2012,Q3,2012 Q3,9,Sep,2012-09,Sep 2012,False,False
2012-09-26,20120926,False,2012,Q3,2012 Q3,9,Sep,2012-09,Sep 2012,False,False
2012-09-27,20120927,False,2012,Q3,2012 Q3,9,Sep,2012-09,Sep 2012,False,False
2012-09-28,20120928,False,2012,Q3,2012 Q3,9,Sep,2012-09,Sep 2012,False,False
2012-09-29,20120929,False,2012,Q3,2012 Q3,9,Sep,2012-09,Sep 2012,False,False
2012-09-30,20120930,False,2012,Q3,2012 Q3,9,Sep,2012-09,Sep 2012,False,False
2012-10-01,20121001,True,2012,Q4,2012 Q4,10,Oct,2012-10,Oct 2012,False,False
2012-10-02,20121002,False,2012,Q4,2012 Q4,10,Oct,2012-10,Oct 2012,False,False
2012-10-03,20121003,False,2012,Q4,2012 Q4,10,Oct,2012-10,Oct 2012,False,False
2012-10-04,20121004,False,2012,Q4,2012 Q4,10,Oct,2012-10,Oct 2012,False,False
2012-10-05,20121005,False,2012,Q4,2012 Q4,10,Oct,2012-10,Oct 2012,False,False
2012-10-06,20121006,False,2012,Q4,2012 Q4,10,Oct,2012-10,Oct 2012,False,False
2012-10-07,20121007,False,2012,Q4,2012 Q4,10,Oct,2012-10,Oct 2012,False,False
2012-10-08,20121008,False,2012,Q4,2012 Q4,10,Oct,2012-10,Oct 2012,False,False
2012-10-09,20121009,False,2012,Q4,2012 Q4,10,Oct,2012-10,Oct 2012,False,False
2012-10-10,20121010,False,2012,Q4,2012 Q4,10,Oct,2012-10,Oct 2012,False,False
2012-10-11,20121011,False,2012,Q4,2012 Q4,10,Oct,2012-10,Oct 2012,False,False
2012-10-12,20121012,False,2012,Q4,2012 Q4,10,Oct,2012-10,Oct 2012,False,False
2012-10-13,20121013,False,2012,Q4,2012 Q4,10,Oct,2012-10,Oct 2012,False,False
2012-10-14,20121014,False,2012,Q4,2012 Q4,10,Oct,2012-10,Oct 2012,False,False
2012-10-15,20121015,False,2012,Q4,2012 Q4,10,Oct,2012-10,Oct 2012,False,False
2012-10-16,20121016,False,2012,Q4,2012 Q4,10,Oct,2012-10,Oct 2012,False,False
2012-10-17,20121017,False,2012,Q4,2012 Q4,10,Oct,2012-10,Oct 2012,False,False
2012-10-18,20121018,False,2012,Q4,2012 Q4,10,Oct,2012-10,Oct 2012,False,False
2012-10-19,20121019,False,2012,Q4,2012 Q4,10,Oct,2012-10,Oct 2012,False,False
2012-10-20,20121020,False,2012,Q4,2012 Q4,10,Oct,2012-10,Oct 2012,False,False
2012-10-21,20121021,False,2012,Q4,2012 Q4,10,Oct,2012-10,Oct 2012,False,False
2012-10-22,20121022,False,2012,Q4,2012 Q4,10,Oct,2012-10,Oct 2012,False,False
2012-10-23,20121023,False,2012,Q4,2012 Q4,10,Oct,2012-10,Oct 2012,False,False
2012-10-24,20121024,False,2012,Q4,2012 Q4,10,Oct,2012-10,Oct 2012,False,False
2012-10-25,20121025,False,2012,Q4,2012 Q4,10,Oct,2012-10,Oct 2012,False,False
2012-10-26,20121026,False,2012,Q4,2012 Q4,10,Oct,2012-10,Oct 2012,False,False
2012-10-27,20121027,False,2012,Q4,2012 Q4,10,Oct,2012-10,Oct 2012,False,False
2012-10-28,20121028,False,2012,Q4,2012 Q4,10,Oct,2012-10,Oct 2012,False,False
2012-10-29,20121029,False,2012,Q4,2012 Q4,10,Oct,2012-10,Oct 2012,False,False
2012-10-30,20121030,False,2012,Q4,2012 Q4,10,Oct,2012-10,Oct 2012,False,False
2012-10-31,20121031,False,2012,Q4,2012 Q4,10,Oct,2012-10,Oct 2012,False,False
2012-11-01,20121101,True,2012,Q4,2012 Q4,11,Nov,2012-11,Nov 2012,False,False
2012-11-02,20121102,False,2012,Q4,2012 Q4,11,Nov,2012-11,Nov 2012,False,False
2012-11-03,20121103,False,2012,Q4,2012 Q4,11,Nov,2012-11,Nov 2012,False,False
2012-11-04,20121104,False,2012,Q4,2012 Q4,11,Nov,2012-11,Nov 2012,False,False
2012-11-05,20121105,False,2012,Q4,2012 Q4,11,Nov,2012-11,Nov 2012,False,False
2012-11-06,20121106,False,2012,Q4,2012 Q4,11,Nov,2012-11,Nov 2012,False,False
2012-11-07,20121107,False,2012,Q4,2012 Q4,11,Nov,2012-11,Nov 2012,False,False
2012-11-08,20121108,False,2012,Q4,2012 Q4,11,Nov,2012-11,Nov 2012,False,False
2012-11-09,20121109,False,2012,Q4,2012 Q4,11,Nov,2012-11,Nov 2012,False,False
2012-11-10,20121110,False,2012,Q4,2012 Q4,11,Nov,2012-11,Nov 2012,False,False
2012-11-11,20121111,False,2012,Q4,2012 Q4,11,Nov,2012-11,Nov 2012,False,False
2012-11-12,20121112,False,2012,Q4,2012 Q4,11,Nov,2012-11,Nov 2012,False,False
2012-11-13,20121113,False,2012,Q4,2012 Q4,11,Nov,2012-11,Nov 2012,False,False
2012-11-14,20121114,False,2012,Q4,2012 Q4,11,Nov,2012-11,Nov 2012,False,False
2012-11-15,20121115,False,2012,Q4,2012 Q4,11,Nov,2012-11,Nov 2012,False,False
2012-11-16,20121116,False,2012,Q4,2012 Q4,11,Nov,2012-11,Nov 2012,False,False
2012-11-17,20121117,False,2012,Q4,2012 Q4,11,Nov,2012-11,Nov 2012,False,False
2012-11-18,20121118,False,2012,Q4,2012 Q4,11,Nov,2012-11,Nov 2012,False,False
2012-11-19,20121119,False,2012,Q4,2012 Q4,11,Nov,2012-11,Nov 2012,False,False
2012-11-20,20121120,False,2012,Q4,2012 Q4,11,Nov,2012-11,Nov 2012,False,False
2012-11-21,20121121,False,2012,Q4,2012 Q4,11,Nov,2012-11,Nov 2012,False,False
2012-11-22,20121122,False,2012,Q4,2012 Q4,11,Nov,2012-11,Nov 2012,False,False
2012-11-23,20121123,False,2012,Q4,2012 Q4,11,Nov,2012-11,Nov 2012,False,False
2012-11-24,20121124,False,2012,Q4,2012 Q4,11,Nov,2012-11,Nov 2012,False,False
2012-11-25,20121125,False,2012,Q4,2012 Q4,11,Nov,2012-11,Nov 2012,False,False
2012-11-26,20121126,False,2012,Q4,2012 Q4,11,Nov,2012-11,Nov 2012,False,False
2012-11-27,20121127,False,2012,Q4,2012 Q4,11,Nov,2012-11,Nov 2012,False,False
2012-11-28,20121128,False,2012,Q4,2012 Q4,11,Nov,2012-11,Nov 2012,False,False
2012-11-29,20121129,False,2012,Q4,2012 Q4,11,Nov,2012-11,Nov 2012,False,False
2012-11-30,20121130,False,2012,Q4,2012 Q4,11,Nov,2012-11,Nov 2012,False,False
2012-12-01,20121201,True,2012,Q4,2012 Q4,12,Dec,2012-12,Dec 2012,False,False
2012-12-02,20121202,False,2012,Q4,2012 Q4,12,Dec,2012-12,Dec 2012,False,False
2012-12-03,20121203,False,2012,Q4,2012 Q4,12,Dec,2012-12,Dec 2012,False,False
2012-12-04,20121204,False,2012,Q4,2012 Q4,12,Dec,2012-12,Dec 2012,False,False
2012-12-05,20121205,False,2012,Q4,2012 Q4,12,Dec,2012-12,Dec 2012,False,False
2012-12-06,20121206,False,2012,Q4,2012 Q4,12,Dec,2012-12,Dec 2012,False,False
2012-12-07,20121207,False,2012,Q4,2012 Q4,12,Dec,2012-12,Dec 2012,False,False
2012-12-08,20121208,False,2012,Q4,2012 Q4,12,Dec,2012-12,Dec 2012,False,False
2012-12-09,20121209,False,2012,Q4,2012 Q4,12,Dec,2012-12,Dec 2012,False,False
2012-12-10,20121210,False,2012,Q4,2012 Q4,12,Dec,2012-12,Dec 2012,False,False
2012-12-11,20121211,False,2012,Q4,2012 Q4,12,Dec,2012-12,Dec 2012,False,False
2012-12-12,20121212,False,2012,Q4,2012 Q4,12,Dec,2012-12,Dec 2012,False,False
2012-12-13,20121213,False,2012,Q4,2012 Q4,12,Dec,2012-12,Dec 2012,False,False
2012-12-14,20121214,False,2012,Q4,2012 Q4,12,Dec,2012-12,Dec 2012,False,False
2012-12-15,20121215,False,2012,Q4,2012 Q4,12,Dec,2012-12,Dec 2012,False,False
2012-12-16,20121216,False,2012,Q4,2012 Q4,12,Dec,2012-12,Dec 2012,False,False
2012-12-17,20121217,False,2012,Q4,2012 Q4,12,Dec,2012-12,Dec 2012,False,False
2012-12-18,20121218,False,2012,Q4,2012 Q4,12,Dec,2012-12,Dec 2012,False,False
2012-12-19,20121219,False,2012,Q4,2012 Q4,12,Dec,2012-12,Dec 2012,False,False
2012-12-20,20121220,False,2012,Q4,2012 Q4,12,Dec,2012-12,Dec 2012,False,False
2012-12-21,20121221,False,2012,Q4,2012 Q4,12,Dec,2012-12,Dec 2012,False,False
2012-12-22,20121222,False,2012,Q4,2012 Q4,12,Dec,2012-12,Dec 2012,False,False
2012-12-23,20121223,False,2012,Q4,2012 Q4,12,Dec,2012-12,Dec 2012,False,False
2012-12-24,20121224,False,2012,Q4,2012 Q4,12,Dec,2012-12,Dec 2012,False,False
2012-12-25,20121225,False,2012,Q4,2012 Q4,12,Dec,2012-12,Dec 2012,False,False
2012-12-26,20121226,False,2012,Q4,2012 Q4,12,Dec,2012-12,Dec 2012,False,False
2012-12-27,20121227,False,2012,Q4,2012 Q4,12,Dec,2012-12,Dec 2012,False,False
2012-12-28,20121228,False,2012,Q4,2012 Q4,12,Dec,2012-12,Dec 2012,False,False
2012-12-29,20121229,False,2012,Q4,2012 Q4,12,Dec,2012-12,Dec 2012,False,False
2012-12-30,20121230,False,2012,Q4,2012 Q4,12,Dec,2012-12,Dec 2012,False,False
2012-12-31,20121231,False,2012,Q4,2012 Q4,12,Dec,2012-12,Dec 2012,False,False
2013-01-01,20130101,True,2013,Q1,2013 Q1,1,Jan,2013-01,Jan 2013,False,False
2013-01-02,20130102,False,2013,Q1,2013 Q1,1,Jan,2013-01,Jan 2013,False,False
2013-01-03,20130103,False,2013,Q1,2013 Q1,1,Jan,2013-01,Jan 2013,False,False
2013-01-04,20130104,False,2013,Q1,2013 Q1,1,Jan,2013-01,Jan 2013,False,False
2013-01-05,20130105,False,2013,Q1,2013 Q1,1,Jan,2013-01,Jan 2013,False,False
2013-01-06,20130106,False,2013,Q1,2013 Q1,1,Jan,2013-01,Jan 2013,False,False
2013-01-07,20130107,False,2013,Q1,2013 Q1,1,Jan,2013-01,Jan 2013,False,False
2013-01-08,20130108,False,2013,Q1,2013 Q1,1,Jan,2013-01,Jan 2013,False,False
2013-01-09,20130109,False,2013,Q1,2013 Q1,1,Jan,2013-01,Jan 2013,False,False
2013-01-10,20130110,False,2013,Q1,2013 Q1,1,Jan,2013-01,Jan 2013,False,False
2013-01-11,20130111,False,2013,Q1,2013 Q1,1,Jan,2013-01,Jan 2013,False,False
2013-01-12,20130112,False,2013,Q1,2013 Q1,1,Jan,2013-01,Jan 2013,False,False
2013-01-13,20130113,False,2013,Q1,2013 Q1,1,Jan,2013-01,Jan 2013,False,False
2013-01-14,20130114,False,2013,Q1,2013 Q1,1,Jan,2013-01,Jan 2013,False,False
2013-01-15,20130115,False,2013,Q1,2013 Q1,1,Jan,2013-01,Jan 2013,False,False
2013-01-16,20130116,False,2013,Q1,2013 Q1,1,Jan,2013-01,Jan 2013,False,False
2013-01-17,20130117,False,2013,Q1,2013 Q1,1,Jan,2013-01,Jan 2013,False,False
2013-01-18,20130118,False,2013,Q1,2013 Q1,1,Jan,2013-01,Jan 2013,False,False
2013-01-19,20130119,False,2013,Q1,2013 Q1,1,Jan,2013-01,Jan 2013,False,False
2013-01-20,20130120,False,2013,Q1,2013 Q1,1,Jan,2013-01,Jan 2013,False,False
2013-01-21,20130121,False,2013,Q1,2013 Q1,1,Jan,2013-01,Jan 2013,False,False
2013-01-22,20130122,False,2013,Q1,2013 Q1,1,Jan,2013-01,Jan 2013,False,False
2013-01-23,20130123,False,2013,Q1,2013 Q1,1,Jan,2013-01,Jan 2013,False,False
2013-01-24,20130124,False,2013,Q1,2013 Q1,1,Jan,2013-01,Jan 2013,False,False
2013-01-25,20130125,False,2013,Q1,2013 Q1,1,Jan,2013-01,Jan 2013,False,False
2013-01-26,20130126,False,2013,Q1,2013 Q1,1,Jan,2013-01,Jan 2013,False,False
2013-01-27,20130127,False,2013,Q1,2013 Q1,1,Jan,2013-01,Jan 2013,False,False
2013-01-28,20130128,False,2013,Q1,2013 Q1,1,Jan,2013-01,Jan 2013,False,False
2013-01-29,20130129,False,2013,Q1,2013 Q1,1,Jan,2013-01,Jan 2013,False,False
2013-01-30,20130130,False,2013,Q1,2013 Q1,1,Jan,2013-01,Jan 2013,False,False
2013-01-31,20130131,False,2013,Q1,2013 Q1,1,Jan,2013-01,Jan 2013,False,False
2013-02-01,20130201,True,2013,Q1,2013 Q1,2,Feb,2013-02,Feb 2013,False,False
2013-02-02,20130202,False,2013,Q1,2013 Q1,2,Feb,2013-02,Feb 2013,False,False
2013-02-03,20130203,False,2013,Q1,2013 Q1,2,Feb,2013-02,Feb 2013,False,False
2013-02-04,20130204,False,2013,Q1,2013 Q1,2,Feb,2013-02,Feb 2013,False,False
2013-02-05,20130205,False,2013,Q1,2013 Q1,2,Feb,2013-02,Feb 2013,False,False
2013-02-06,20130206,False,2013,Q1,2013 Q1,2,Feb,2013-02,Feb 2013,False,False
2013-02-07,20130207,False,2013,Q1,2013 Q1,2,Feb,2013-02,Feb 2013,False,False
2013-02-08,20130208,False,2013,Q1,2013 Q1,2,Feb,2013-02,Feb 2013,False,False
2013-02-09,20130209,False,2013,Q1,2013 Q1,2,Feb,2013-02,Feb 2013,False,False
2013-02-10,20130210,False,2013,Q1,2013 Q1,2,Feb,2013-02,Feb 2013,False,False
2013-02-11,20130211,False,2013,Q1,2013 Q1,2,Feb,2013-02,Feb 2013,False,False
2013-02-12,20130212,False,2013,Q1,2013 Q1,2,Feb,2013-02,Feb 2013,False,False
2013-02-13,20130213,False,2013,Q1,2013 Q1,2,Feb,2013-02,Feb 2013,False,False
2013-02-14,20130214,False,2013,Q1,2013 Q1,2,Feb,2013-02,Feb 2013,False,False
2013-02-15,20130215,False,2013,Q1,2013 Q1,2,Feb,2013-02,Feb 2013,False,False
2013-02-16,20130216,False,2013,Q1,2013 Q1,2,Feb,2013-02,Feb 2013,False,False
2013-02-17,20130217,False,2013,Q1,2013 Q1,2,Feb,2013-02,Feb 2013,False,False
2013-02-18,20130218,False,2013,Q1,2013 Q1,2,Feb,2013-02,Feb 2013,False,False
2013-02-19,20130219,False,2013,Q1,2013 Q1,2,Feb,2013-02,Feb 2013,False,False
2013-02-20,20130220,False,2013,Q1,2013 Q1,2,Feb,2013-02,Feb 2013,False,False
2013-02-21,20130221,False,2013,Q1,2013 Q1,2,Feb,2013-02,Feb 2013,False,False
2013-02-22,20130222,False,2013,Q1,2013 Q1,2,Feb,2013-02,Feb 2013,False,False
2013-02-23,20130223,False,2013,Q1,2013 Q1,2,Feb,2013-02,Feb 2013,False,False
2013-02-24,20130224,False,2013,Q1,2013 Q1,2,Feb,2013-02,Feb 2013,False,False
2013-02-25,20130225,False,2013,Q1,2013 Q1,2,Feb,2013-02,Feb 2013,False,False
2013-02-26,20130226,False,2013,Q1,2013 Q1,2,Feb,2013-02,Feb 2013,False,False
2013-02-27,20130227,False,2013,Q1,2013 Q1,2,Feb,2013-02,Feb 2013,False,False
2013-02-28,20130228,False,2013,Q1,2013 Q1,2,Feb,2013-02,Feb 2013,False,False
2013-03-01,20130301,True,2013,Q1,2013 Q1,3,Mar,2013-03,Mar 2013,False,False
2013-03-02,20130302,False,2013,Q1,2013 Q1,3,Mar,2013-03,Mar 2013,False,False
2013-03-03,20130303,False,2013,Q1,2013 Q1,3,Mar,2013-03,Mar 2013,False,False
2013-03-04,20130304,False,2013,Q1,2013 Q1,3,Mar,2013-03,Mar 2013,False,False
2013-03-05,20130305,False,2013,Q1,2013 Q1,3,Mar,2013-03,Mar 2013,False,False
2013-03-06,20130306,False,2013,Q1,2013 Q1,3,Mar,2013-03,Mar 2013,False,False
2013-03-07,20130307,False,2013,Q1,2013 Q1,3,Mar,2013-03,Mar 2013,False,False
2013-03-08,20130308,False,2013,Q1,2013 Q1,3,Mar,2013-03,Mar 2013,False,False
2013-03-09,20130309,False,2013,Q1,2013 Q1,3,Mar,2013-03,Mar 2013,False,False
2013-03-10,20130310,False,2013,Q1,2013 Q1,3,Mar,2013-03,Mar 2013,False,False
2013-03-11,20130311,False,2013,Q1,2013 Q1,3,Mar,2013-03,Mar 2013,False,False
2013-03-12,20130312,False,2013,Q1,2013 Q1,3,Mar,2013-03,Mar 2013,False,False
2013-03-13,20130313,False,2013,Q1,2013 Q1,3,Mar,2013-03,Mar 2013,False,False
2013-03-14,20130314,False,2013,Q1,2013 Q1,3,Mar,2013-03,Mar 2013,False,False
2013-03-15,20130315,False,2013,Q1,2013 Q1,3,Mar,2013-03,Mar 2013,False,False
2013-03-16,20130316,False,2013,Q1,2013 Q1,3,Mar,2013-03,Mar 2013,False,False
2013-03-17,20130317,False,2013,Q1,2013 Q1,3,Mar,2013-03,Mar 2013,False,False
2013-03-18,20130318,False,2013,Q1,2013 Q1,3,Mar,2013-03,Mar 2013,False,False
2013-03-19,20130319,False,2013,Q1,2013 Q1,3,Mar,2013-03,Mar 2013,False,False
2013-03-20,20130320,False,2013,Q1,2013 Q1,3,Mar,2013-03,Mar 2013,False,False
2013-03-21,20130321,False,2013,Q1,2013 Q1,3,Mar,2013-03,Mar 2013,False,False
2013-03-22,20130322,False,2013,Q1,2013 Q1,3,Mar,2013-03,Mar 2013,False,False
2013-03-23,20130323,False,2013,Q1,2013 Q1,3,Mar,2013-03,Mar 2013,False,False
2013-03-24,20130324,False,2013,Q1,2013 Q1,3,Mar,2013-03,Mar 2013,False,False
2013-03-25,20130325,False,2013,Q1,2013 Q1,3,Mar,2013-03,Mar 2013,False,False
2013-03-26,20130326,False,2013,Q1,2013 Q1,3,Mar,2013-03,Mar 2013,False,False
2013-03-27,20130327,False,2013,Q1,2013 Q1,3,Mar,2013-03,Mar 2013,False,False
2013-03-28,20130328,False,2013,Q1,2013 Q1,3,Mar,2013-03,Mar 2013,False,False
2013-03-29,20130329,False,2013,Q1,2013 Q1,3,Mar,2013-03,Mar 2013,False,False
2013-03-30,20130330,False,2013,Q1,2013 Q1,3,Mar,2013-03,Mar 2013,False,False
2013-03-31,20130331,False,2013,Q1,2013 Q1,3,Mar,2013-03,Mar 2013,False,False
2013-04-01,20130401,True,2013,Q2,2013 Q2,4,Apr,2013-04,Apr 2013,False,False
2013-04-02,20130402,False,2013,Q2,2013 Q2,4,Apr,2013-04,Apr 2013,False,False
2013-04-03,20130403,False,2013,Q2,2013 Q2,4,Apr,2013-04,Apr 2013,False,False
2013-04-04,20130404,False,2013,Q2,2013 Q2,4,Apr,2013-04,Apr 2013,False,False
2013-04-05,20130405,False,2013,Q2,2013 Q2,4,Apr,2013-04,Apr 2013,False,False
2013-04-06,20130406,False,2013,Q2,2013 Q2,4,Apr,2013-04,Apr 2013,False,False
2013-04-07,20130407,False,2013,Q2,2013 Q2,4,Apr,2013-04,Apr 2013,False,False
2013-04-08,20130408,False,2013,Q2,2013 Q2,4,Apr,2013-04,Apr 2013,False,False
2013-04-09,20130409,False,2013,Q2,2013 Q2,4,Apr,2013-04,Apr 2013,False,False
2013-04-10,20130410,False,2013,Q2,2013 Q2,4,Apr,2013-04,Apr 2013,False,False
2013-04-11,20130411,False,2013,Q2,2013 Q2,4,Apr,2013-04,Apr 2013,False,False
2013-04-12,20130412,False,2013,Q2,2013 Q2,4,Apr,2013-04,Apr 2013,False,False
2013-04-13,20130413,False,2013,Q2,2013 Q2,4,Apr,2013-04,Apr 2013,False,False
2013-04-14,20130414,False,2013,Q2,2013 Q2,4,Apr,2013-04,Apr 2013,False,False
2013-04-15,20130415,False,2013,Q2,2013 Q2,4,Apr,2013-04,Apr 2013,False,False
2013-04-16,20130416,False,2013,Q2,2013 Q2,4,Apr,2013-04,Apr 2013,False,False
2013-04-17,20130417,False,2013,Q2,2013 Q2,4,Apr,2013-04,Apr 2013,False,False
2013-04-18,20130418,False,2013,Q2,2013 Q2,4,Apr,2013-04,Apr 2013,False,False
2013-04-19,20130419,False,2013,Q2,2013 Q2,4,Apr,2013-04,Apr 2013,False,False
2013-04-20,20130420,False,2013,Q2,2013 Q2,4,Apr,2013-04,Apr 2013,False,False
2013-04-21,20130421,False,2013,Q2,2013 Q2,4,Apr,2013-04,Apr 2013,False,False
2013-04-22,20130422,False,2013,Q2,2013 Q2,4,Apr,2013-04,Apr 2013,False,False
2013-04-23,20130423,False,2013,Q2,2013 Q2,4,Apr,2013-04,Apr 2013,False,False
2013-04-24,20130424,False,2013,Q2,2013 Q2,4,Apr,2013-04,Apr 2013,False,False
2013-04-25,20130425,False,2013,Q2,2013 Q2,4,Apr,2013-04,Apr 2013,False,False
2013-04-26,20130426,False,2013,Q2,2013 Q2,4,Apr,2013-04,Apr 2013,False,False
2013-04-27,20130427,False,2013,Q2,2013 Q2,4,Apr,2013-04,Apr 2013,False,False
2013-04-28,20130428,False,2013,Q2,2013 Q2,4,Apr,2013-04,Apr 2013,False,False
2013-04-29,20130429,False,2013,Q2,2013 Q2,4,Apr,2013-04,Apr 2013,False,False
2013-04-30,20130430,False,2013,Q2,2013 Q2,4,Apr,2013-04,Apr 2013,False,False
2013-05-01,20130501,True,2013,Q2,2013 Q2,5,May,2013-05,May 2013,False,False
2013-05-02,20130502,False,2013,Q2,2013 Q2,5,May,2013-05,May 2013,False,False
2013-05-03,20130503,False,2013,Q2,2013 Q2,5,May,2013-05,May 2013,False,False
2013-05-04,20130504,False,2013,Q2,2013 Q2,5,May,2013-05,May 2013,False,False
2013-05-05,20130505,False,2013,Q2,2013 Q2,5,May,2013-05,May 2013,False,False
2013-05-06,20130506,False,2013,Q2,2013 Q2,5,May,2013-05,May 2013,False,False
2013-05-07,20130507,False,2013,Q2,2013 Q2,5,May,2013-05,May 2013,False,False
2013-05-08,20130508,False,2013,Q2,2013 Q2,5,May,2013-05,May 2013,False,False
2013-05-09,20130509,False,2013,Q2,2013 Q2,5,May,2013-05,May 2013,False,False
2013-05-10,20130510,False,2013,Q2,2013 Q2,5,May,2013-05,May 2013,False,False
2013-05-11,20130511,False,2013,Q2,2013 Q2,5,May,2013-05,May 2013,False,False
2013-05-12,20130512,False,2013,Q2,2013 Q2,5,May,2013-05,May 2013,False,False
2013-05-13,20130513,False,2013,Q2,2013 Q2,5,May,2013-05,May 2013,False,False
2013-05-14,20130514,False,2013,Q2,2013 Q2,5,May,2013-05,May 2013,False,False
2013-05-15,20130515,False,2013,Q2,2013 Q2,5,May,2013-05,May 2013,False,False
2013-05-16,20130516,False,2013,Q2,2013 Q2,5,May,2013-05,May 2013,False,False
2013-05-17,20130517,False,2013,Q2,2013 Q2,5,May,2013-05,May 2013,False,False
2013-05-18,20130518,False,2013,Q2,2013 Q2,5,May,2013-05,May 2013,False,False
2013-05-19,20130519,False,2013,Q2,2013 Q2,5,May,2013-05,May 2013,False,False
2013-05-20,20130520,False,2013,Q2,2013 Q2,5,May,2013-05,May 2013,False,False
2013-05-21,20130521,False,2013,Q2,2013 Q2,5,May,2013-05,May 2013,False,False
2013-05-22,20130522,False,2013,Q2,2013 Q2,5,May,2013-05,May 2013,False,False
2013-05-23,20130523,False,2013,Q2,2013 Q2,5,May,2013-05,May 2013,False,False
2013-05-24,20130524,False,2013,Q2,2013 Q2,5,May,2013-05,May 2013,False,False
2013-05-25,20130525,False,2013,Q2,2013 Q2,5,May,2013-05,May 2013,False,False
2013-05-26,20130526,False,2013,Q2,2013 Q2,5,May,2013-05,May 2013,False,False
2013-05-27,20130527,False,2013,Q2,2013 Q2,5,May,2013-05,May 2013,False,False
2013-05-28,20130528,False,2013,Q2,2013 Q2,5,May,2013-05,May 2013,False,False
2013-05-29,20130529,False,2013,Q2,2013 Q2,5,May,2013-05,May 2013,False,False
2013-05-30,20130530,False,2013,Q2,2013 Q2,5,May,2013-05,May 2013,False,False
2013-05-31,20130531,False,2013,Q2,2013 Q2,5,May,2013-05,May 2013,False,False
2013-06-01,20130601,True,2013,Q2,2013 Q2,6,Jun,2013-06,Jun 2013,False,False
2013-06-02,20130602,False,2013,Q2,2013 Q2,6,Jun,2013-06,Jun 2013,False,False
2013-06-03,20130603,False,2013,Q2,2013 Q2,6,Jun,2013-06,Jun 2013,False,False
2013-06-04,20130604,False,2013,Q2,2013 Q2,6,Jun,2013-06,Jun 2013,False,False
2013-06-05,20130605,False,2013,Q2,2013 Q2,6,Jun,2013-06,Jun 2013,False,False
2013-06-06,20130606,False,2013,Q2,2013 Q2,6,Jun,2013-06,Jun 2013,False,False
2013-06-07,20130607,False,2013,Q2,2013 Q2,6,Jun,2013-06,Jun 2013,False,False
2013-06-08,20130608,False,2013,Q2,2013 Q2,6,Jun,2013-06,Jun 2013,False,False
2013-06-09,20130609,False,2013,Q2,2013 Q2,6,Jun,2013-06,Jun 2013,False,False
2013-06-10,20130610,False,2013,Q2,2013 Q2,6,Jun,2013-06,Jun 2013,False,False
2013-06-11,20130611,False,2013,Q2,2013 Q2,6,Jun,2013-06,Jun 2013,False,False
2013-06-12,20130612,False,2013,Q2,2013 Q2,6,Jun,2013-06,Jun 2013,False,False
2013-06-13,20130613,False,2013,Q2,2013 Q2,6,Jun,2013-06,Jun 2013,False,False
2013-06-14,20130614,False,2013,Q2,2013 Q2,6,Jun,2013-06,Jun 2013,False,False
2013-06-15,20130615,False,2013,Q2,2013 Q2,6,Jun,2013-06,Jun 2013,False,False
2013-06-16,20130616,False,2013,Q2,2013 Q2,6,Jun,2013-06,Jun 2013,False,False
2013-06-17,20130617,False,2013,Q2,2013 Q2,6,Jun,2013-06,Jun 2013,False,False
2013-06-18,20130618,False,2013,Q2,2013 Q2,6,Jun,2013-06,Jun 2013,False,False
2013-06-19,20130619,False,2013,Q2,2013 Q2,6,Jun,2013-06,Jun 2013,False,False
2013-06-20,20130620,False,2013,Q2,2013 Q2,6,Jun,2013-06,Jun 2013,False,False
2013-06-21,20130621,False,2013,Q2,2013 Q2,6,Jun,2013-06,Jun 2013,False,False
2013-06-22,20130622,False,2013,Q2,2013 Q2,6,Jun,2013-06,Jun 2013,False,False
2013-06-23,20130623,False,2013,Q2,2013 Q2,6,Jun,2013-06,Jun 2013,False,False
2013-06-24,20130624,False,2013,Q2,2013 Q2,6,Jun,2013-06,Jun 2013,False,False
2013-06-25,20130625,False,2013,Q2,2013 Q2,6,Jun,2013-06,Jun 2013,False,False
2013-06-26,20130626,False,2013,Q2,2013 Q2,6,Jun,2013-06,Jun 2013,False,False
2013-06-27,20130627,False,2013,Q2,2013 Q2,6,Jun,2013-06,Jun 2013,False,False
2013-06-28,20130628,False,2013,Q2,2013 Q2,6,Jun,2013-06,Jun 2013,False,False
2013-06-29,20130629,False,2013,Q2,2013 Q2,6,Jun,2013-06,Jun 2013,False,False
2013-06-30,20130630,False,2013,Q2,2013 Q2,6,Jun,2013-06,Jun 2013,False,False
2013-07-01,20130701,True,2013,Q3,2013 Q3,7,Jul,2013-07,Jul 2013,False,False
2013-07-02,20130702,False,2013,Q3,2013 Q3,7,Jul,2013-07,Jul 2013,False,False
2013-07-03,20130703,False,2013,Q3,2013 Q3,7,Jul,2013-07,Jul 2013,False,False
2013-07-04,20130704,False,2013,Q3,2013 Q3,7,Jul,2013-07,Jul 2013,False,False
2013-07-05,20130705,False,2013,Q3,2013 Q3,7,Jul,2013-07,Jul 2013,False,False
2013-07-06,20130706,False,2013,Q3,2013 Q3,7,Jul,2013-07,Jul 2013,False,False
2013-07-07,20130707,False,2013,Q3,2013 Q3,7,Jul,2013-07,Jul 2013,False,False
2013-07-08,20130708,False,2013,Q3,2013 Q3,7,Jul,2013-07,Jul 2013,False,False
2013-07-09,20130709,False,2013,Q3,2013 Q3,7,Jul,2013-07,Jul 2013,False,False
2013-07-10,20130710,False,2013,Q3,2013 Q3,7,Jul,2013-07,Jul 2013,False,False
2013-07-11,20130711,False,2013,Q3,2013 Q3,7,Jul,2013-07,Jul 2013,False,False
2013-07-12,20130712,False,2013,Q3,2013 Q3,7,Jul,2013-07,Jul 2013,False,False
2013-07-13,20130713,False,2013,Q3,2013 Q3,7,Jul,2013-07,Jul 2013,False,False
2013-07-14,20130714,False,2013,Q3,2013 Q3,7,Jul,2013-07,Jul 2013,False,False
2013-07-15,20130715,False,2013,Q3,2013 Q3,7,Jul,2013-07,Jul 2013,False,False
2013-07-16,20130716,False,2013,Q3,2013 Q3,7,Jul,2013-07,Jul 2013,False,False
2013-07-17,20130717,False,2013,Q3,2013 Q3,7,Jul,2013-07,Jul 2013,False,False
2013-07-18,20130718,False,2013,Q3,2013 Q3,7,Jul,2013-07,Jul 2013,False,False
2013-07-19,20130719,False,2013,Q3,2013 Q3,7,Jul,2013-07,Jul 2013,False,False
2013-07-20,20130720,False,2013,Q3,2013 Q3,7,Jul,2013-07,Jul 2013,False,False
2013-07-21,20130721,False,2013,Q3,2013 Q3,7,Jul,2013-07,Jul 2013,False,False
2013-07-22,20130722,False,2013,Q3,2013 Q3,7,Jul,2013-07,Jul 2013,False,False
2013-07-23,20130723,False,2013,Q3,2013 Q3,7,Jul,2013-07,Jul 2013,False,False
2013-07-24,20130724,False,2013,Q3,2013 Q3,7,Jul,2013-07,Jul 2013,False,False
2013-07-25,20130725,False,2013,Q3,2013 Q3,7,Jul,2013-07,Jul 2013,False,False
2013-07-26,20130726,False,2013,Q3,2013 Q3,7,Jul,2013-07,Jul 2013,False,False
2013-07-27,20130727,False,2013,Q3,2013 Q3,7,Jul,2013-07,Jul 2013,False,False
2013-07-28,20130728,False,2013,Q3,2013 Q3,7,Jul,2013-07,Jul 2013,False,False
2013-07-29,20130729,False,2013,Q3,2013 Q3,7,Jul,2013-07,Jul 2013,False,False
2013-07-30,20130730,False,2013,Q3,2013 Q3,7,Jul,2013-07,Jul 2013,False,False
2013-07-31,20130731,False,2013,Q3,2013 Q3,7,Jul,2013-07,Jul 2013,False,False
2013-08-01,20130801,True,2013,Q3,2013 Q3,8,Aug,2013-08,Aug 2013,False,False
2013-08-02,20130802,False,2013,Q3,2013 Q3,8,Aug,2013-08,Aug 2013,False,False
2013-08-03,20130803,False,2013,Q3,2013 Q3,8,Aug,2013-08,Aug 2013,False,False
2013-08-04,20130804,False,2013,Q3,2013 Q3,8,Aug,2013-08,Aug 2013,False,False
2013-08-05,20130805,False,2013,Q3,2013 Q3,8,Aug,2013-08,Aug 2013,False,False
2013-08-06,20130806,False,2013,Q3,2013 Q3,8,Aug,2013-08,Aug 2013,False,False
2013-08-07,20130807,False,2013,Q3,2013 Q3,8,Aug,2013-08,Aug 2013,False,False
2013-08-08,20130808,False,2013,Q3,2013 Q3,8,Aug,2013-08,Aug 2013,False,False
2013-08-09,20130809,False,2013,Q3,2013 Q3,8,Aug,2013-08,Aug 2013,False,False
2013-08-10,20130810,False,2013,Q3,2013 Q3,8,Aug,2013-08,Aug 2013,False,False
2013-08-11,20130811,False,2013,Q3,2013 Q3,8,Aug,2013-08,Aug 2013,False,False
2013-08-12,20130812,False,2013,Q3,2013 Q3,8,Aug,2013-08,Aug 2013,False,False
2013-08-13,20130813,False,2013,Q3,2013 Q3,8,Aug,2013-08,Aug 2013,False,False
2013-08-14,20130814,False,2013,Q3,2013 Q3,8,Aug,2013-08,Aug 2013,False,False
2013-08-15,20130815,False,2013,Q3,2013 Q3,8,Aug,2013-08,Aug 2013,False,False
2013-08-16,20130816,False,2013,Q3,2013 Q3,8,Aug,2013-08,Aug 2013,False,False
2013-08-17,20130817,False,2013,Q3,2013 Q3,8,Aug,2013-08,Aug 2013,False,False
2013-08-18,20130818,False,2013,Q3,2013 Q3,8,Aug,2013-08,Aug 2013,False,False
2013-08-19,20130819,False,2013,Q3,2013 Q3,8,Aug,2013-08,Aug 2013,False,False
2013-08-20,20130820,False,2013,Q3,2013 Q3,8,Aug,2013-08,Aug 2013,False,False
2013-08-21,20130821,False,2013,Q3,2013 Q3,8,Aug,2013-08,Aug 2013,False,False
2013-08-22,20130822,False,2013,Q3,2013 Q3,8,Aug,2013-08,Aug 2013,False,False
2013-08-23,20130823,False,2013,Q3,2013 Q3,8,Aug,2013-08,Aug 2013,False,False
2013-08-24,20130824,False,2013,Q3,2013 Q3,8,Aug,2013-08,Aug 2013,False,False
2013-08-25,20130825,False,2013,Q3,2013 Q3,8,Aug,2013-08,Aug 2013,False,False
2013-08-26,20130826,False,2013,Q3,2013 Q3,8,Aug,2013-08,Aug 2013,False,False
2013-08-27,20130827,False,2013,Q3,2013 Q3,8,Aug,2013-08,Aug 2013,False,False
2013-08-28,20130828,False,2013,Q3,2013 Q3,8,Aug,2013-08,Aug 2013,False,False
2013-08-29,20130829,False,2013,Q3,2013 Q3,8,Aug,2013-08,Aug 2013,False,False
2013-08-30,20130830,False,2013,Q3,2013 Q3,8,Aug,2013-08,Aug 2013,False,False
2013-08-31,20130831,False,2013,Q3,2013 Q3,8,Aug,2013-08,Aug 2013,False,False
2013-09-01,20130901,True,2013,Q3,2013 Q3,9,Sep,2013-09,Sep 2013,False,False
2013-09-02,20130902,False,2013,Q3,2013 Q3,9,Sep,2013-09,Sep 2013,False,False
2013-09-03,20130903,False,2013,Q3,2013 Q3,9,Sep,2013-09,Sep 2013,False,False
2013-09-04,20130904,False,2013,Q3,2013 Q3,9,Sep,2013-09,Sep 2013,False,False
2013-09-05,20130905,False,2013,Q3,2013 Q3,9,Sep,2013-09,Sep 2013,False,False
2013-09-06,20130906,False,2013,Q3,2013 Q3,9,Sep,2013-09,Sep 2013,False,False
2013-09-07,20130907,False,2013,Q3,2013 Q3,9,Sep,2013-09,Sep 2013,False,False
2013-09-08,20130908,False,2013,Q3,2013 Q3,9,Sep,2013-09,Sep 2013,False,False
2013-09-09,20130909,False,2013,Q3,2013 Q3,9,Sep,2013-09,Sep 2013,False,False
2013-09-10,20130910,False,2013,Q3,2013 Q3,9,Sep,2013-09,Sep 2013,False,False
2013-09-11,20130911,False,2013,Q3,2013 Q3,9,Sep,2013-09,Sep 2013,False,False
2013-09-12,20130912,False,2013,Q3,2013 Q3,9,Sep,2013-09,Sep 2013,False,False
2013-09-13,20130913,False,2013,Q3,2013 Q3,9,Sep,2013-09,Sep 2013,False,False
2013-09-14,20130914,False,2013,Q3,2013 Q3,9,Sep,2013-09,Sep 2013,False,False
2013-09-15,20130915,False,2013,Q3,2013 Q3,9,Sep,2013-09,Sep 2013,False,False
2013-09-16,20130916,False,2013,Q3,2013 Q3,9,Sep,2013-09,Sep 2013,False,False
2013-09-17,20130917,False,2013,Q3,2013 Q3,9,Sep,2013-09,Sep 2013,False,False
2013-09-18,20130918,False,2013,Q3,2013 Q3,9,Sep,2013-09,Sep 2013,False,False
2013-09-19,20130919,False,2013,Q3,2013 Q3,9,Sep,2013-09,Sep 2013,False,False
2013-09-20,20130920,False,2013,Q3,2013 Q3,9,Sep,2013-09,Sep 2013,False,False
2013-09-21,20130921,False,2013,Q3,2013 Q3,9,Sep,2013-09,Sep 2013,False,False
2013-09-22,20130922,False,2013,Q3,2013 Q3,9,Sep,2013-09,Sep 2013,False,False
2013-09-23,20130923,False,2013,Q3,2013 Q3,9,Sep,2013-09,Sep 2013,False,False
2013-09-24,20130924,False,2013,Q3,2013 Q3,9,Sep,2013-09,Sep 2013,False,False
2013-09-25,20130925,False,2013,Q3,2013 Q3,9,Sep,2013-09,Sep 2013,False,False
2013-09-26,20130926,False,2013,Q3,2013 Q3,9,Sep,2013-09,Sep 2013,False,False
2013-09-27,20130927,False,2013,Q3,2013 Q3,9,Sep,2013-09,Sep 2013,False,False
2013-09-28,20130928,False,2013,Q3,2013 Q3,9,Sep,2013-09,Sep 2013,False,False
2013-09-29,20130929,False,2013,Q3,2013 Q3,9,Sep,2013-09,Sep 2013,False,False
2013-09-30,20130930,False,2013,Q3,2013 Q3,9,Sep,2013-09,Sep 2013,False,False
2013-10-01,20131001,True,2013,Q4,2013 Q4,10,Oct,2013-10,Oct 2013,False,False
2013-10-02,20131002,False,2013,Q4,2013 Q4,10,Oct,2013-10,Oct 2013,False,False
2013-10-03,20131003,False,2013,Q4,2013 Q4,10,Oct,2013-10,Oct 2013,False,False
2013-10-04,20131004,False,2013,Q4,2013 Q4,10,Oct,2013-10,Oct 2013,False,False
2013-10-05,20131005,False,2013,Q4,2013 Q4,10,Oct,2013-10,Oct 2013,False,False
2013-10-06,20131006,False,2013,Q4,2013 Q4,10,Oct,2013-10,Oct 2013,False,False
2013-10-07,20131007,False,2013,Q4,2013 Q4,10,Oct,2013-10,Oct 2013,False,False
2013-10-08,20131008,False,2013,Q4,2013 Q4,10,Oct,2013-10,Oct 2013,False,False
2013-10-09,20131009,False,2013,Q4,2013 Q4,10,Oct,2013-10,Oct 2013,False,False
2013-10-10,20131010,False,2013,Q4,2013 Q4,10,Oct,2013-10,Oct 2013,False,False
2013-10-11,20131011,False,2013,Q4,2013 Q4,10,Oct,2013-10,Oct 2013,False,False
2013-10-12,20131012,False,2013,Q4,2013 Q4,10,Oct,2013-10,Oct 2013,False,False
2013-10-13,20131013,False,2013,Q4,2013 Q4,10,Oct,2013-10,Oct 2013,False,False
2013-10-14,20131014,False,2013,Q4,2013 Q4,10,Oct,2013-10,Oct 2013,False,False
2013-10-15,20131015,False,2013,Q4,2013 Q4,10,Oct,2013-10,Oct 2013,False,False
2013-10-16,20131016,False,2013,Q4,2013 Q4,10,Oct,2013-10,Oct 2013,False,False
2013-10-17,20131017,False,2013,Q4,2013 Q4,10,Oct,2013-10,Oct 2013,False,False
2013-10-18,20131018,False,2013,Q4,2013 Q4,10,Oct,2013-10,Oct 2013,False,False
2013-10-19,20131019,False,2013,Q4,2013 Q4,10,Oct,2013-10,Oct 2013,False,False
2013-10-20,20131020,False,2013,Q4,2013 Q4,10,Oct,2013-10,Oct 2013,False,False
2013-10-21,20131021,False,2013,Q4,2013 Q4,10,Oct,2013-10,Oct 2013,False,False
2013-10-22,20131022,False,2013,Q4,2013 Q4,10,Oct,2013-10,Oct 2013,False,False
2013-10-23,20131023,False,2013,Q4,2013 Q4,10,Oct,2013-10,Oct 2013,False,False
2013-10-24,20131024,False,2013,Q4,2013 Q4,10,Oct,2013-10,Oct 2013,False,False
2013-10-25,20131025,False,2013,Q4,2013 Q4,10,Oct,2013-10,Oct 2013,False,False
2013-10-26,20131026,False,2013,Q4,2013 Q4,10,Oct,2013-10,Oct 2013,False,False
2013-10-27,20131027,False,2013,Q4,2013 Q4,10,Oct,2013-10,Oct 2013,False,False
2013-10-28,20131028,False,2013,Q4,2013 Q4,10,Oct,2013-10,Oct 2013,False,False
2013-10-29,20131029,False,2013,Q4,2013 Q4,10,Oct,2013-10,Oct 2013,False,False
2013-10-30,20131030,False,2013,Q4,2013 Q4,10,Oct,2013-10,Oct 2013,False,False
2013-10-31,20131031,False,2013,Q4,2013 Q4,10,Oct,2013-10,Oct 2013,False,False
2013-11-01,20131101,True,2013,Q4,2013 Q4,11,Nov,2013-11,Nov 2013,False,False
2013-11-02,20131102,False,2013,Q4,2013 Q4,11,Nov,2013-11,Nov 2013,False,False
2013-11-03,20131103,False,2013,Q4,2013 Q4,11,Nov,2013-11,Nov 2013,False,False
2013-11-04,20131104,False,2013,Q4,2013 Q4,11,Nov,2013-11,Nov 2013,False,False
2013-11-05,20131105,False,2013,Q4,2013 Q4,11,Nov,2013-11,Nov 2013,False,False
2013-11-06,20131106,False,2013,Q4,2013 Q4,11,Nov,2013-11,Nov 2013,False,False
2013-11-07,20131107,False,2013,Q4,2013 Q4,11,Nov,2013-11,Nov 2013,False,False
2013-11-08,20131108,False,2013,Q4,2013 Q4,11,Nov,2013-11,Nov 2013,False,False
2013-11-09,20131109,False,2013,Q4,2013 Q4,11,Nov,2013-11,Nov 2013,False,False
2013-11-10,20131110,False,2013,Q4,2013 Q4,11,Nov,2013-11,Nov 2013,False,False
2013-11-11,20131111,False,2013,Q4,2013 Q4,11,Nov,2013-11,Nov 2013,False,False
2013-11-12,20131112,False,2013,Q4,2013 Q4,11,Nov,2013-11,Nov 2013,False,False
2013-11-13,20131113,False,2013,Q4,2013 Q4,11,Nov,2013-11,Nov 2013,False,False
2013-11-14,20131114,False,2013,Q4,2013 Q4,11,Nov,2013-11,Nov 2013,False,False
2013-11-15,20131115,False,2013,Q4,2013 Q4,11,Nov,2013-11,Nov 2013,False,False
2013-11-16,20131116,False,2013,Q4,2013 Q4,11,Nov,2013-11,Nov 2013,False,False
2013-11-17,20131117,False,2013,Q4,2013 Q4,11,Nov,2013-11,Nov 2013,False,False
2013-11-18,20131118,False,2013,Q4,2013 Q4,11,Nov,2013-11,Nov 2013,False,False
2013-11-19,20131119,False,2013,Q4,2013 Q4,11,Nov,2013-11,Nov 2013,False,False
2013-11-20,20131120,False,2013,Q4,2013 Q4,11,Nov,2013-11,Nov 2013,False,False
2013-11-21,20131121,False,2013,Q4,2013 Q4,11,Nov,2013-11,Nov 2013,False,False
2013-11-22,20131122,False,2013,Q4,2013 Q4,11,Nov,2013-11,Nov 2013,False,False
2013-11-23,20131123,False,2013,Q4,2013 Q4,11,Nov,2013-11,Nov 2013,False,False
2013-11-24,20131124,False,2013,Q4,2013 Q4,11,Nov,2013-11,Nov 2013,False,False
2013-11-25,20131125,False,2013,Q4,2013 Q4,11,Nov,2013-11,Nov 2013,False,False
2013-11-26,20131126,False,2013,Q4,2013 Q4,11,Nov,2013-11,Nov 2013,False,False
2013-11-27,20131127,False,2013,Q4,2013 Q4,11,Nov,2013-11,Nov 2013,False,False
2013-11-28,20131128,False,2013,Q4,2013 Q4,11,Nov,2013-11,Nov 2013,False,False
2013-11-29,20131129,False,2013,Q4,2013 Q4,11,Nov,2013-11,Nov 2013,False,False
2013-11-30,20131130,False,2013,Q4,2013 Q4,11,Nov,2013-11,Nov 2013,False,False
2013-12-01,20131201,True,2013,Q4,2013 Q4,12,Dec,2013-12,Dec 2013,False,False
2013-12-02,20131202,False,2013,Q4,2013 Q4,12,Dec,2013-12,Dec 2013,False,False
2013-12-03,20131203,False,2013,Q4,2013 Q4,12,Dec,2013-12,Dec 2013,False,False
2013-12-04,20131204,False,2013,Q4,2013 Q4,12,Dec,2013-12,Dec 2013,False,False
2013-12-05,20131205,False,2013,Q4,2013 Q4,12,Dec,2013-12,Dec 2013,False,False
2013-12-06,20131206,False,2013,Q4,2013 Q4,12,Dec,2013-12,Dec 2013,False,False
2013-12-07,20131207,False,2013,Q4,2013 Q4,12,Dec,2013-12,Dec 2013,False,False
2013-12-08,20131208,False,2013,Q4,2013 Q4,12,Dec,2013-12,Dec 2013,False,False
2013-12-09,20131209,False,2013,Q4,2013 Q4,12,Dec,2013-12,Dec 2013,False,False
2013-12-10,20131210,False,2013,Q4,2013 Q4,12,Dec,2013-12,Dec 2013,False,False
2013-12-11,20131211,False,2013,Q4,2013 Q4,12,Dec,2013-12,Dec 2013,False,False
2013-12-12,20131212,False,2013,Q4,2013 Q4,12,Dec,2013-12,Dec 2013,False,False
2013-12-13,20131213,False,2013,Q4,2013 Q4,12,Dec,2013-12,Dec 2013,False,False
2013-12-14,20131214,False,2013,Q4,2013 Q4,12,Dec,2013-12,Dec 2013,False,False
2013-12-15,20131215,False,2013,Q4,2013 Q4,12,Dec,2013-12,Dec 2013,False,False
2013-12-16,20131216,False,2013,Q4,2013 Q4,12,Dec,2013-12,Dec 2013,False,False
2013-12-17,20131217,False,2013,Q4,2013 Q4,12,Dec,2013-12,Dec 2013,False,False
2013-12-18,20131218,False,2013,Q4,2013 Q4,12,Dec,2013-12,Dec 2013,False,False
2013-12-19,20131219,False,2013,Q4,2013 Q4,12,Dec,2013-12,Dec 2013,False,False
2013-12-20,20131220,False,2013,Q4,2013 Q4,12,Dec,2013-12,Dec 2013,False,False
2013-12-21,20131221,False,2013,Q4,2013 Q4,12,Dec,2013-12,Dec 2013,False,False
2013-12-22,20131222,False,2013,Q4,2013 Q4,12,Dec,2013-12,Dec 2013,False,False
2013-12-23,20131223,False,2013,Q4,2013 Q4,12,Dec,2013-12,Dec 2013,False,False
2013-12-24,20131224,False,2013,Q4,2013 Q4,12,Dec,2013-12,Dec 2013,False,False
2013-12-25,20131225,False,2013,Q4,2013 Q4,12,Dec,2013-12,Dec 2013,False,False
2013-12-26,20131226,False,2013,Q4,2013 Q4,12,Dec,2013-12,Dec 2013,False,False
2013-12-27,20131227,False,2013,Q4,2013 Q4,12,Dec,2013-12,Dec 2013,False,False
2013-12-28,20131228,False,2013,Q4,2013 Q4,12,Dec,2013-12,Dec 2013,False,False
2013-12-29,20131229,False,2013,Q4,2013 Q4,12,Dec,2013-12,Dec 2013,False,False
2013-12-30,20131230,False,2013,Q4,2013 Q4,12,Dec,2013-12,Dec 2013,False,False
2013-12-31,20131231,False,2013,Q4,2013 Q4,12,Dec,2013-12,Dec 2013,False,False
2014-01-01,20140101,True,2014,Q1,2014 Q1,1,Jan,2014-01,Jan 2014,False,False
2014-01-02,20140102,False,2014,Q1,2014 Q1,1,Jan,2014-01,Jan 2014,False,False
2014-01-03,20140103,False,2014,Q1,2014 Q1,1,Jan,2014-01,Jan 2014,False,False
2014-01-04,20140104,False,2014,Q1,2014 Q1,1,Jan,2014-01,Jan 2014,False,False
2014-01-05,20140105,False,2014,Q1,2014 Q1,1,Jan,2014-01,Jan 2014,False,False
2014-01-06,20140106,False,2014,Q1,2014 Q1,1,Jan,2014-01,Jan 2014,False,False
2014-01-07,20140107,False,2014,Q1,2014 Q1,1,Jan,2014-01,Jan 2014,False,False
2014-01-08,20140108,False,2014,Q1,2014 Q1,1,Jan,2014-01,Jan 2014,False,False
2014-01-09,20140109,False,2014,Q1,2014 Q1,1,Jan,2014-01,Jan 2014,False,False
2014-01-10,20140110,False,2014,Q1,2014 Q1,1,Jan,2014-01,Jan 2014,False,False
2014-01-11,20140111,False,2014,Q1,2014 Q1,1,Jan,2014-01,Jan 2014,False,False
2014-01-12,20140112,False,2014,Q1,2014 Q1,1,Jan,2014-01,Jan 2014,False,False
2014-01-13,20140113,False,2014,Q1,2014 Q1,1,Jan,2014-01,Jan 2014,False,False
2014-01-14,20140114,False,2014,Q1,2014 Q1,1,Jan,2014-01,Jan 2014,False,False
2014-01-15,20140115,False,2014,Q1,2014 Q1,1,Jan,2014-01,Jan 2014,False,False
2014-01-16,20140116,False,2014,Q1,2014 Q1,1,Jan,2014-01,Jan 2014,False,False
2014-01-17,20140117,False,2014,Q1,2014 Q1,1,Jan,2014-01,Jan 2014,False,False
2014-01-18,20140118,False,2014,Q1,2014 Q1,1,Jan,2014-01,Jan 2014,False,False
2014-01-19,20140119,False,2014,Q1,2014 Q1,1,Jan,2014-01,Jan 2014,False,False
2014-01-20,20140120,False,2014,Q1,2014 Q1,1,Jan,2014-01,Jan 2014,False,False
2014-01-21,20140121,False,2014,Q1,2014 Q1,1,Jan,2014-01,Jan 2014,False,False
2014-01-22,20140122,False,2014,Q1,2014 Q1,1,Jan,2014-01,Jan 2014,False,False
2014-01-23,20140123,False,2014,Q1,2014 Q1,1,Jan,2014-01,Jan 2014,False,False
2014-01-24,20140124,False,2014,Q1,2014 Q1,1,Jan,2014-01,Jan 2014,False,False
2014-01-25,20140125,False,2014,Q1,2014 Q1,1,Jan,2014-01,Jan 2014,False,False
2014-01-26,20140126,False,2014,Q1,2014 Q1,1,Jan,2014-01,Jan 2014,False,False
2014-01-27,20140127,False,2014,Q1,2014 Q1,1,Jan,2014-01,Jan 2014,False,False
2014-01-28,20140128,False,2014,Q1,2014 Q1,1,Jan,2014-01,Jan 2014,False,False
2014-01-29,20140129,False,2014,Q1,2014 Q1,1,Jan,2014-01,Jan 2014,False,False
2014-01-30,20140130,False,2014,Q1,2014 Q1,1,Jan,2014-01,Jan 2014,False,False
2014-01-31,20140131,False,2014,Q1,2014 Q1,1,Jan,2014-01,Jan 2014,False,False
2014-02-01,20140201,True,2014,Q1,2014 Q1,2,Feb,2014-02,Feb 2014,False,False
2014-02-02,20140202,False,2014,Q1,2014 Q1,2,Feb,2014-02,Feb 2014,False,False
2014-02-03,20140203,False,2014,Q1,2014 Q1,2,Feb,2014-02,Feb 2014,False,False
2014-02-04,20140204,False,2014,Q1,2014 Q1,2,Feb,2014-02,Feb 2014,False,False
2014-02-05,20140205,False,2014,Q1,2014 Q1,2,Feb,2014-02,Feb 2014,False,False
2014-02-06,20140206,False,2014,Q1,2014 Q1,2,Feb,2014-02,Feb 2014,False,False
2014-02-07,20140207,False,2014,Q1,2014 Q1,2,Feb,2014-02,Feb 2014,False,False
2014-02-08,20140208,False,2014,Q1,2014 Q1,2,Feb,2014-02,Feb 2014,False,False
2014-02-09,20140209,False,2014,Q1,2014 Q1,2,Feb,2014-02,Feb 2014,False,False
2014-02-10,20140210,False,2014,Q1,2014 Q1,2,Feb,2014-02,Feb 2014,False,False
2014-02-11,20140211,False,2014,Q1,2014 Q1,2,Feb,2014-02,Feb 2014,False,False
2014-02-12,20140212,False,2014,Q1,2014 Q1,2,Feb,2014-02,Feb 2014,False,False
2014-02-13,20140213,False,2014,Q1,2014 Q1,2,Feb,2014-02,Feb 2014,False,False
2014-02-14,20140214,False,2014,Q1,2014 Q1,2,Feb,2014-02,Feb 2014,False,False
2014-02-15,20140215,False,2014,Q1,2014 Q1,2,Feb,2014-02,Feb 2014,False,False
2014-02-16,20140216,False,2014,Q1,2014 Q1,2,Feb,2014-02,Feb 2014,False,False
2014-02-17,20140217,False,2014,Q1,2014 Q1,2,Feb,2014-02,Feb 2014,False,False
2014-02-18,20140218,False,2014,Q1,2014 Q1,2,Feb,2014-02,Feb 2014,False,False
2014-02-19,20140219,False,2014,Q1,2014 Q1,2,Feb,2014-02,Feb 2014,False,False
2014-02-20,20140220,False,2014,Q1,2014 Q1,2,Feb,2014-02,Feb 2014,False,False
2014-02-21,20140221,False,2014,Q1,2014 Q1,2,Feb,2014-02,Feb 2014,False,False
2014-02-22,20140222,False,2014,Q1,2014 Q1,2,Feb,2014-02,Feb 2014,False,False
2014-02-23,20140223,False,2014,Q1,2014 Q1,2,Feb,2014-02,Feb 2014,False,False
2014-02-24,20140224,False,2014,Q1,2014 Q1,2,Feb,2014-02,Feb 2014,False,False
2014-02-25,20140225,False,2014,Q1,2014 Q1,2,Feb,2014-02,Feb 2014,False,False
2014-02-26,20140226,False,2014,Q1,2014 Q1,2,Feb,2014-02,Feb 2014,False,False
2014-02-27,20140227,False,2014,Q1,2014 Q1,2,Feb,2014-02,Feb 2014,False,False
2014-02-28,20140228,False,2014,Q1,2014 Q1,2,Feb,2014-02,Feb 2014,False,False
2014-03-01,20140301,True,2014,Q1,2014 Q1,3,Mar,2014-03,Mar 2014,False,False
2014-03-02,20140302,False,2014,Q1,2014 Q1,3,Mar,2014-03,Mar 2014,False,False
2014-03-03,20140303,False,2014,Q1,2014 Q1,3,Mar,2014-03,Mar 2014,False,False
2014-03-04,20140304,False,2014,Q1,2014 Q1,3,Mar,2014-03,Mar 2014,False,False
2014-03-05,20140305,False,2014,Q1,2014 Q1,3,Mar,2014-03,Mar 2014,False,False
2014-03-06,20140306,False,2014,Q1,2014 Q1,3,Mar,2014-03,Mar 2014,False,False
2014-03-07,20140307,False,2014,Q1,2014 Q1,3,Mar,2014-03,Mar 2014,False,False
2014-03-08,20140308,False,2014,Q1,2014 Q1,3,Mar,2014-03,Mar 2014,False,False
2014-03-09,20140309,False,2014,Q1,2014 Q1,3,Mar,2014-03,Mar 2014,False,False
2014-03-10,20140310,False,2014,Q1,2014 Q1,3,Mar,2014-03,Mar 2014,False,False
2014-03-11,20140311,False,2014,Q1,2014 Q1,3,Mar,2014-03,Mar 2014,False,False
2014-03-12,20140312,False,2014,Q1,2014 Q1,3,Mar,2014-03,Mar 2014,False,False
2014-03-13,20140313,False,2014,Q1,2014 Q1,3,Mar,2014-03,Mar 2014,False,False
2014-03-14,20140314,False,2014,Q1,2014 Q1,3,Mar,2014-03,Mar 2014,False,False
2014-03-15,20140315,False,2014,Q1,2014 Q1,3,Mar,2014-03,Mar 2014,False,False
2014-03-16,20140316,False,2014,Q1,2014 Q1,3,Mar,2014-03,Mar 2014,False,False
2014-03-17,20140317,False,2014,Q1,2014 Q1,3,Mar,2014-03,Mar 2014,False,False
2014-03-18,20140318,False,2014,Q1,2014 Q1,3,Mar,2014-03,Mar 2014,False,False
2014-03-19,20140319,False,2014,Q1,2014 Q1,3,Mar,2014-03,Mar 2014,False,False
2014-03-20,20140320,False,2014,Q1,2014 Q1,3,Mar,2014-03,Mar 2014,False,False
2014-03-21,20140321,False,2014,Q1,2014 Q1,3,Mar,2014-03,Mar 2014,False,False
2014-03-22,20140322,False,2014,Q1,2014 Q1,3,Mar,2014-03,Mar 2014,False,False
2014-03-23,20140323,False,2014,Q1,2014 Q1,3,Mar,2014-03,Mar 2014,False,False
2014-03-24,20140324,False,2014,Q1,2014 Q1,3,Mar,2014-03,Mar 2014,False,False
2014-03-25,20140325,False,2014,Q1,2014 Q1,3,Mar,2014-03,Mar 2014,False,False
2014-03-26,20140326,False,2014,Q1,2014 Q1,3,Mar,2014-03,Mar 2014,False,False
2014-03-27,20140327,False,2014,Q1,2014 Q1,3,Mar,2014-03,Mar 2014,False,False
2014-03-28,20140328,False,2014,Q1,2014 Q1,3,Mar,2014-03,Mar 2014,False,False
2014-03-29,20140329,False,2014,Q1,2014 Q1,3,Mar,2014-03,Mar 2014,False,False
2014-03-30,20140330,False,2014,Q1,2014 Q1,3,Mar,2014-03,Mar 2014,False,False
2014-03-31,20140331,False,2014,Q1,2014 Q1,3,Mar,2014-03,Mar 2014,False,False
2014-04-01,20140401,True,2014,Q2,2014 Q2,4,Apr,2014-04,Apr 2014,False,False
2014-04-02,20140402,False,2014,Q2,2014 Q2,4,Apr,2014-04,Apr 2014,False,False
2014-04-03,20140403,False,2014,Q2,2014 Q2,4,Apr,2014-04,Apr 2014,False,False
2014-04-04,20140404,False,2014,Q2,2014 Q2,4,Apr,2014-04,Apr 2014,False,False
2014-04-05,20140405,False,2014,Q2,2014 Q2,4,Apr,2014-04,Apr 2014,False,False
2014-04-06,20140406,False,2014,Q2,2014 Q2,4,Apr,2014-04,Apr 2014,False,False
2014-04-07,20140407,False,2014,Q2,2014 Q2,4,Apr,2014-04,Apr 2014,False,False
2014-04-08,20140408,False,2014,Q2,2014 Q2,4,Apr,2014-04,Apr 2014,False,False
2014-04-09,20140409,False,2014,Q2,2014 Q2,4,Apr,2014-04,Apr 2014,False,False
2014-04-10,20140410,False,2014,Q2,2014 Q2,4,Apr,2014-04,Apr 2014,False,False
2014-04-11,20140411,False,2014,Q2,2014 Q2,4,Apr,2014-04,Apr 2014,False,False
2014-04-12,20140412,False,2014,Q2,2014 Q2,4,Apr,2014-04,Apr 2014,False,False
2014-04-13,20140413,False,2014,Q2,2014 Q2,4,Apr,2014-04,Apr 2014,False,False
2014-04-14,20140414,False,2014,Q2,2014 Q2,4,Apr,2014-04,Apr 2014,False,False
2014-04-15,20140415,False,2014,Q2,2014 Q2,4,Apr,2014-04,Apr 2014,False,False
2014-04-16,20140416,False,2014,Q2,2014 Q2,4,Apr,2014-04,Apr 2014,False,False
2014-04-17,20140417,False,2014,Q2,2014 Q2,4,Apr,2014-04,Apr 2014,False,False
2014-04-18,20140418,False,2014,Q2,2014 Q2,4,Apr,2014-04,Apr 2014,False,False
2014-04-19,20140419,False,2014,Q2,2014 Q2,4,Apr,2014-04,Apr 2014,False,False
2014-04-20,20140420,False,2014,Q2,2014 Q2,4,Apr,2014-04,Apr 2014,False,False
2014-04-21,20140421,False,2014,Q2,2014 Q2,4,Apr,2014-04,Apr 2014,False,False
2014-04-22,20140422,False,2014,Q2,2014 Q2,4,Apr,2014-04,Apr 2014,False,False
2014-04-23,20140423,False,2014,Q2,2014 Q2,4,Apr,2014-04,Apr 2014,False,False
2014-04-24,20140424,False,2014,Q2,2014 Q2,4,Apr,2014-04,Apr 2014,False,False
2014-04-25,20140425,False,2014,Q2,2014 Q2,4,Apr,2014-04,Apr 2014,False,False
2014-04-26,20140426,False,2014,Q2,2014 Q2,4,Apr,2014-04,Apr 2014,False,False
2014-04-27,20140427,False,2014,Q2,2014 Q2,4,Apr,2014-04,Apr 2014,False,False
2014-04-28,20140428,False,2014,Q2,2014 Q2,4,Apr,2014-04,Apr 2014,False,False
2014-04-29,20140429,False,2014,Q2,2014 Q2,4,Apr,2014-04,Apr 2014,False,False
2014-04-30,20140430,False,2014,Q2,2014 Q2,4,Apr,2014-04,Apr 2014,False,False
2014-05-01,20140501,True,2014,Q2,2014 Q2,5,May,2014-05,May 2014,False,False
2014-05-02,20140502,False,2014,Q2,2014 Q2,5,May,2014-05,May 2014,False,False
2014-05-03,20140503,False,2014,Q2,2014 Q2,5,May,2014-05,May 2014,False,False
2014-05-04,20140504,False,2014,Q2,2014 Q2,5,May,2014-05,May 2014,False,False
2014-05-05,20140505,False,2014,Q2,2014 Q2,5,May,2014-05,May 2014,False,False
2014-05-06,20140506,False,2014,Q2,2014 Q2,5,May,2014-05,May 2014,False,False
2014-05-07,20140507,False,2014,Q2,2014 Q2,5,May,2014-05,May 2014,False,False
2014-05-08,20140508,False,2014,Q2,2014 Q2,5,May,2014-05,May 2014,False,False
2014-05-09,20140509,False,2014,Q2,2014 Q2,5,May,2014-05,May 2014,False,False
2014-05-10,20140510,False,2014,Q2,2014 Q2,5,May,2014-05,May 2014,False,False
2014-05-11,20140511,False,2014,Q2,2014 Q2,5,May,2014-05,May 2014,False,False
2014-05-12,20140512,False,2014,Q2,2014 Q2,5,May,2014-05,May 2014,False,False
2014-05-13,20140513,False,2014,Q2,2014 Q2,5,May,2014-05,May 2014,False,False
2014-05-14,20140514,False,2014,Q2,2014 Q2,5,May,2014-05,May 2014,False,False
2014-05-15,20140515,False,2014,Q2,2014 Q2,5,May,2014-05,May 2014,False,False
2014-05-16,20140516,False,2014,Q2,2014 Q2,5,May,2014-05,May 2014,False,False
2014-05-17,20140517,False,2014,Q2,2014 Q2,5,May,2014-05,May 2014,False,False
2014-05-18,20140518,False,2014,Q2,2014 Q2,5,May,2014-05,May 2014,False,False
2014-05-19,20140519,False,2014,Q2,2014 Q2,5,May,2014-05,May 2014,False,False
2014-05-20,20140520,False,2014,Q2,2014 Q2,5,May,2014-05,May 2014,False,False
2014-05-21,20140521,False,2014,Q2,2014 Q2,5,May,2014-05,May 2014,False,False
2014-05-22,20140522,False,2014,Q2,2014 Q2,5,May,2014-05,May 2014,False,False
2014-05-23,20140523,False,2014,Q2,2014 Q2,5,May,2014-05,May 2014,False,False
2014-05-24,20140524,False,2014,Q2,2014 Q2,5,May,2014-05,May 2014,False,False
2014-05-25,20140525,False,2014,Q2,2014 Q2,5,May,2014-05,May 2014,False,False
2014-05-26,20140526,False,2014,Q2,2014 Q2,5,May,2014-05,May 2014,False,False
2014-05-27,20140527,False,2014,Q2,2014 Q2,5,May,2014-05,May 2014,False,False
2014-05-28,20140528,False,2014,Q2,2014 Q2,5,May,2014-05,May 2014,False,False
2014-05-29,20140529,False,2014,Q2,2014 Q2,5,May,2014-05,May 2014,False,False
2014-05-30,20140530,False,2014,Q2,2014 Q2,5,May,2014-05,May 2014,False,False
2014-05-31,20140531,False,2014,Q2,2014 Q2,5,May,2014-05,May 2014,False,False
2014-06-01,20140601,True,2014,Q2,2014 Q2,6,Jun,2014-06,Jun 2014,False,False
2014-06-02,20140602,False,2014,Q2,2014 Q2,6,Jun,2014-06,Jun 2014,False,False
2014-06-03,20140603,False,2014,Q2,2014 Q2,6,Jun,2014-06,Jun 2014,False,False
2014-06-04,20140604,False,2014,Q2,2014 Q2,6,Jun,2014-06,Jun 2014,False,False
2014-06-05,20140605,False,2014,Q2,2014 Q2,6,Jun,2014-06,Jun 2014,False,False
2014-06-06,20140606,False,2014,Q2,2014 Q2,6,Jun,2014-06,Jun 2014,False,False
2014-06-07,20140607,False,2014,Q2,2014 Q2,6,Jun,2014-06,Jun 2014,False,False
2014-06-08,20140608,False,2014,Q2,2014 Q2,6,Jun,2014-06,Jun 2014,False,False
2014-06-09,20140609,False,2014,Q2,2014 Q2,6,Jun,2014-06,Jun 2014,False,False
2014-06-10,20140610,False,2014,Q2,2014 Q2,6,Jun,2014-06,Jun 2014,False,False
2014-06-11,20140611,False,2014,Q2,2014 Q2,6,Jun,2014-06,Jun 2014,False,False
2014-06-12,20140612,False,2014,Q2,2014 Q2,6,Jun,2014-06,Jun 2014,False,False
2014-06-13,20140613,False,2014,Q2,2014 Q2,6,Jun,2014-06,Jun 2014,False,False
2014-06-14,20140614,False,2014,Q2,2014 Q2,6,Jun,2014-06,Jun 2014,False,False
2014-06-15,20140615,False,2014,Q2,2014 Q2,6,Jun,2014-06,Jun 2014,False,False
2014-06-16,20140616,False,2014,Q2,2014 Q2,6,Jun,2014-06,Jun 2014,False,False
2014-06-17,20140617,False,2014,Q2,2014 Q2,6,Jun,2014-06,Jun 2014,False,False
2014-06-18,20140618,False,2014,Q2,2014 Q2,6,Jun,2014-06,Jun 2014,False,False
2014-06-19,20140619,False,2014,Q2,2014 Q2,6,Jun,2014-06,Jun 2014,False,False
2014-06-20,20140620,False,2014,Q2,2014 Q2,6,Jun,2014-06,Jun 2014,False,False
2014-06-21,20140621,False,2014,Q2,2014 Q2,6,Jun,2014-06,Jun 2014,False,False
2014-06-22,20140622,False,2014,Q2,2014 Q2,6,Jun,2014-06,Jun 2014,False,False
2014-06-23,20140623,False,2014,Q2,2014 Q2,6,Jun,2014-06,Jun 2014,False,False
2014-06-24,20140624,False,2014,Q2,2014 Q2,6,Jun,2014-06,Jun 2014,False,False
2014-06-25,20140625,False,2014,Q2,2014 Q2,6,Jun,2014-06,Jun 2014,False,False
2014-06-26,20140626,False,2014,Q2,2014 Q2,6,Jun,2014-06,Jun 2014,False,False
2014-06-27,20140627,False,2014,Q2,2014 Q2,6,Jun,2014-06,Jun 2014,False,False
2014-06-28,20140628,False,2014,Q2,2014 Q2,6,Jun,2014-06,Jun 2014,False,False
2014-06-29,20140629,False,2014,Q2,2014 Q2,6,Jun,2014-06,Jun 2014,False,False
2014-06-30,20140630,False,2014,Q2,2014 Q2,6,Jun,2014-06,Jun 2014,False,False
2014-07-01,20140701,True,2014,Q3,2014 Q3,7,Jul,2014-07,Jul 2014,False,False
2014-07-02,20140702,False,2014,Q3,2014 Q3,7,Jul,2014-07,Jul 2014,False,False
2014-07-03,20140703,False,2014,Q3,2014 Q3,7,Jul,2014-07,Jul 2014,False,False
2014-07-04,20140704,False,2014,Q3,2014 Q3,7,Jul,2014-07,Jul 2014,False,False
2014-07-05,20140705,False,2014,Q3,2014 Q3,7,Jul,2014-07,Jul 2014,False,False
2014-07-06,20140706,False,2014,Q3,2014 Q3,7,Jul,2014-07,Jul 2014,False,False
2014-07-07,20140707,False,2014,Q3,2014 Q3,7,Jul,2014-07,Jul 2014,False,False
2014-07-08,20140708,False,2014,Q3,2014 Q3,7,Jul,2014-07,Jul 2014,False,False
2014-07-09,20140709,False,2014,Q3,2014 Q3,7,Jul,2014-07,Jul 2014,False,False
2014-07-10,20140710,False,2014,Q3,2014 Q3,7,Jul,2014-07,Jul 2014,False,False
2014-07-11,20140711,False,2014,Q3,2014 Q3,7,Jul,2014-07,Jul 2014,False,False
2014-07-12,20140712,False,2014,Q3,2014 Q3,7,Jul,2014-07,Jul 2014,False,False
2014-07-13,20140713,False,2014,Q3,2014 Q3,7,Jul,2014-07,Jul 2014,False,False
2014-07-14,20140714,False,2014,Q3,2014 Q3,7,Jul,2014-07,Jul 2014,False,False
2014-07-15,20140715,False,2014,Q3,2014 Q3,7,Jul,2014-07,Jul 2014,False,False
2014-07-16,20140716,False,2014,Q3,2014 Q3,7,Jul,2014-07,Jul 2014,False,False
2014-07-17,20140717,False,2014,Q3,2014 Q3,7,Jul,2014-07,Jul 2014,False,False
2014-07-18,20140718,False,2014,Q3,2014 Q3,7,Jul,2014-07,Jul 2014,False,False
2014-07-19,20140719,False,2014,Q3,2014 Q3,7,Jul,2014-07,Jul 2014,False,False
2014-07-20,20140720,False,2014,Q3,2014 Q3,7,Jul,2014-07,Jul 2014,False,False
2014-07-21,20140721,False,2014,Q3,2014 Q3,7,Jul,2014-07,Jul 2014,False,False
2014-07-22,20140722,False,2014,Q3,2014 Q3,7,Jul,2014-07,Jul 2014,False,False
2014-07-23,20140723,False,2014,Q3,2014 Q3,7,Jul,2014-07,Jul 2014,False,False
2014-07-24,20140724,False,2014,Q3,2014 Q3,7,Jul,2014-07,Jul 2014,False,False
2014-07-25,20140725,False,2014,Q3,2014 Q3,7,Jul,2014-07,Jul 2014,False,False
2014-07-26,20140726,False,2014,Q3,2014 Q3,7,Jul,2014-07,Jul 2014,False,False
2014-07-27,20140727,False,2014,Q3,2014 Q3,7,Jul,2014-07,Jul 2014,False,False
2014-07-28,20140728,False,2014,Q3,2014 Q3,7,Jul,2014-07,Jul 2014,False,False
2014-07-29,20140729,False,2014,Q3,2014 Q3,7,Jul,2014-07,Jul 2014,False,False
2014-07-30,20140730,False,2014,Q3,2014 Q3,7,Jul,2014-07,Jul 2014,False,False
2014-07-31,20140731,False,2014,Q3,2014 Q3,7,Jul,2014-07,Jul 2014,False,False
2014-08-01,20140801,True,2014,Q3,2014 Q3,8,Aug,2014-08,Aug 2014,False,False
2014-08-02,20140802,False,2014,Q3,2014 Q3,8,Aug,2014-08,Aug 2014,False,False
2014-08-03,20140803,False,2014,Q3,2014 Q3,8,Aug,2014-08,Aug 2014,False,False
2014-08-04,20140804,False,2014,Q3,2014 Q3,8,Aug,2014-08,Aug 2014,False,False
2014-08-05,20140805,False,2014,Q3,2014 Q3,8,Aug,2014-08,Aug 2014,False,False
2014-08-06,20140806,False,2014,Q3,2014 Q3,8,Aug,2014-08,Aug 2014,False,False
2014-08-07,20140807,False,2014,Q3,2014 Q3,8,Aug,2014-08,Aug 2014,False,False
2014-08-08,20140808,False,2014,Q3,2014 Q3,8,Aug,2014-08,Aug 2014,False,False
2014-08-09,20140809,False,2014,Q3,2014 Q3,8,Aug,2014-08,Aug 2014,False,False
2014-08-10,20140810,False,2014,Q3,2014 Q3,8,Aug,2014-08,Aug 2014,False,False
2014-08-11,20140811,False,2014,Q3,2014 Q3,8,Aug,2014-08,Aug 2014,False,False
2014-08-12,20140812,False,2014,Q3,2014 Q3,8,Aug,2014-08,Aug 2014,False,False
2014-08-13,20140813,False,2014,Q3,2014 Q3,8,Aug,2014-08,Aug 2014,False,False
2014-08-14,20140814,False,2014,Q3,2014 Q3,8,Aug,2014-08,Aug 2014,False,False
2014-08-15,20140815,False,2014,Q3,2014 Q3,8,Aug,2014-08,Aug 2014,False,False
2014-08-16,20140816,False,2014,Q3,2014 Q3,8,Aug,2014-08,Aug 2014,False,False
2014-08-17,20140817,False,2014,Q3,2014 Q3,8,Aug,2014-08,Aug 2014,False,False
2014-08-18,20140818,False,2014,Q3,2014 Q3,8,Aug,2014-08,Aug 2014,False,False
2014-08-19,20140819,False,2014,Q3,2014 Q3,8,Aug,2014-08,Aug 2014,False,False
2014-08-20,20140820,False,2014,Q3,2014 Q3,8,Aug,2014-08,Aug 2014,False,False
2014-08-21,20140821,False,2014,Q3,2014 Q3,8,Aug,2014-08,Aug 2014,False,False
2014-08-22,20140822,False,2014,Q3,2014 Q3,8,Aug,2014-08,Aug 2014,False,False
2014-08-23,20140823,False,2014,Q3,2014 Q3,8,Aug,2014-08,Aug 2014,False,False
2014-08-24,20140824,False,2014,Q3,2014 Q3,8,Aug,2014-08,Aug 2014,False,False
2014-08-25,20140825,False,2014,Q3,2014 Q3,8,Aug,2014-08,Aug 2014,False,False
2014-08-26,20140826,False,2014,Q3,2014 Q3,8,Aug,2014-08,Aug 2014,False,False
2014-08-27,20140827,False,2014,Q3,2014 Q3,8,Aug,2014-08,Aug 2014,False,False
2014-08-28,20140828,False,2014,Q3,2014 Q3,8,Aug,2014-08,Aug 2014,False,False
2014-08-29,20140829,False,2014,Q3,2014 Q3,8,Aug,2014-08,Aug 2014,False,False
2014-08-30,20140830,False,2014,Q3,2014 Q3,8,Aug,2014-08,Aug 2014,False,False
2014-08-31,20140831,False,2014,Q3,2014 Q3,8,Aug,2014-08,Aug 2014,False,False
2014-09-01,20140901,True,2014,Q3,2014 Q3,9,Sep,2014-09,Sep 2014,False,False
2014-09-02,20140902,False,2014,Q3,2014 Q3,9,Sep,2014-09,Sep 2014,False,False
2014-09-03,20140903,False,2014,Q3,2014 Q3,9,Sep,2014-09,Sep 2014,False,False
2014-09-04,20140904,False,2014,Q3,2014 Q3,9,Sep,2014-09,Sep 2014,False,False
2014-09-05,20140905,False,2014,Q3,2014 Q3,9,Sep,2014-09,Sep 2014,False,False
2014-09-06,20140906,False,2014,Q3,2014 Q3,9,Sep,2014-09,Sep 2014,False,False
2014-09-07,20140907,False,2014,Q3,2014 Q3,9,Sep,2014-09,Sep 2014,False,False
2014-09-08,20140908,False,2014,Q3,2014 Q3,9,Sep,2014-09,Sep 2014,False,False
2014-09-09,20140909,False,2014,Q3,2014 Q3,9,Sep,2014-09,Sep 2014,False,False
2014-09-10,20140910,False,2014,Q3,2014 Q3,9,Sep,2014-09,Sep 2014,False,False
2014-09-11,20140911,False,2014,Q3,2014 Q3,9,Sep,2014-09,Sep 2014,False,False
2014-09-12,20140912,False,2014,Q3,2014 Q3,9,Sep,2014-09,Sep 2014,False,False
2014-09-13,20140913,False,2014,Q3,2014 Q3,9,Sep,2014-09,Sep 2014,False,False
2014-09-14,20140914,False,2014,Q3,2014 Q3,9,Sep,2014-09,Sep 2014,False,False
2014-09-15,20140915,False,2014,Q3,2014 Q3,9,Sep,2014-09,Sep 2014,False,False
2014-09-16,20140916,False,2014,Q3,2014 Q3,9,Sep,2014-09,Sep 2014,False,False
2014-09-17,20140917,False,2014,Q3,2014 Q3,9,Sep,2014-09,Sep 2014,False,False
2014-09-18,20140918,False,2014,Q3,2014 Q3,9,Sep,2014-09,Sep 2014,False,False
2014-09-19,20140919,False,2014,Q3,2014 Q3,9,Sep,2014-09,Sep 2014,False,False
2014-09-20,20140920,False,2014,Q3,2014 Q3,9,Sep,2014-09,Sep 2014,False,False
2014-09-21,20140921,False,2014,Q3,2014 Q3,9,Sep,2014-09,Sep 2014,False,False
2014-09-22,20140922,False,2014,Q3,2014 Q3,9,Sep,2014-09,Sep 2014,False,False
2014-09-23,20140923,False,2014,Q3,2014 Q3,9,Sep,2014-09,Sep 2014,False,False
2014-09-24,20140924,False,2014,Q3,2014 Q3,9,Sep,2014-09,Sep 2014,False,False
2014-09-25,20140925,False,2014,Q3,2014 Q3,9,Sep,2014-09,Sep 2014,False,False
2014-09-26,20140926,False,2014,Q3,2014 Q3,9,Sep,2014-09,Sep 2014,False,False
2014-09-27,20140927,False,2014,Q3,2014 Q3,9,Sep,2014-09,Sep 2014,False,False
2014-09-28,20140928,False,2014,Q3,2014 Q3,9,Sep,2014-09,Sep 2014,False,False
2014-09-29,20140929,False,2014,Q3,2014 Q3,9,Sep,2014-09,Sep 2014,False,False
2014-09-30,20140930,False,2014,Q3,2014 Q3,9,Sep,2014-09,Sep 2014,False,False
2014-10-01,20141001,True,2014,Q4,2014 Q4,10,Oct,2014-10,Oct 2014,False,False
2014-10-02,20141002,False,2014,Q4,2014 Q4,10,Oct,2014-10,Oct 2014,False,False
2014-10-03,20141003,False,2014,Q4,2014 Q4,10,Oct,2014-10,Oct 2014,False,False
2014-10-04,20141004,False,2014,Q4,2014 Q4,10,Oct,2014-10,Oct 2014,False,False
2014-10-05,20141005,False,2014,Q4,2014 Q4,10,Oct,2014-10,Oct 2014,False,False
2014-10-06,20141006,False,2014,Q4,2014 Q4,10,Oct,2014-10,Oct 2014,False,False
2014-10-07,20141007,False,2014,Q4,2014 Q4,10,Oct,2014-10,Oct 2014,False,False
2014-10-08,20141008,False,2014,Q4,2014 Q4,10,Oct,2014-10,Oct 2014,False,False
2014-10-09,20141009,False,2014,Q4,2014 Q4,10,Oct,2014-10,Oct 2014,False,False
2014-10-10,20141010,False,2014,Q4,2014 Q4,10,Oct,2014-10,Oct 2014,False,False
2014-10-11,20141011,False,2014,Q4,2014 Q4,10,Oct,2014-10,Oct 2014,False,False
2014-10-12,20141012,False,2014,Q4,2014 Q4,10,Oct,2014-10,Oct 2014,False,False
2014-10-13,20141013,False,2014,Q4,2014 Q4,10,Oct,2014-10,Oct 2014,False,False
2014-10-14,20141014,False,2014,Q4,2014 Q4,10,Oct,2014-10,Oct 2014,False,False
2014-10-15,20141015,False,2014,Q4,2014 Q4,10,Oct,2014-10,Oct 2014,False,False
2014-10-16,20141016,False,2014,Q4,2014 Q4,10,Oct,2014-10,Oct 2014,False,False
2014-10-17,20141017,False,2014,Q4,2014 Q4,10,Oct,2014-10,Oct 2014,False,False
2014-10-18,20141018,False,2014,Q4,2014 Q4,10,Oct,2014-10,Oct 2014,False,False
2014-10-19,20141019,False,2014,Q4,2014 Q4,10,Oct,2014-10,Oct 2014,False,False
2014-10-20,20141020,False,2014,Q4,2014 Q4,10,Oct,2014-10,Oct 2014,False,False
2014-10-21,20141021,False,2014,Q4,2014 Q4,10,Oct,2014-10,Oct 2014,False,False
2014-10-22,20141022,False,2014,Q4,2014 Q4,10,Oct,2014-10,Oct 2014,False,False
2014-10-23,20141023,False,2014,Q4,2014 Q4,10,Oct,2014-10,Oct 2014,False,False
2014-10-24,20141024,False,2014,Q4,2014 Q4,10,Oct,2014-10,Oct 2014,False,False
2014-10-25,20141025,False,2014,Q4,2014 Q4,10,Oct,2014-10,Oct 2014,False,False
2014-10-26,20141026,False,2014,Q4,2014 Q4,10,Oct,2014-10,Oct 2014,False,False
2014-10-27,20141027,False,2014,Q4,2014 Q4,10,Oct,2014-10,Oct 2014,False,False
2014-10-28,20141028,False,2014,Q4,2014 Q4,10,Oct,2014-10,Oct 2014,False,False
2014-10-29,20141029,False,2014,Q4,2014 Q4,10,Oct,2014-10,Oct 2014,False,False
2014-10-30,20141030,False,2014,Q4,2014 Q4,10,Oct,2014-10,Oct 2014,False,False
2014-10-31,20141031,False,2014,Q4,2014 Q4,10,Oct,2014-10,Oct 2014,False,False
2014-11-01,20141101,True,2014,Q4,2014 Q4,11,Nov,2014-11,Nov 2014,False,False
2014-11-02,20141102,False,2014,Q4,2014 Q4,11,Nov,2014-11,Nov 2014,False,False
2014-11-03,20141103,False,2014,Q4,2014 Q4,11,Nov,2014-11,Nov 2014,False,False
2014-11-04,20141104,False,2014,Q4,2014 Q4,11,Nov,2014-11,Nov 2014,False,False
2014-11-05,20141105,False,2014,Q4,2014 Q4,11,Nov,2014-11,Nov 2014,False,False
2014-11-06,20141106,False,2014,Q4,2014 Q4,11,Nov,2014-11,Nov 2014,False,False
2014-11-07,20141107,False,2014,Q4,2014 Q4,11,Nov,2014-11,Nov 2014,False,False
2014-11-08,20141108,False,2014,Q4,2014 Q4,11,Nov,2014-11,Nov 2014,False,False
2014-11-09,20141109,False,2014,Q4,2014 Q4,11,Nov,2014-11,Nov 2014,False,False
2014-11-10,20141110,False,2014,Q4,2014 Q4,11,Nov,2014-11,Nov 2014,False,False
2014-11-11,20141111,False,2014,Q4,2014 Q4,11,Nov,2014-11,Nov 2014,False,False
2014-11-12,20141112,False,2014,Q4,2014 Q4,11,Nov,2014-11,Nov 2014,False,False
2014-11-13,20141113,False,2014,Q4,2014 Q4,11,Nov,2014-11,Nov 2014,False,False
2014-11-14,20141114,False,2014,Q4,2014 Q4,11,Nov,2014-11,Nov 2014,False,False
2014-11-15,20141115,False,2014,Q4,2014 Q4,11,Nov,2014-11,Nov 2014,False,False
2014-11-16,20141116,False,2014,Q4,2014 Q4,11,Nov,2014-11,Nov 2014,False,False
2014-11-17,20141117,False,2014,Q4,2014 Q4,11,Nov,2014-11,Nov 2014,False,False
2014-11-18,20141118,False,2014,Q4,2014 Q4,11,Nov,2014-11,Nov 2014,False,False
2014-11-19,20141119,False,2014,Q4,2014 Q4,11,Nov,2014-11,Nov 2014,False,False
2014-11-20,20141120,False,2014,Q4,2014 Q4,11,Nov,2014-11,Nov 2014,False,False
2014-11-21,20141121,False,2014,Q4,2014 Q4,11,Nov,2014-11,Nov 2014,False,False
2014-11-22,20141122,False,2014,Q4,2014 Q4,11,Nov,2014-11,Nov 2014,False,False
2014-11-23,20141123,False,2014,Q4,2014 Q4,11,Nov,2014-11,Nov 2014,False,False
2014-11-24,20141124,False,2014,Q4,2014 Q4,11,Nov,2014-11,Nov 2014,False,False
2014-11-25,20141125,False,2014,Q4,2014 Q4,11,Nov,2014-11,Nov 2014,False,False
2014-11-26,20141126,False,2014,Q4,2014 Q4,11,Nov,2014-11,Nov 2014,False,False
2014-11-27,20141127,False,2014,Q4,2014 Q4,11,Nov,2014-11,Nov 2014,False,False
2014-11-28,20141128,False,2014,Q4,2014 Q4,11,Nov,2014-11,Nov 2014,False,False
2014-11-29,20141129,False,2014,Q4,2014 Q4,11,Nov,2014-11,Nov 2014,False,False
2014-11-30,20141130,False,2014,Q4,2014 Q4,11,Nov,2014-11,Nov 2014,False,False
2014-12-01,20141201,True,2014,Q4,2014 Q4,12,Dec,2014-12,Dec 2014,False,False
2014-12-02,20141202,False,2014,Q4,2014 Q4,12,Dec,2014-12,Dec 2014,False,False
2014-12-03,20141203,False,2014,Q4,2014 Q4,12,Dec,2014-12,Dec 2014,False,False
2014-12-04,20141204,False,2014,Q4,2014 Q4,12,Dec,2014-12,Dec 2014,False,False
2014-12-05,20141205,False,2014,Q4,2014 Q4,12,Dec,2014-12,Dec 2014,False,False
2014-12-06,20141206,False,2014,Q4,2014 Q4,12,Dec,2014-12,Dec 2014,False,False
2014-12-07,20141207,False,2014,Q4,2014 Q4,12,Dec,2014-12,Dec 2014,False,False
2014-12-08,20141208,False,2014,Q4,2014 Q4,12,Dec,2014-12,Dec 2014,False,False
2014-12-09,20141209,False,2014,Q4,2014 Q4,12,Dec,2014-12,Dec 2014,False,False
2014-12-10,20141210,False,2014,Q4,2014 Q4,12,Dec,2014-12,Dec 2014,False,False
2014-12-11,20141211,False,2014,Q4,2014 Q4,12,Dec,2014-12,Dec 2014,False,False
2014-12-12,20141212,False,2014,Q4,2014 Q4,12,Dec,2014-12,Dec 2014,False,False
2014-12-13,20141213,False,2014,Q4,2014 Q4,12,Dec,2014-12,Dec 2014,False,False
2014-12-14,20141214,False,2014,Q4,2014 Q4,12,Dec,2014-12,Dec 2014,False,False
2014-12-15,20141215,False,2014,Q4,2014 Q4,12,Dec,2014-12,Dec 2014,False,False
2014-12-16,20141216,False,2014,Q4,2014 Q4,12,Dec,2014-12,Dec 2014,False,False
2014-12-17,20141217,False,2014,Q4,2014 Q4,12,Dec,2014-12,Dec 2014,False,False
2014-12-18,20141218,False,2014,Q4,2014 Q4,12,Dec,2014-12,Dec 2014,False,False
2014-12-19,20141219,False,2014,Q4,2014 Q4,12,Dec,2014-12,Dec 2014,False,False
2014-12-20,20141220,False,2014,Q4,2014 Q4,12,Dec,2014-12,Dec 2014,False,False
2014-12-21,20141221,False,2014,Q4,2014 Q4,12,Dec,2014-12,Dec 2014,False,False
2014-12-22,20141222,False,2014,Q4,2014 Q4,12,Dec,2014-12,Dec 2014,False,False
2014-12-23,20141223,False,2014,Q4,2014 Q4,12,Dec,2014-12,Dec 2014,False,False
2014-12-24,20141224,False,2014,Q4,2014 Q4,12,Dec,2014-12,Dec 2014,False,False
2014-12-25,20141225,False,2014,Q4,2014 Q4,12,Dec,2014-12,Dec 2014,False,False
2014-12-26,20141226,False,2014,Q4,2014 Q4,12,Dec,2014-12,Dec 2014,False,False
2014-12-27,20141227,False,2014,Q4,2014 Q4,12,Dec,2014-12,Dec 2014,False,False
2014-12-28,20141228,False,2014,Q4,2014 Q4,12,Dec,2014-12,Dec 2014,False,False
2014-12-29,20141229,False,2014,Q4,2014 Q4,12,Dec,2014-12,Dec 2014,False,False
2014-12-30,20141230,False,2014,Q4,2014 Q4,12,Dec,2014-12,Dec 2014,False,False
2014-12-31,20141231,False,2014,Q4,2014 Q4,12,Dec,2014-12,Dec 2014,False,False
2015-01-01,20150101,True,2015,Q1,2015 Q1,1,Jan,2015-01,Jan 2015,False,False
2015-01-02,20150102,False,2015,Q1,2015 Q1,1,Jan,2015-01,Jan 2015,False,False
2015-01-03,20150103,False,2015,Q1,2015 Q1,1,Jan,2015-01,Jan 2015,False,False
2015-01-04,20150104,False,2015,Q1,2015 Q1,1,Jan,2015-01,Jan 2015,False,False
2015-01-05,20150105,False,2015,Q1,2015 Q1,1,Jan,2015-01,Jan 2015,False,False
2015-01-06,20150106,False,2015,Q1,2015 Q1,1,Jan,2015-01,Jan 2015,False,False
2015-01-07,20150107,False,2015,Q1,2015 Q1,1,Jan,2015-01,Jan 2015,False,False
2015-01-08,20150108,False,2015,Q1,2015 Q1,1,Jan,2015-01,Jan 2015,False,False
2015-01-09,20150109,False,2015,Q1,2015 Q1,1,Jan,2015-01,Jan 2015,False,False
2015-01-10,20150110,False,2015,Q1,2015 Q1,1,Jan,2015-01,Jan 2015,False,False
2015-01-11,20150111,False,2015,Q1,2015 Q1,1,Jan,2015-01,Jan 2015,False,False
2015-01-12,20150112,False,2015,Q1,2015 Q1,1,Jan,2015-01,Jan 2015,False,False
2015-01-13,20150113,False,2015,Q1,2015 Q1,1,Jan,2015-01,Jan 2015,False,False
2015-01-14,20150114,False,2015,Q1,2015 Q1,1,Jan,2015-01,Jan 2015,False,False
2015-01-15,20150115,False,2015,Q1,2015 Q1,1,Jan,2015-01,Jan 2015,False,False
2015-01-16,20150116,False,2015,Q1,2015 Q1,1,Jan,2015-01,Jan 2015,False,False
2015-01-17,20150117,False,2015,Q1,2015 Q1,1,Jan,2015-01,Jan 2015,False,False
2015-01-18,20150118,False,2015,Q1,2015 Q1,1,Jan,2015-01,Jan 2015,False,False
2015-01-19,20150119,False,2015,Q1,2015 Q1,1,Jan,2015-01,Jan 2015,False,False
2015-01-20,20150120,False,2015,Q1,2015 Q1,1,Jan,2015-01,Jan 2015,False,False
2015-01-21,20150121,False,2015,Q1,2015 Q1,1,Jan,2015-01,Jan 2015,False,False
2015-01-22,20150122,False,2015,Q1,2015 Q1,1,Jan,2015-01,Jan 2015,False,False
2015-01-23,20150123,False,2015,Q1,2015 Q1,1,Jan,2015-01,Jan 2015,False,False
2015-01-24,20150124,False,2015,Q1,2015 Q1,1,Jan,2015-01,Jan 2015,False,False
2015-01-25,20150125,False,2015,Q1,2015 Q1,1,Jan,2015-01,Jan 2015,False,False
2015-01-26,20150126,False,2015,Q1,2015 Q1,1,Jan,2015-01,Jan 2015,False,False
2015-01-27,20150127,False,2015,Q1,2015 Q1,1,Jan,2015-01,Jan 2015,False,False
2015-01-28,20150128,False,2015,Q1,2015 Q1,1,Jan,2015-01,Jan 2015,False,False
2015-01-29,20150129,False,2015,Q1,2015 Q1,1,Jan,2015-01,Jan 2015,False,False
2015-01-30,20150130,False,2015,Q1,2015 Q1,1,Jan,2015-01,Jan 2015,False,False
2015-01-31,20150131,False,2015,Q1,2015 Q1,1,Jan,2015-01,Jan 2015,False,False
2015-02-01,20150201,True,2015,Q1,2015 Q1,2,Feb,2015-02,Feb 2015,False,False
2015-02-02,20150202,False,2015,Q1,2015 Q1,2,Feb,2015-02,Feb 2015,False,False
2015-02-03,20150203,False,2015,Q1,2015 Q1,2,Feb,2015-02,Feb 2015,False,False
2015-02-04,20150204,False,2015,Q1,2015 Q1,2,Feb,2015-02,Feb 2015,False,False
2015-02-05,20150205,False,2015,Q1,2015 Q1,2,Feb,2015-02,Feb 2015,False,False
2015-02-06,20150206,False,2015,Q1,2015 Q1,2,Feb,2015-02,Feb 2015,False,False
2015-02-07,20150207,False,2015,Q1,2015 Q1,2,Feb,2015-02,Feb 2015,False,False
2015-02-08,20150208,False,2015,Q1,2015 Q1,2,Feb,2015-02,Feb 2015,False,False
2015-02-09,20150209,False,2015,Q1,2015 Q1,2,Feb,2015-02,Feb 2015,False,False
2015-02-10,20150210,False,2015,Q1,2015 Q1,2,Feb,2015-02,Feb 2015,False,False
2015-02-11,20150211,False,2015,Q1,2015 Q1,2,Feb,2015-02,Feb 2015,False,False
2015-02-12,20150212,False,2015,Q1,2015 Q1,2,Feb,2015-02,Feb 2015,False,False
2015-02-13,20150213,False,2015,Q1,2015 Q1,2,Feb,2015-02,Feb 2015,False,False
2015-02-14,20150214,False,2015,Q1,2015 Q1,2,Feb,2015-02,Feb 2015,False,False
2015-02-15,20150215,False,2015,Q1,2015 Q1,2,Feb,2015-02,Feb 2015,False,False
2015-02-16,20150216,False,2015,Q1,2015 Q1,2,Feb,2015-02,Feb 2015,False,False
2015-02-17,20150217,False,2015,Q1,2015 Q1,2,Feb,2015-02,Feb 2015,False,False
2015-02-18,20150218,False,2015,Q1,2015 Q1,2,Feb,2015-02,Feb 2015,False,False
2015-02-19,20150219,False,2015,Q1,2015 Q1,2,Feb,2015-02,Feb 2015,False,False
2015-02-20,20150220,False,2015,Q1,2015 Q1,2,Feb,2015-02,Feb 2015,False,False
2015-02-21,20150221,False,2015,Q1,2015 Q1,2,Feb,2015-02,Feb 2015,False,False
2015-02-22,20150222,False,2015,Q1,2015 Q1,2,Feb,2015-02,Feb 2015,False,False
2015-02-23,20150223,False,2015,Q1,2015 Q1,2,Feb,2015-02,Feb 2015,False,False
2015-02-24,20150224,False,2015,Q1,2015 Q1,2,Feb,2015-02,Feb 2015,False,False
2015-02-25,20150225,False,2015,Q1,2015 Q1,2,Feb,2015-02,Feb 2015,False,False
2015-02-26,20150226,False,2015,Q1,2015 Q1,2,Feb,2015-02,Feb 2015,False,False
2015-02-27,20150227,False,2015,Q1,2015 Q1,2,Feb,2015-02,Feb 2015,False,False
2015-02-28,20150228,False,2015,Q1,2015 Q1,2,Feb,2015-02,Feb 2015,False,False
2015-03-01,20150301,True,2015,Q1,2015 Q1,3,Mar,2015-03,Mar 2015,False,False
2015-03-02,20150302,False,2015,Q1,2015 Q1,3,Mar,2015-03,Mar 2015,False,False
2015-03-03,20150303,False,2015,Q1,2015 Q1,3,Mar,2015-03,Mar 2015,False,False
2015-03-04,20150304,False,2015,Q1,2015 Q1,3,Mar,2015-03,Mar 2015,False,False
2015-03-05,20150305,False,2015,Q1,2015 Q1,3,Mar,2015-03,Mar 2015,False,False
2015-03-06,20150306,False,2015,Q1,2015 Q1,3,Mar,2015-03,Mar 2015,False,False
2015-03-07,20150307,False,2015,Q1,2015 Q1,3,Mar,2015-03,Mar 2015,False,False
2015-03-08,20150308,False,2015,Q1,2015 Q1,3,Mar,2015-03,Mar 2015,False,False
2015-03-09,20150309,False,2015,Q1,2015 Q1,3,Mar,2015-03,Mar 2015,False,False
2015-03-10,20150310,False,2015,Q1,2015 Q1,3,Mar,2015-03,Mar 2015,False,False
2015-03-11,20150311,False,2015,Q1,2015 Q1,3,Mar,2015-03,Mar 2015,False,False
2015-03-12,20150312,False,2015,Q1,2015 Q1,3,Mar,2015-03,Mar 2015,False,False
2015-03-13,20150313,False,2015,Q1,2015 Q1,3,Mar,2015-03,Mar 2015,False,False
2015-03-14,20150314,False,2015,Q1,2015 Q1,3,Mar,2015-03,Mar 2015,False,False
2015-03-15,20150315,False,2015,Q1,2015 Q1,3,Mar,2015-03,Mar 2015,False,False
2015-03-16,20150316,False,2015,Q1,2015 Q1,3,Mar,2015-03,Mar 2015,False,False
2015-03-17,20150317,False,2015,Q1,2015 Q1,3,Mar,2015-03,Mar 2015,False,False
2015-03-18,20150318,False,2015,Q1,2015 Q1,3,Mar,2015-03,Mar 2015,False,False
2015-03-19,20150319,False,2015,Q1,2015 Q1,3,Mar,2015-03,Mar 2015,False,False
2015-03-20,20150320,False,2015,Q1,2015 Q1,3,Mar,2015-03,Mar 2015,False,False
2015-03-21,20150321,False,2015,Q1,2015 Q1,3,Mar,2015-03,Mar 2015,False,False
2015-03-22,20150322,False,2015,Q1,2015 Q1,3,Mar,2015-03,Mar 2015,False,False
2015-03-23,20150323,False,2015,Q1,2015 Q1,3,Mar,2015-03,Mar 2015,False,False
2015-03-24,20150324,False,2015,Q1,2015 Q1,3,Mar,2015-03,Mar 2015,False,False
2015-03-25,20150325,False,2015,Q1,2015 Q1,3,Mar,2015-03,Mar 2015,False,False
2015-03-26,20150326,False,2015,Q1,2015 Q1,3,Mar,2015-03,Mar 2015,False,False
2015-03-27,20150327,False,2015,Q1,2015 Q1,3,Mar,2015-03,Mar 2015,False,False
2015-03-28,20150328,False,2015,Q1,2015 Q1,3,Mar,2015-03,Mar 2015,False,False
2015-03-29,20150329,False,2015,Q1,2015 Q1,3,Mar,2015-03,Mar 2015,False,False
2015-03-30,20150330,False,2015,Q1,2015 Q1,3,Mar,2015-03,Mar 2015,False,False
2015-03-31,20150331,False,2015,Q1,2015 Q1,3,Mar,2015-03,Mar 2015,False,False
2015-04-01,20150401,True,2015,Q2,2015 Q2,4,Apr,2015-04,Apr 2015,False,False
2015-04-02,20150402,False,2015,Q2,2015 Q2,4,Apr,2015-04,Apr 2015,False,False
2015-04-03,20150403,False,2015,Q2,2015 Q2,4,Apr,2015-04,Apr 2015,False,False
2015-04-04,20150404,False,2015,Q2,2015 Q2,4,Apr,2015-04,Apr 2015,False,False
2015-04-05,20150405,False,2015,Q2,2015 Q2,4,Apr,2015-04,Apr 2015,False,False
2015-04-06,20150406,False,2015,Q2,2015 Q2,4,Apr,2015-04,Apr 2015,False,False
2015-04-07,20150407,False,2015,Q2,2015 Q2,4,Apr,2015-04,Apr 2015,False,False
2015-04-08,20150408,False,2015,Q2,2015 Q2,4,Apr,2015-04,Apr 2015,False,False
2015-04-09,20150409,False,2015,Q2,2015 Q2,4,Apr,2015-04,Apr 2015,False,False
2015-04-10,20150410,False,2015,Q2,2015 Q2,4,Apr,2015-04,Apr 2015,False,False
2015-04-11,20150411,False,2015,Q2,2015 Q2,4,Apr,2015-04,Apr 2015,False,False
2015-04-12,20150412,False,2015,Q2,2015 Q2,4,Apr,2015-04,Apr 2015,False,False
2015-04-13,20150413,False,2015,Q2,2015 Q2,4,Apr,2015-04,Apr 2015,False,False
2015-04-14,20150414,False,2015,Q2,2015 Q2,4,Apr,2015-04,Apr 2015,False,False
2015-04-15,20150415,False,2015,Q2,2015 Q2,4,Apr,2015-04,Apr 2015,False,False
2015-04-16,20150416,False,2015,Q2,2015 Q2,4,Apr,2015-04,Apr 2015,False,False
2015-04-17,20150417,False,2015,Q2,2015 Q2,4,Apr,2015-04,Apr 2015,False,False
2015-04-18,20150418,False,2015,Q2,2015 Q2,4,Apr,2015-04,Apr 2015,False,False
2015-04-19,20150419,False,2015,Q2,2015 Q2,4,Apr,2015-04,Apr 2015,False,False
2015-04-20,20150420,False,2015,Q2,2015 Q2,4,Apr,2015-04,Apr 2015,False,False
2015-04-21,20150421,False,2015,Q2,2015 Q2,4,Apr,2015-04,Apr 2015,False,False
2015-04-22,20150422,False,2015,Q2,2015 Q2,4,Apr,2015-04,Apr 2015,False,False
2015-04-23,20150423,False,2015,Q2,2015 Q2,4,Apr,2015-04,Apr 2015,False,False
2015-04-24,20150424,False,2015,Q2,2015 Q2,4,Apr,2015-04,Apr 2015,False,False
2015-04-25,20150425,False,2015,Q2,2015 Q2,4,Apr,2015-04,Apr 2015,False,False
2015-04-26,20150426,False,2015,Q2,2015 Q2,4,Apr,2015-04,Apr 2015,False,False
2015-04-27,20150427,False,2015,Q2,2015 Q2,4,Apr,2015-04,Apr 2015,False,False
2015-04-28,20150428,False,2015,Q2,2015 Q2,4,Apr,2015-04,Apr 2015,False,False
2015-04-29,20150429,False,2015,Q2,2015 Q2,4,Apr,2015-04,Apr 2015,False,False
2015-04-30,20150430,False,2015,Q2,2015 Q2,4,Apr,2015-04,Apr 2015,False,False
2015-05-01,20150501,True,2015,Q2,2015 Q2,5,May,2015-05,May 2015,False,False
2015-05-02,20150502,False,2015,Q2,2015 Q2,5,May,2015-05,May 2015,False,False
2015-05-03,20150503,False,2015,Q2,2015 Q2,5,May,2015-05,May 2015,False,False
2015-05-04,20150504,False,2015,Q2,2015 Q2,5,May,2015-05,May 2015,False,False
2015-05-05,20150505,False,2015,Q2,2015 Q2,5,May,2015-05,May 2015,False,False
2015-05-06,20150506,False,2015,Q2,2015 Q2,5,May,2015-05,May 2015,False,False
2015-05-07,20150507,False,2015,Q2,2015 Q2,5,May,2015-05,May 2015,False,False
2015-05-08,20150508,False,2015,Q2,2015 Q2,5,May,2015-05,May 2015,False,False
2015-05-09,20150509,False,2015,Q2,2015 Q2,5,May,2015-05,May 2015,False,False
2015-05-10,20150510,False,2015,Q2,2015 Q2,5,May,2015-05,May 2015,False,False
2015-05-11,20150511,False,2015,Q2,2015 Q2,5,May,2015-05,May 2015,False,False
2015-05-12,20150512,False,2015,Q2,2015 Q2,5,May,2015-05,May 2015,False,False
2015-05-13,20150513,False,2015,Q2,2015 Q2,5,May,2015-05,May 2015,False,False
2015-05-14,20150514,False,2015,Q2,2015 Q2,5,May,2015-05,May 2015,False,False
2015-05-15,20150515,False,2015,Q2,2015 Q2,5,May,2015-05,May 2015,False,False
2015-05-16,20150516,False,2015,Q2,2015 Q2,5,May,2015-05,May 2015,False,False
2015-05-17,20150517,False,2015,Q2,2015 Q2,5,May,2015-05,May 2015,False,False
2015-05-18,20150518,False,2015,Q2,2015 Q2,5,May,2015-05,May 2015,False,False
2015-05-19,20150519,False,2015,Q2,2015 Q2,5,May,2015-05,May 2015,False,False
2015-05-20,20150520,False,2015,Q2,2015 Q2,5,May,2015-05,May 2015,False,False
2015-05-21,20150521,False,2015,Q2,2015 Q2,5,May,2015-05,May 2015,False,False
2015-05-22,20150522,False,2015,Q2,2015 Q2,5,May,2015-05,May 2015,False,False
2015-05-23,20150523,False,2015,Q2,2015 Q2,5,May,2015-05,May 2015,False,False
2015-05-24,20150524,False,2015,Q2,2015 Q2,5,May,2015-05,May 2015,False,False
2015-05-25,20150525,False,2015,Q2,2015 Q2,5,May,2015-05,May 2015,False,False
2015-05-26,20150526,False,2015,Q2,2015 Q2,5,May,2015-05,May 2015,False,False
2015-05-27,20150527,False,2015,Q2,2015 Q2,5,May,2015-05,May 2015,False,False
2015-05-28,20150528,False,2015,Q2,2015 Q2,5,May,2015-05,May 2015,False,False
2015-05-29,20150529,False,2015,Q2,2015 Q2,5,May,2015-05,May 2015,False,False
2015-05-30,20150530,False,2015,Q2,2015 Q2,5,May,2015-05,May 2015,False,False
2015-05-31,20150531,False,2015,Q2,2015 Q2,5,May,2015-05,May 2015,False,False
2015-06-01,20150601,True,2015,Q2,2015 Q2,6,Jun,2015-06,Jun 2015,False,False
2015-06-02,20150602,False,2015,Q2,2015 Q2,6,Jun,2015-06,Jun 2015,False,False
2015-06-03,20150603,False,2015,Q2,2015 Q2,6,Jun,2015-06,Jun 2015,False,False
2015-06-04,20150604,False,2015,Q2,2015 Q2,6,Jun,2015-06,Jun 2015,False,False
2015-06-05,20150605,False,2015,Q2,2015 Q2,6,Jun,2015-06,Jun 2015,False,False
2015-06-06,20150606,False,2015,Q2,2015 Q2,6,Jun,2015-06,Jun 2015,False,False
2015-06-07,20150607,False,2015,Q2,2015 Q2,6,Jun,2015-06,Jun 2015,False,False
2015-06-08,20150608,False,2015,Q2,2015 Q2,6,Jun,2015-06,Jun 2015,False,False
2015-06-09,20150609,False,2015,Q2,2015 Q2,6,Jun,2015-06,Jun 2015,False,False
2015-06-10,20150610,False,2015,Q2,2015 Q2,6,Jun,2015-06,Jun 2015,False,False
2015-06-11,20150611,False,2015,Q2,2015 Q2,6,Jun,2015-06,Jun 2015,False,False
2015-06-12,20150612,False,2015,Q2,2015 Q2,6,Jun,2015-06,Jun 2015,False,False
2015-06-13,20150613,False,2015,Q2,2015 Q2,6,Jun,2015-06,Jun 2015,False,False
2015-06-14,20150614,False,2015,Q2,2015 Q2,6,Jun,2015-06,Jun 2015,False,False
2015-06-15,20150615,False,2015,Q2,2015 Q2,6,Jun,2015-06,Jun 2015,False,False
2015-06-16,20150616,False,2015,Q2,2015 Q2,6,Jun,2015-06,Jun 2015,False,False
2015-06-17,20150617,False,2015,Q2,2015 Q2,6,Jun,2015-06,Jun 2015,False,False
2015-06-18,20150618,False,2015,Q2,2015 Q2,6,Jun,2015-06,Jun 2015,False,False
2015-06-19,20150619,False,2015,Q2,2015 Q2,6,Jun,2015-06,Jun 2015,False,False
2015-06-20,20150620,False,2015,Q2,2015 Q2,6,Jun,2015-06,Jun 2015,False,False
2015-06-21,20150621,False,2015,Q2,2015 Q2,6,Jun,2015-06,Jun 2015,False,False
2015-06-22,20150622,False,2015,Q2,2015 Q2,6,Jun,2015-06,Jun 2015,False,False
2015-06-23,20150623,False,2015,Q2,2015 Q2,6,Jun,2015-06,Jun 2015,False,False
2015-06-24,20150624,False,2015,Q2,2015 Q2,6,Jun,2015-06,Jun 2015,False,False
2015-06-25,20150625,False,2015,Q2,2015 Q2,6,Jun,2015-06,Jun 2015,False,False
2015-06-26,20150626,False,2015,Q2,2015 Q2,6,Jun,2015-06,Jun 2015,False,False
2015-06-27,20150627,False,2015,Q2,2015 Q2,6,Jun,2015-06,Jun 2015,False,False
2015-06-28,20150628,False,2015,Q2,2015 Q2,6,Jun,2015-06,Jun 2015,False,False
2015-06-29,20150629,False,2015,Q2,2015 Q2,6,Jun,2015-06,Jun 2015,False,False
2015-06-30,20150630,False,2015,Q2,2015 Q2,6,Jun,2015-06,Jun 2015,False,False
2015-07-01,20150701,True,2015,Q3,2015 Q3,7,Jul,2015-07,Jul 2015,False,False
2015-07-02,20150702,False,2015,Q3,2015 Q3,7,Jul,2015-07,Jul 2015,False,False
2015-07-03,20150703,False,2015,Q3,2015 Q3,7,Jul,2015-07,Jul 2015,False,False
2015-07-04,20150704,False,2015,Q3,2015 Q3,7,Jul,2015-07,Jul 2015,False,False
2015-07-05,20150705,False,2015,Q3,2015 Q3,7,Jul,2015-07,Jul 2015,False,False
2015-07-06,20150706,False,2015,Q3,2015 Q3,7,Jul,2015-07,Jul 2015,False,False
2015-07-07,20150707,False,2015,Q3,2015 Q3,7,Jul,2015-07,Jul 2015,False,False
2015-07-08,20150708,False,2015,Q3,2015 Q3,7,Jul,2015-07,Jul 2015,False,False
2015-07-09,20150709,False,2015,Q3,2015 Q3,7,Jul,2015-07,Jul 2015,False,False
2015-07-10,20150710,False,2015,Q3,2015 Q3,7,Jul,2015-07,Jul 2015,False,False
2015-07-11,20150711,False,2015,Q3,2015 Q3,7,Jul,2015-07,Jul 2015,False,False
2015-07-12,20150712,False,2015,Q3,2015 Q3,7,Jul,2015-07,Jul 2015,False,False
2015-07-13,20150713,False,2015,Q3,2015 Q3,7,Jul,2015-07,Jul 2015,False,False
2015-07-14,20150714,False,2015,Q3,2015 Q3,7,Jul,2015-07,Jul 2015,False,False
2015-07-15,20150715,False,2015,Q3,2015 Q3,7,Jul,2015-07,Jul 2015,False,False
2015-07-16,20150716,False,2015,Q3,2015 Q3,7,Jul,2015-07,Jul 2015,False,False
2015-07-17,20150717,False,2015,Q3,2015 Q3,7,Jul,2015-07,Jul 2015,False,False
2015-07-18,20150718,False,2015,Q3,2015 Q3,7,Jul,2015-07,Jul 2015,False,False
2015-07-19,20150719,False,2015,Q3,2015 Q3,7,Jul,2015-07,Jul 2015,False,False
2015-07-20,20150720,False,2015,Q3,2015 Q3,7,Jul,2015-07,Jul 2015,False,False
2015-07-21,20150721,False,2015,Q3,2015 Q3,7,Jul,2015-07,Jul 2015,False,False
2015-07-22,20150722,False,2015,Q3,2015 Q3,7,Jul,2015-07,Jul 2015,False,False
2015-07-23,20150723,False,2015,Q3,2015 Q3,7,Jul,2015-07,Jul 2015,False,False
2015-07-24,20150724,False,2015,Q3,2015 Q3,7,Jul,2015-07,Jul 2015,False,False
2015-07-25,20150725,False,2015,Q3,2015 Q3,7,Jul,2015-07,Jul 2015,False,False
2015-07-26,20150726,False,2015,Q3,2015 Q3,7,Jul,2015-07,Jul 2015,False,False
2015-07-27,20150727,False,2015,Q3,2015 Q3,7,Jul,2015-07,Jul 2015,False,False
2015-07-28,20150728,False,2015,Q3,2015 Q3,7,Jul,2015-07,Jul 2015,False,False
2015-07-29,20150729,False,2015,Q3,2015 Q3,7,Jul,2015-07,Jul 2015,False,False
2015-07-30,20150730,False,2015,Q3,2015 Q3,7,Jul,2015-07,Jul 2015,False,False
2015-07-31,20150731,False,2015,Q3,2015 Q3,7,Jul,2015-07,Jul 2015,False,False
2015-08-01,20150801,True,2015,Q3,2015 Q3,8,Aug,2015-08,Aug 2015,False,False
2015-08-02,20150802,False,2015,Q3,2015 Q3,8,Aug,2015-08,Aug 2015,False,False
2015-08-03,20150803,False,2015,Q3,2015 Q3,8,Aug,2015-08,Aug 2015,False,False
2015-08-04,20150804,False,2015,Q3,2015 Q3,8,Aug,2015-08,Aug 2015,False,False
2015-08-05,20150805,False,2015,Q3,2015 Q3,8,Aug,2015-08,Aug 2015,False,False
2015-08-06,20150806,False,2015,Q3,2015 Q3,8,Aug,2015-08,Aug 2015,False,False
2015-08-07,20150807,False,2015,Q3,2015 Q3,8,Aug,2015-08,Aug 2015,False,False
2015-08-08,20150808,False,2015,Q3,2015 Q3,8,Aug,2015-08,Aug 2015,False,False
2015-08-09,20150809,False,2015,Q3,2015 Q3,8,Aug,2015-08,Aug 2015,False,False
2015-08-10,20150810,False,2015,Q3,2015 Q3,8,Aug,2015-08,Aug 2015,False,False
2015-08-11,20150811,False,2015,Q3,2015 Q3,8,Aug,2015-08,Aug 2015,False,False
2015-08-12,20150812,False,2015,Q3,2015 Q3,8,Aug,2015-08,Aug 2015,False,False
2015-08-13,20150813,False,2015,Q3,2015 Q3,8,Aug,2015-08,Aug 2015,False,False
2015-08-14,20150814,False,2015,Q3,2015 Q3,8,Aug,2015-08,Aug 2015,False,False
2015-08-15,20150815,False,2015,Q3,2015 Q3,8,Aug,2015-08,Aug 2015,False,False
2015-08-16,20150816,False,2015,Q3,2015 Q3,8,Aug,2015-08,Aug 2015,False,False
2015-08-17,20150817,False,2015,Q3,2015 Q3,8,Aug,2015-08,Aug 2015,False,False
2015-08-18,20150818,False,2015,Q3,2015 Q3,8,Aug,2015-08,Aug 2015,False,False
2015-08-19,20150819,False,2015,Q3,2015 Q3,8,Aug,2015-08,Aug 2015,False,False
2015-08-20,20150820,False,2015,Q3,2015 Q3,8,Aug,2015-08,Aug 2015,False,False
2015-08-21,20150821,False,2015,Q3,2015 Q3,8,Aug,2015-08,Aug 2015,False,False
2015-08-22,20150822,False,2015,Q3,2015 Q3,8,Aug,2015-08,Aug 2015,False,False
2015-08-23,20150823,False,2015,Q3,2015 Q3,8,Aug,2015-08,Aug 2015,False,False
2015-08-24,20150824,False,2015,Q3,2015 Q3,8,Aug,2015-08,Aug 2015,False,False
2015-08-25,20150825,False,2015,Q3,2015 Q3,8,Aug,2015-08,Aug 2015,False,False
2015-08-26,20150826,False,2015,Q3,2015 Q3,8,Aug,2015-08,Aug 2015,False,False
2015-08-27,20150827,False,2015,Q3,2015 Q3,8,Aug,2015-08,Aug 2015,False,False
2015-08-28,20150828,False,2015,Q3,2015 Q3,8,Aug,2015-08,Aug 2015,False,False
2015-08-29,20150829,False,2015,Q3,2015 Q3,8,Aug,2015-08,Aug 2015,False,False
2015-08-30,20150830,False,2015,Q3,2015 Q3,8,Aug,2015-08,Aug 2015,False,False
2015-08-31,20150831,False,2015,Q3,2015 Q3,8,Aug,2015-08,Aug 2015,False,False
2015-09-01,20150901,True,2015,Q3,2015 Q3,9,Sep,2015-09,Sep 2015,False,False
2015-09-02,20150902,False,2015,Q3,2015 Q3,9,Sep,2015-09,Sep 2015,False,False
2015-09-03,20150903,False,2015,Q3,2015 Q3,9,Sep,2015-09,Sep 2015,False,False
2015-09-04,20150904,False,2015,Q3,2015 Q3,9,Sep,2015-09,Sep 2015,False,False
2015-09-05,20150905,False,2015,Q3,2015 Q3,9,Sep,2015-09,Sep 2015,False,False
2015-09-06,20150906,False,2015,Q3,2015 Q3,9,Sep,2015-09,Sep 2015,False,False
2015-09-07,20150907,False,2015,Q3,2015 Q3,9,Sep,2015-09,Sep 2015,False,False
2015-09-08,20150908,False,2015,Q3,2015 Q3,9,Sep,2015-09,Sep 2015,False,False
2015-09-09,20150909,False,2015,Q3,2015 Q3,9,Sep,2015-09,Sep 2015,False,False
2015-09-10,20150910,False,2015,Q3,2015 Q3,9,Sep,2015-09,Sep 2015,False,False
2015-09-11,20150911,False,2015,Q3,2015 Q3,9,Sep,2015-09,Sep 2015,False,False
2015-09-12,20150912,False,2015,Q3,2015 Q3,9,Sep,2015-09,Sep 2015,False,False
2015-09-13,20150913,False,2015,Q3,2015 Q3,9,Sep,2015-09,Sep 2015,False,False
2015-09-14,20150914,False,2015,Q3,2015 Q3,9,Sep,2015-09,Sep 2015,False,False
2015-09-15,20150915,False,2015,Q3,2015 Q3,9,Sep,2015-09,Sep 2015,False,False
2015-09-16,20150916,False,2015,Q3,2015 Q3,9,Sep,2015-09,Sep 2015,False,False
2015-09-17,20150917,False,2015,Q3,2015 Q3,9,Sep,2015-09,Sep 2015,False,False
2015-09-18,20150918,False,2015,Q3,2015 Q3,9,Sep,2015-09,Sep 2015,False,False
2015-09-19,20150919,False,2015,Q3,2015 Q3,9,Sep,2015-09,Sep 2015,False,False
2015-09-20,20150920,False,2015,Q3,2015 Q3,9,Sep,2015-09,Sep 2015,False,False
2015-09-21,20150921,False,2015,Q3,2015 Q3,9,Sep,2015-09,Sep 2015,False,False
2015-09-22,20150922,False,2015,Q3,2015 Q3,9,Sep,2015-09,Sep 2015,False,False
2015-09-23,20150923,False,2015,Q3,2015 Q3,9,Sep,2015-09,Sep 2015,False,False
2015-09-24,20150924,False,2015,Q3,2015 Q3,9,Sep,2015-09,Sep 2015,False,False
2015-09-25,20150925,False,2015,Q3,2015 Q3,9,Sep,2015-09,Sep 2015,False,False
2015-09-26,20150926,False,2015,Q3,2015 Q3,9,Sep,2015-09,Sep 2015,False,False
2015-09-27,20150927,False,2015,Q3,2015 Q3,9,Sep,2015-09,Sep 2015,False,False
2015-09-28,20150928,False,2015,Q3,2015 Q3,9,Sep,2015-09,Sep 2015,False,False
2015-09-29,20150929,False,2015,Q3,2015 Q3,9,Sep,2015-09,Sep 2015,False,False
2015-09-30,20150930,False,2015,Q3,2015 Q3,9,Sep,2015-09,Sep 2015,False,False
2015-10-01,20151001,True,2015,Q4,2015 Q4,10,Oct,2015-10,Oct 2015,False,False
2015-10-02,20151002,False,2015,Q4,2015 Q4,10,Oct,2015-10,Oct 2015,False,False
2015-10-03,20151003,False,2015,Q4,2015 Q4,10,Oct,2015-10,Oct 2015,False,False
2015-10-04,20151004,False,2015,Q4,2015 Q4,10,Oct,2015-10,Oct 2015,False,False
2015-10-05,20151005,False,2015,Q4,2015 Q4,10,Oct,2015-10,Oct 2015,False,False
2015-10-06,20151006,False,2015,Q4,2015 Q4,10,Oct,2015-10,Oct 2015,False,False
2015-10-07,20151007,False,2015,Q4,2015 Q4,10,Oct,2015-10,Oct 2015,False,False
2015-10-08,20151008,False,2015,Q4,2015 Q4,10,Oct,2015-10,Oct 2015,False,False
2015-10-09,20151009,False,2015,Q4,2015 Q4,10,Oct,2015-10,Oct 2015,False,False
2015-10-10,20151010,False,2015,Q4,2015 Q4,10,Oct,2015-10,Oct 2015,False,False
2015-10-11,20151011,False,2015,Q4,2015 Q4,10,Oct,2015-10,Oct 2015,False,False
2015-10-12,20151012,False,2015,Q4,2015 Q4,10,Oct,2015-10,Oct 2015,False,False
2015-10-13,20151013,False,2015,Q4,2015 Q4,10,Oct,2015-10,Oct 2015,False,False
2015-10-14,20151014,False,2015,Q4,2015 Q4,10,Oct,2015-10,Oct 2015,False,False
2015-10-15,20151015,False,2015,Q4,2015 Q4,10,Oct,2015-10,Oct 2015,False,False
2015-10-16,20151016,False,2015,Q4,2015 Q4,10,Oct,2015-10,Oct 2015,False,False
2015-10-17,20151017,False,2015,Q4,2015 Q4,10,Oct,2015-10,Oct 2015,False,False
2015-10-18,20151018,False,2015,Q4,2015 Q4,10,Oct,2015-10,Oct 2015,False,False
2015-10-19,20151019,False,2015,Q4,2015 Q4,10,Oct,2015-10,Oct 2015,False,False
2015-10-20,20151020,False,2015,Q4,2015 Q4,10,Oct,2015-10,Oct 2015,False,False
2015-10-21,20151021,False,2015,Q4,2015 Q4,10,Oct,2015-10,Oct 2015,False,False
2015-10-22,20151022,False,2015,Q4,2015 Q4,10,Oct,2015-10,Oct 2015,False,False
2015-10-23,20151023,False,2015,Q4,2015 Q4,10,Oct,2015-10,Oct 2015,False,False
2015-10-24,20151024,False,2015,Q4,2015 Q4,10,Oct,2015-10,Oct 2015,False,False
2015-10-25,20151025,False,2015,Q4,2015 Q4,10,Oct,2015-10,Oct 2015,False,False
2015-10-26,20151026,False,2015,Q4,2015 Q4,10,Oct,2015-10,Oct 2015,False,False
2015-10-27,20151027,False,2015,Q4,2015 Q4,10,Oct,2015-10,Oct 2015,False,False
2015-10-28,20151028,False,2015,Q4,2015 Q4,10,Oct,2015-10,Oct 2015,False,False
2015-10-29,20151029,False,2015,Q4,2015 Q4,10,Oct,2015-10,Oct 2015,False,False
2015-10-30,20151030,False,2015,Q4,2015 Q4,10,Oct,2015-10,Oct 2015,False,False
2015-10-31,20151031,False,2015,Q4,2015 Q4,10,Oct,2015-10,Oct 2015,False,False
2015-11-01,20151101,True,2015,Q4,2015 Q4,11,Nov,2015-11,Nov 2015,False,False
2015-11-02,20151102,False,2015,Q4,2015 Q4,11,Nov,2015-11,Nov 2015,False,False
2015-11-03,20151103,False,2015,Q4,2015 Q4,11,Nov,2015-11,Nov 2015,False,False
2015-11-04,20151104,False,2015,Q4,2015 Q4,11,Nov,2015-11,Nov 2015,False,False
2015-11-05,20151105,False,2015,Q4,2015 Q4,11,Nov,2015-11,Nov 2015,False,False
2015-11-06,20151106,False,2015,Q4,2015 Q4,11,Nov,2015-11,Nov 2015,False,False
2015-11-07,20151107,False,2015,Q4,2015 Q4,11,Nov,2015-11,Nov 2015,False,False
2015-11-08,20151108,False,2015,Q4,2015 Q4,11,Nov,2015-11,Nov 2015,False,False
2015-11-09,20151109,False,2015,Q4,2015 Q4,11,Nov,2015-11,Nov 2015,False,False
2015-11-10,20151110,False,2015,Q4,2015 Q4,11,Nov,2015-11,Nov 2015,False,False
2015-11-11,20151111,False,2015,Q4,2015 Q4,11,Nov,2015-11,Nov 2015,False,False
2015-11-12,20151112,False,2015,Q4,2015 Q4,11,Nov,2015-11,Nov 2015,False,False
2015-11-13,20151113,False,2015,Q4,2015 Q4,11,Nov,2015-11,Nov 2015,False,False
2015-11-14,20151114,False,2015,Q4,2015 Q4,11,Nov,2015-11,Nov 2015,False,False
2015-11-15,20151115,False,2015,Q4,2015 Q4,11,Nov,2015-11,Nov 2015,False,False
2015-11-16,20151116,False,2015,Q4,2015 Q4,11,Nov,2015-11,Nov 2015,False,False
2015-11-17,20151117,False,2015,Q4,2015 Q4,11,Nov,2015-11,Nov 2015,False,False
2015-11-18,20151118,False,2015,Q4,2015 Q4,11,Nov,2015-11,Nov 2015,False,False
2015-11-19,20151119,False,2015,Q4,2015 Q4,11,Nov,2015-11,Nov 2015,False,False
2015-11-20,20151120,False,2015,Q4,2015 Q4,11,Nov,2015-11,Nov 2015,False,False
2015-11-21,20151121,False,2015,Q4,2015 Q4,11,Nov,2015-11,Nov 2015,False,False
2015-11-22,20151122,False,2015,Q4,2015 Q4,11,Nov,2015-11,Nov 2015,False,False
2015-11-23,20151123,False,2015,Q4,2015 Q4,11,Nov,2015-11,Nov 2015,False,False
2015-11-24,20151124,False,2015,Q4,2015 Q4,11,Nov,2015-11,Nov 2015,False,False
2015-11-25,20151125,False,2015,Q4,2015 Q4,11,Nov,2015-11,Nov 2015,False,False
2015-11-26,20151126,False,2015,Q4,2015 Q4,11,Nov,2015-11,Nov 2015,False,False
2015-11-27,20151127,False,2015,Q4,2015 Q4,11,Nov,2015-11,Nov 2015,False,False
2015-11-28,20151128,False,2015,Q4,2015 Q4,11,Nov,2015-11,Nov 2015,False,False
2015-11-29,20151129,False,2015,Q4,2015 Q4,11,Nov,2015-11,Nov 2015,False,False
2015-11-30,20151130,False,2015,Q4,2015 Q4,11,Nov,2015-11,Nov 2015,False,False
2015-12-01,20151201,True,2015,Q4,2015 Q4,12,Dec,2015-12,Dec 2015,False,False
2015-12-02,20151202,False,2015,Q4,2015 Q4,12,Dec,2015-12,Dec 2015,False,False
2015-12-03,20151203,False,2015,Q4,2015 Q4,12,Dec,2015-12,Dec 2015,False,False
2015-12-04,20151204,False,2015,Q4,2015 Q4,12,Dec,2015-12,Dec 2015,False,False
2015-12-05,20151205,False,2015,Q4,2015 Q4,12,Dec,2015-12,Dec 2015,False,False
2015-12-06,20151206,False,2015,Q4,2015 Q4,12,Dec,2015-12,Dec 2015,False,False
2015-12-07,20151207,False,2015,Q4,2015 Q4,12,Dec,2015-12,Dec 2015,False,False
2015-12-08,20151208,False,2015,Q4,2015 Q4,12,Dec,2015-12,Dec 2015,False,False
2015-12-09,20151209,False,2015,Q4,2015 Q4,12,Dec,2015-12,Dec 2015,False,False
2015-12-10,20151210,False,2015,Q4,2015 Q4,12,Dec,2015-12,Dec 2015,False,False
2015-12-11,20151211,False,2015,Q4,2015 Q4,12,Dec,2015-12,Dec 2015,False,False
2015-12-12,20151212,False,2015,Q4,2015 Q4,12,Dec,2015-12,Dec 2015,False,False
2015-12-13,20151213,False,2015,Q4,2015 Q4,12,Dec,2015-12,Dec 2015,False,False
2015-12-14,20151214,False,2015,Q4,2015 Q4,12,Dec,2015-12,Dec 2015,False,False
2015-12-15,20151215,False,2015,Q4,2015 Q4,12,Dec,2015-12,Dec 2015,False,False
2015-12-16,20151216,False,2015,Q4,2015 Q4,12,Dec,2015-12,Dec 2015,False,False
2015-12-17,20151217,False,2015,Q4,2015 Q4,12,Dec,2015-12,Dec 2015,False,False
2015-12-18,20151218,False,2015,Q4,2015 Q4,12,Dec,2015-12,Dec 2015,False,False
2015-12-19,20151219,False,2015,Q4,2015 Q4,12,Dec,2015-12,Dec 2015,False,False
2015-12-20,20151220,False,2015,Q4,2015 Q4,12,Dec,2015-12,Dec 2015,False,False
2015-12-21,20151221,False,2015,Q4,2015 Q4,12,Dec,2015-12,Dec 2015,False,False
2015-12-22,20151222,False,2015,Q4,2015 Q4,12,Dec,2015-12,Dec 2015,False,False
2015-12-23,20151223,False,2015,Q4,2015 Q4,12,Dec,2015-12,Dec 2015,False,False
2015-12-24,20151224,False,2015,Q4,2015 Q4,12,Dec,2015-12,Dec 2015,False,False
2015-12-25,20151225,False,2015,Q4,2015 Q4,12,Dec,2015-12,Dec 2015,False,False
2015-12-26,20151226,False,2015,Q4,2015 Q4,12,Dec,2015-12,Dec 2015,False,False
2015-12-27,20151227,False,2015,Q4,2015 Q4,12,Dec,2015-12,Dec 2015,False,False
2015-12-28,20151228,False,2015,Q4,2015 Q4,12,Dec,2015-12,Dec 2015,False,False
2015-12-29,20151229,False,2015,Q4,2015 Q4,12,Dec,2015-12,Dec 2015,False,False
2015-12-30,20151230,False,2015,Q4,2015 Q4,12,Dec,2015-12,Dec 2015,False,False
2015-12-31,20151231,False,2015,Q4,2015 Q4,12,Dec,2015-12,Dec 2015,False,False
2016-01-01,20160101,True,2016,Q1,2016 Q1,1,Jan,2016-01,Jan 2016,False,False
2016-01-02,20160102,False,2016,Q1,2016 Q1,1,Jan,2016-01,Jan 2016,False,False
2016-01-03,20160103,False,2016,Q1,2016 Q1,1,Jan,2016-01,Jan 2016,False,False
2016-01-04,20160104,False,2016,Q1,2016 Q1,1,Jan,2016-01,Jan 2016,False,False
2016-01-05,20160105,False,2016,Q1,2016 Q1,1,Jan,2016-01,Jan 2016,False,False
2016-01-06,20160106,False,2016,Q1,2016 Q1,1,Jan,2016-01,Jan 2016,False,False
2016-01-07,20160107,False,2016,Q1,2016 Q1,1,Jan,2016-01,Jan 2016,False,False
2016-01-08,20160108,False,2016,Q1,2016 Q1,1,Jan,2016-01,Jan 2016,False,False
2016-01-09,20160109,False,2016,Q1,2016 Q1,1,Jan,2016-01,Jan 2016,False,False
2016-01-10,20160110,False,2016,Q1,2016 Q1,1,Jan,2016-01,Jan 2016,False,False
2016-01-11,20160111,False,2016,Q1,2016 Q1,1,Jan,2016-01,Jan 2016,False,False
2016-01-12,20160112,False,2016,Q1,2016 Q1,1,Jan,2016-01,Jan 2016,False,False
2016-01-13,20160113,False,2016,Q1,2016 Q1,1,Jan,2016-01,Jan 2016,False,False
2016-01-14,20160114,False,2016,Q1,2016 Q1,1,Jan,2016-01,Jan 2016,False,False
2016-01-15,20160115,False,2016,Q1,2016 Q1,1,Jan,2016-01,Jan 2016,False,False
2016-01-16,20160116,False,2016,Q1,2016 Q1,1,Jan,2016-01,Jan 2016,False,False
2016-01-17,20160117,False,2016,Q1,2016 Q1,1,Jan,2016-01,Jan 2016,False,False
2016-01-18,20160118,False,2016,Q1,2016 Q1,1,Jan,2016-01,Jan 2016,False,False
2016-01-19,20160119,False,2016,Q1,2016 Q1,1,Jan,2016-01,Jan 2016,False,False
2016-01-20,20160120,False,2016,Q1,2016 Q1,1,Jan,2016-01,Jan 2016,False,False
2016-01-21,20160121,False,2016,Q1,2016 Q1,1,Jan,2016-01,Jan 2016,False,False
2016-01-22,20160122,False,2016,Q1,2016 Q1,1,Jan,2016-01,Jan 2016,False,False
2016-01-23,20160123,False,2016,Q1,2016 Q1,1,Jan,2016-01,Jan 2016,False,False
2016-01-24,20160124,False,2016,Q1,2016 Q1,1,Jan,2016-01,Jan 2016,False,False
2016-01-25,20160125,False,2016,Q1,2016 Q1,1,Jan,2016-01,Jan 2016,False,False
2016-01-26,20160126,False,2016,Q1,2016 Q1,1,Jan,2016-01,Jan 2016,False,False
2016-01-27,20160127,False,2016,Q1,2016 Q1,1,Jan,2016-01,Jan 2016,False,False
2016-01-28,20160128,False,2016,Q1,2016 Q1,1,Jan,2016-01,Jan 2016,False,False
2016-01-29,20160129,False,2016,Q1,2016 Q1,1,Jan,2016-01,Jan 2016,False,False
2016-01-30,20160130,False,2016,Q1,2016 Q1,1,Jan,2016-01,Jan 2016,False,False
2016-01-31,20160131,False,2016,Q1,2016 Q1,1,Jan,2016-01,Jan 2016,False,False
2016-02-01,20160201,True,2016,Q1,2016 Q1,2,Feb,2016-02,Feb 2016,False,False
2016-02-02,20160202,False,2016,Q1,2016 Q1,2,Feb,2016-02,Feb 2016,False,False
2016-02-03,20160203,False,2016,Q1,2016 Q1,2,Feb,2016-02,Feb 2016,False,False
2016-02-04,20160204,False,2016,Q1,2016 Q1,2,Feb,2016-02,Feb 2016,False,False
2016-02-05,20160205,False,2016,Q1,2016 Q1,2,Feb,2016-02,Feb 2016,False,False
2016-02-06,20160206,False,2016,Q1,2016 Q1,2,Feb,2016-02,Feb 2016,False,False
2016-02-07,20160207,False,2016,Q1,2016 Q1,2,Feb,2016-02,Feb 2016,False,False
2016-02-08,20160208,False,2016,Q1,2016 Q1,2,Feb,2016-02,Feb 2016,False,False
2016-02-09,20160209,False,2016,Q1,2016 Q1,2,Feb,2016-02,Feb 2016,False,False
2016-02-10,20160210,False,2016,Q1,2016 Q1,2,Feb,2016-02,Feb 2016,False,False
2016-02-11,20160211,False,2016,Q1,2016 Q1,2,Feb,2016-02,Feb 2016,False,False
2016-02-12,20160212,False,2016,Q1,2016 Q1,2,Feb,2016-02,Feb 2016,False,False
2016-02-13,20160213,False,2016,Q1,2016 Q1,2,Feb,2016-02,Feb 2016,False,False
2016-02-14,20160214,False,2016,Q1,2016 Q1,2,Feb,2016-02,Feb 2016,False,False
2016-02-15,20160215,False,2016,Q1,2016 Q1,2,Feb,2016-02,Feb 2016,False,False
2016-02-16,20160216,False,2016,Q1,2016 Q1,2,Feb,2016-02,Feb 2016,False,False
2016-02-17,20160217,False,2016,Q1,2016 Q1,2,Feb,2016-02,Feb 2016,False,False
2016-02-18,20160218,False,2016,Q1,2016 Q1,2,Feb,2016-02,Feb 2016,False,False
2016-02-19,20160219,False,2016,Q1,2016 Q1,2,Feb,2016-02,Feb 2016,False,False
2016-02-20,20160220,False,2016,Q1,2016 Q1,2,Feb,2016-02,Feb 2016,False,False
2016-02-21,20160221,False,2016,Q1,2016 Q1,2,Feb,2016-02,Feb 2016,False,False
2016-02-22,20160222,False,2016,Q1,2016 Q1,2,Feb,2016-02,Feb 2016,False,False
2016-02-23,20160223,False,2016,Q1,2016 Q1,2,Feb,2016-02,Feb 2016,False,False
2016-02-24,20160224,False,2016,Q1,2016 Q1,2,Feb,2016-02,Feb 2016,False,False
2016-02-25,20160225,False,2016,Q1,2016 Q1,2,Feb,2016-02,Feb 2016,False,False
2016-02-26,20160226,False,2016,Q1,2016 Q1,2,Feb,2016-02,Feb 2016,False,False
2016-02-27,20160227,False,2016,Q1,2016 Q1,2,Feb,2016-02,Feb 2016,False,False
2016-02-28,20160228,False,2016,Q1,2016 Q1,2,Feb,2016-02,Feb 2016,False,False
2016-02-29,20160229,False,2016,Q1,2016 Q1,2,Feb,2016-02,Feb 2016,False,False
2016-03-01,20160301,True,2016,Q1,2016 Q1,3,Mar,2016-03,Mar 2016,False,False
2016-03-02,20160302,False,2016,Q1,2016 Q1,3,Mar,2016-03,Mar 2016,False,False
2016-03-03,20160303,False,2016,Q1,2016 Q1,3,Mar,2016-03,Mar 2016,False,False
2016-03-04,20160304,False,2016,Q1,2016 Q1,3,Mar,2016-03,Mar 2016,False,False
2016-03-05,20160305,False,2016,Q1,2016 Q1,3,Mar,2016-03,Mar 2016,False,False
2016-03-06,20160306,False,2016,Q1,2016 Q1,3,Mar,2016-03,Mar 2016,False,False
2016-03-07,20160307,False,2016,Q1,2016 Q1,3,Mar,2016-03,Mar 2016,False,False
2016-03-08,20160308,False,2016,Q1,2016 Q1,3,Mar,2016-03,Mar 2016,False,False
2016-03-09,20160309,False,2016,Q1,2016 Q1,3,Mar,2016-03,Mar 2016,False,False
2016-03-10,20160310,False,2016,Q1,2016 Q1,3,Mar,2016-03,Mar 2016,False,False
2016-03-11,20160311,False,2016,Q1,2016 Q1,3,Mar,2016-03,Mar 2016,False,False
2016-03-12,20160312,False,2016,Q1,2016 Q1,3,Mar,2016-03,Mar 2016,False,False
2016-03-13,20160313,False,2016,Q1,2016 Q1,3,Mar,2016-03,Mar 2016,False,False
2016-03-14,20160314,False,2016,Q1,2016 Q1,3,Mar,2016-03,Mar 2016,False,False
2016-03-15,20160315,False,2016,Q1,2016 Q1,3,Mar,2016-03,Mar 2016,False,False
2016-03-16,20160316,False,2016,Q1,2016 Q1,3,Mar,2016-03,Mar 2016,False,False
2016-03-17,20160317,False,2016,Q1,2016 Q1,3,Mar,2016-03,Mar 2016,False,False
2016-03-18,20160318,False,2016,Q1,2016 Q1,3,Mar,2016-03,Mar 2016,False,False
2016-03-19,20160319,False,2016,Q1,2016 Q1,3,Mar,2016-03,Mar 2016,False,False
2016-03-20,20160320,False,2016,Q1,2016 Q1,3,Mar,2016-03,Mar 2016,False,False
2016-03-21,20160321,False,2016,Q1,2016 Q1,3,Mar,2016-03,Mar 2016,False,False
2016-03-22,20160322,False,2016,Q1,2016 Q1,3,Mar,2016-03,Mar 2016,False,False
2016-03-23,20160323,False,2016,Q1,2016 Q1,3,Mar,2016-03,Mar 2016,False,False
2016-03-24,20160324,False,2016,Q1,2016 Q1,3,Mar,2016-03,Mar 2016,False,False
2016-03-25,20160325,False,2016,Q1,2016 Q1,3,Mar,2016-03,Mar 2016,False,False
2016-03-26,20160326,False,2016,Q1,2016 Q1,3,Mar,2016-03,Mar 2016,False,False
2016-03-27,20160327,False,2016,Q1,2016 Q1,3,Mar,2016-03,Mar 2016,False,False
2016-03-28,20160328,False,2016,Q1,2016 Q1,3,Mar,2016-03,Mar 2016,False,False
2016-03-29,20160329,False,2016,Q1,2016 Q1,3,Mar,2016-03,Mar 2016,False,False
2016-03-30,20160330,False,2016,Q1,2016 Q1,3,Mar,2016-03,Mar 2016,False,False
2016-03-31,20160331,False,2016,Q1,2016 Q1,3,Mar,2016-03,Mar 2016,False,False
2016-04-01,20160401,True,2016,Q2,2016 Q2,4,Apr,2016-04,Apr 2016,False,False
2016-04-02,20160402,False,2016,Q2,2016 Q2,4,Apr,2016-04,Apr 2016,False,False
2016-04-03,20160403,False,2016,Q2,2016 Q2,4,Apr,2016-04,Apr 2016,False,False
2016-04-04,20160404,False,2016,Q2,2016 Q2,4,Apr,2016-04,Apr 2016,False,False
2016-04-05,20160405,False,2016,Q2,2016 Q2,4,Apr,2016-04,Apr 2016,False,False
2016-04-06,20160406,False,2016,Q2,2016 Q2,4,Apr,2016-04,Apr 2016,False,False
2016-04-07,20160407,False,2016,Q2,2016 Q2,4,Apr,2016-04,Apr 2016,False,False
2016-04-08,20160408,False,2016,Q2,2016 Q2,4,Apr,2016-04,Apr 2016,False,False
2016-04-09,20160409,False,2016,Q2,2016 Q2,4,Apr,2016-04,Apr 2016,False,False
2016-04-10,20160410,False,2016,Q2,2016 Q2,4,Apr,2016-04,Apr 2016,False,False
2016-04-11,20160411,False,2016,Q2,2016 Q2,4,Apr,2016-04,Apr 2016,False,False
2016-04-12,20160412,False,2016,Q2,2016 Q2,4,Apr,2016-04,Apr 2016,False,False
2016-04-13,20160413,False,2016,Q2,2016 Q2,4,Apr,2016-04,Apr 2016,False,False
2016-04-14,20160414,False,2016,Q2,2016 Q2,4,Apr,2016-04,Apr 2016,False,False
2016-04-15,20160415,False,2016,Q2,2016 Q2,4,Apr,2016-04,Apr 2016,False,False
2016-04-16,20160416,False,2016,Q2,2016 Q2,4,Apr,2016-04,Apr 2016,False,False
2016-04-17,20160417,False,2016,Q2,2016 Q2,4,Apr,2016-04,Apr 2016,False,False
2016-04-18,20160418,False,2016,Q2,2016 Q2,4,Apr,2016-04,Apr 2016,False,False
2016-04-19,20160419,False,2016,Q2,2016 Q2,4,Apr,2016-04,Apr 2016,False,False
2016-04-20,20160420,False,2016,Q2,2016 Q2,4,Apr,2016-04,Apr 2016,False,False
2016-04-21,20160421,False,2016,Q2,2016 Q2,4,Apr,2016-04,Apr 2016,False,False
2016-04-22,20160422,False,2016,Q2,2016 Q2,4,Apr,2016-04,Apr 2016,False,False
2016-04-23,20160423,False,2016,Q2,2016 Q2,4,Apr,2016-04,Apr 2016,False,False
2016-04-24,20160424,False,2016,Q2,2016 Q2,4,Apr,2016-04,Apr 2016,False,False
2016-04-25,20160425,False,2016,Q2,2016 Q2,4,Apr,2016-04,Apr 2016,False,False
2016-04-26,20160426,False,2016,Q2,2016 Q2,4,Apr,2016-04,Apr 2016,False,False
2016-04-27,20160427,False,2016,Q2,2016 Q2,4,Apr,2016-04,Apr 2016,False,False
2016-04-28,20160428,False,2016,Q2,2016 Q2,4,Apr,2016-04,Apr 2016,False,False
2016-04-29,20160429,False,2016,Q2,2016 Q2,4,Apr,2016-04,Apr 2016,False,False
2016-04-30,20160430,False,2016,Q2,2016 Q2,4,Apr,2016-04,Apr 2016,False,False
2016-05-01,20160501,True,2016,Q2,2016 Q2,5,May,2016-05,May 2016,False,False
2016-05-02,20160502,False,2016,Q2,2016 Q2,5,May,2016-05,May 2016,False,False
2016-05-03,20160503,False,2016,Q2,2016 Q2,5,May,2016-05,May 2016,False,False
2016-05-04,20160504,False,2016,Q2,2016 Q2,5,May,2016-05,May 2016,False,False
2016-05-05,20160505,False,2016,Q2,2016 Q2,5,May,2016-05,May 2016,False,False
2016-05-06,20160506,False,2016,Q2,2016 Q2,5,May,2016-05,May 2016,False,False
2016-05-07,20160507,False,2016,Q2,2016 Q2,5,May,2016-05,May 2016,False,False
2016-05-08,20160508,False,2016,Q2,2016 Q2,5,May,2016-05,May 2016,False,False
2016-05-09,20160509,False,2016,Q2,2016 Q2,5,May,2016-05,May 2016,False,False
2016-05-10,20160510,False,2016,Q2,2016 Q2,5,May,2016-05,May 2016,False,False
2016-05-11,20160511,False,2016,Q2,2016 Q2,5,May,2016-05,May 2016,False,False
2016-05-12,20160512,False,2016,Q2,2016 Q2,5,May,2016-05,May 2016,False,False
2016-05-13,20160513,False,2016,Q2,2016 Q2,5,May,2016-05,May 2016,False,False
2016-05-14,20160514,False,2016,Q2,2016 Q2,5,May,2016-05,May 2016,False,False
2016-05-15,20160515,False,2016,Q2,2016 Q2,5,May,2016-05,May 2016,False,False
2016-05-16,20160516,False,2016,Q2,2016 Q2,5,May,2016-05,May 2016,False,False
2016-05-17,20160517,False,2016,Q2,2016 Q2,5,May,2016-05,May 2016,False,False
2016-05-18,20160518,False,2016,Q2,2016 Q2,5,May,2016-05,May 2016,False,False
2016-05-19,20160519,False,2016,Q2,2016 Q2,5,May,2016-05,May 2016,False,False
2016-05-20,20160520,False,2016,Q2,2016 Q2,5,May,2016-05,May 2016,False,False
2016-05-21,20160521,False,2016,Q2,2016 Q2,5,May,2016-05,May 2016,False,False
2016-05-22,20160522,False,2016,Q2,2016 Q2,5,May,2016-05,May 2016,False,False
2016-05-23,20160523,False,2016,Q2,2016 Q2,5,May,2016-05,May 2016,False,False
2016-05-24,20160524,False,2016,Q2,2016 Q2,5,May,2016-05,May 2016,False,False
2016-05-25,20160525,False,2016,Q2,2016 Q2,5,May,2016-05,May 2016,False,False
2016-05-26,20160526,False,2016,Q2,2016 Q2,5,May,2016-05,May 2016,False,False
2016-05-27,20160527,False,2016,Q2,2016 Q2,5,May,2016-05,May 2016,False,False
2016-05-28,20160528,False,2016,Q2,2016 Q2,5,May,2016-05,May 2016,False,False
2016-05-29,20160529,False,2016,Q2,2016 Q2,5,May,2016-05,May 2016,False,False
2016-05-30,20160530,False,2016,Q2,2016 Q2,5,May,2016-05,May 2016,False,False
2016-05-31,20160531,False,2016,Q2,2016 Q2,5,May,2016-05,May 2016,False,False
2016-06-01,20160601,True,2016,Q2,2016 Q2,6,Jun,2016-06,Jun 2016,False,False
2016-06-02,20160602,False,2016,Q2,2016 Q2,6,Jun,2016-06,Jun 2016,False,False
2016-06-03,20160603,False,2016,Q2,2016 Q2,6,Jun,2016-06,Jun 2016,False,False
2016-06-04,20160604,False,2016,Q2,2016 Q2,6,Jun,2016-06,Jun 2016,False,False
2016-06-05,20160605,False,2016,Q2,2016 Q2,6,Jun,2016-06,Jun 2016,False,False
2016-06-06,20160606,False,2016,Q2,2016 Q2,6,Jun,2016-06,Jun 2016,False,False
2016-06-07,20160607,False,2016,Q2,2016 Q2,6,Jun,2016-06,Jun 2016,False,False
2016-06-08,20160608,False,2016,Q2,2016 Q2,6,Jun,2016-06,Jun 2016,False,False
2016-06-09,20160609,False,2016,Q2,2016 Q2,6,Jun,2016-06,Jun 2016,False,False
2016-06-10,20160610,False,2016,Q2,2016 Q2,6,Jun,2016-06,Jun 2016,False,False
2016-06-11,20160611,False,2016,Q2,2016 Q2,6,Jun,2016-06,Jun 2016,False,False
2016-06-12,20160612,False,2016,Q2,2016 Q2,6,Jun,2016-06,Jun 2016,False,False
2016-06-13,20160613,False,2016,Q2,2016 Q2,6,Jun,2016-06,Jun 2016,False,False
2016-06-14,20160614,False,2016,Q2,2016 Q2,6,Jun,2016-06,Jun 2016,False,False
2016-06-15,20160615,False,2016,Q2,2016 Q2,6,Jun,2016-06,Jun 2016,False,False
2016-06-16,20160616,False,2016,Q2,2016 Q2,6,Jun,2016-06,Jun 2016,False,False
2016-06-17,20160617,False,2016,Q2,2016 Q2,6,Jun,2016-06,Jun 2016,False,False
2016-06-18,20160618,False,2016,Q2,2016 Q2,6,Jun,2016-06,Jun 2016,False,False
2016-06-19,20160619,False,2016,Q2,2016 Q2,6,Jun,2016-06,Jun 2016,False,False
2016-06-20,20160620,False,2016,Q2,2016 Q2,6,Jun,2016-06,Jun 2016,False,False
2016-06-21,20160621,False,2016,Q2,2016 Q2,6,Jun,2016-06,Jun 2016,False,False
2016-06-22,20160622,False,2016,Q2,2016 Q2,6,Jun,2016-06,Jun 2016,False,False
2016-06-23,20160623,False,2016,Q2,2016 Q2,6,Jun,2016-06,Jun 2016,False,False
2016-06-24,20160624,False,2016,Q2,2016 Q2,6,Jun,2016-06,Jun 2016,False,False
2016-06-25,20160625,False,2016,Q2,2016 Q2,6,Jun,2016-06,Jun 2016,False,False
2016-06-26,20160626,False,2016,Q2,2016 Q2,6,Jun,2016-06,Jun 2016,False,False
2016-06-27,20160627,False,2016,Q2,2016 Q2,6,Jun,2016-06,Jun 2016,False,False
2016-06-28,20160628,False,2016,Q2,2016 Q2,6,Jun,2016-06,Jun 2016,False,False
2016-06-29,20160629,False,2016,Q2,2016 Q2,6,Jun,2016-06,Jun 2016,False,False
2016-06-30,20160630,False,2016,Q2,2016 Q2,6,Jun,2016-06,Jun 2016,False,False
2016-07-01,20160701,True,2016,Q3,2016 Q3,7,Jul,2016-07,Jul 2016,False,False
2016-07-02,20160702,False,2016,Q3,2016 Q3,7,Jul,2016-07,Jul 2016,False,False
2016-07-03,20160703,False,2016,Q3,2016 Q3,7,Jul,2016-07,Jul 2016,False,False
2016-07-04,20160704,False,2016,Q3,2016 Q3,7,Jul,2016-07,Jul 2016,False,False
2016-07-05,20160705,False,2016,Q3,2016 Q3,7,Jul,2016-07,Jul 2016,False,False
2016-07-06,20160706,False,2016,Q3,2016 Q3,7,Jul,2016-07,Jul 2016,False,False
2016-07-07,20160707,False,2016,Q3,2016 Q3,7,Jul,2016-07,Jul 2016,False,False
2016-07-08,20160708,False,2016,Q3,2016 Q3,7,Jul,2016-07,Jul 2016,False,False
2016-07-09,20160709,False,2016,Q3,2016 Q3,7,Jul,2016-07,Jul 2016,False,False
2016-07-10,20160710,False,2016,Q3,2016 Q3,7,Jul,2016-07,Jul 2016,False,False
2016-07-11,20160711,False,2016,Q3,2016 Q3,7,Jul,2016-07,Jul 2016,False,False
2016-07-12,20160712,False,2016,Q3,2016 Q3,7,Jul,2016-07,Jul 2016,False,False
2016-07-13,20160713,False,2016,Q3,2016 Q3,7,Jul,2016-07,Jul 2016,False,False
2016-07-14,20160714,False,2016,Q3,2016 Q3,7,Jul,2016-07,Jul 2016,False,False
2016-07-15,20160715,False,2016,Q3,2016 Q3,7,Jul,2016-07,Jul 2016,False,False
2016-07-16,20160716,False,2016,Q3,2016 Q3,7,Jul,2016-07,Jul 2016,False,False
2016-07-17,20160717,False,2016,Q3,2016 Q3,7,Jul,2016-07,Jul 2016,False,False
2016-07-18,20160718,False,2016,Q3,2016 Q3,7,Jul,2016-07,Jul 2016,False,False
2016-07-19,20160719,False,2016,Q3,2016 Q3,7,Jul,2016-07,Jul 2016,False,False
2016-07-20,20160720,False,2016,Q3,2016 Q3,7,Jul,2016-07,Jul 2016,False,False
2016-07-21,20160721,False,2016,Q3,2016 Q3,7,Jul,2016-07,Jul 2016,False,False
2016-07-22,20160722,False,2016,Q3,2016 Q3,7,Jul,2016-07,Jul 2016,False,False
2016-07-23,20160723,False,2016,Q3,2016 Q3,7,Jul,2016-07,Jul 2016,False,False
2016-07-24,20160724,False,2016,Q3,2016 Q3,7,Jul,2016-07,Jul 2016,False,False
2016-07-25,20160725,False,2016,Q3,2016 Q3,7,Jul,2016-07,Jul 2016,False,False
2016-07-26,20160726,False,2016,Q3,2016 Q3,7,Jul,2016-07,Jul 2016,False,False
2016-07-27,20160727,False,2016,Q3,2016 Q3,7,Jul,2016-07,Jul 2016,False,False
2016-07-28,20160728,False,2016,Q3,2016 Q3,7,Jul,2016-07,Jul 2016,False,False
2016-07-29,20160729,False,2016,Q3,2016 Q3,7,Jul,2016-07,Jul 2016,False,False
2016-07-30,20160730,False,2016,Q3,2016 Q3,7,Jul,2016-07,Jul 2016,False,False
2016-07-31,20160731,False,2016,Q3,2016 Q3,7,Jul,2016-07,Jul 2016,False,False
2016-08-01,20160801,True,2016,Q3,2016 Q3,8,Aug,2016-08,Aug 2016,False,False
2016-08-02,20160802,False,2016,Q3,2016 Q3,8,Aug,2016-08,Aug 2016,False,False
2016-08-03,20160803,False,2016,Q3,2016 Q3,8,Aug,2016-08,Aug 2016,False,False
2016-08-04,20160804,False,2016,Q3,2016 Q3,8,Aug,2016-08,Aug 2016,False,False
2016-08-05,20160805,False,2016,Q3,2016 Q3,8,Aug,2016-08,Aug 2016,False,False
2016-08-06,20160806,False,2016,Q3,2016 Q3,8,Aug,2016-08,Aug 2016,False,False
2016-08-07,20160807,False,2016,Q3,2016 Q3,8,Aug,2016-08,Aug 2016,False,False
2016-08-08,20160808,False,2016,Q3,2016 Q3,8,Aug,2016-08,Aug 2016,False,False
2016-08-09,20160809,False,2016,Q3,2016 Q3,8,Aug,2016-08,Aug 2016,False,False
2016-08-10,20160810,False,2016,Q3,2016 Q3,8,Aug,2016-08,Aug 2016,False,False
2016-08-11,20160811,False,2016,Q3,2016 Q3,8,Aug,2016-08,Aug 2016,False,False
2016-08-12,20160812,False,2016,Q3,2016 Q3,8,Aug,2016-08,Aug 2016,False,False
2016-08-13,20160813,False,2016,Q3,2016 Q3,8,Aug,2016-08,Aug 2016,False,False
2016-08-14,20160814,False,2016,Q3,2016 Q3,8,Aug,2016-08,Aug 2016,False,False
2016-08-15,20160815,False,2016,Q3,2016 Q3,8,Aug,2016-08,Aug 2016,False,False
2016-08-16,20160816,False,2016,Q3,2016 Q3,8,Aug,2016-08,Aug 2016,False,False
2016-08-17,20160817,False,2016,Q3,2016 Q3,8,Aug,2016-08,Aug 2016,False,False
2016-08-18,20160818,False,2016,Q3,2016 Q3,8,Aug,2016-08,Aug 2016,False,False
2016-08-19,20160819,False,2016,Q3,2016 Q3,8,Aug,2016-08,Aug 2016,False,False
2016-08-20,20160820,False,2016,Q3,2016 Q3,8,Aug,2016-08,Aug 2016,False,False
2016-08-21,20160821,False,2016,Q3,2016 Q3,8,Aug,2016-08,Aug 2016,False,False
2016-08-22,20160822,False,2016,Q3,2016 Q3,8,Aug,2016-08,Aug 2016,False,False
2016-08-23,20160823,False,2016,Q3,2016 Q3,8,Aug,2016-08,Aug 2016,False,False
2016-08-24,20160824,False,2016,Q3,2016 Q3,8,Aug,2016-08,Aug 2016,False,False
2016-08-25,20160825,False,2016,Q3,2016 Q3,8,Aug,2016-08,Aug 2016,False,False
2016-08-26,20160826,False,2016,Q3,2016 Q3,8,Aug,2016-08,Aug 2016,False,False
2016-08-27,20160827,False,2016,Q3,2016 Q3,8,Aug,2016-08,Aug 2016,False,False
2016-08-28,20160828,False,2016,Q3,2016 Q3,8,Aug,2016-08,Aug 2016,False,False
2016-08-29,20160829,False,2016,Q3,2016 Q3,8,Aug,2016-08,Aug 2016,False,False
2016-08-30,20160830,False,2016,Q3,2016 Q3,8,Aug,2016-08,Aug 2016,False,False
2016-08-31,20160831,False,2016,Q3,2016 Q3,8,Aug,2016-08,Aug 2016,False,False
2016-09-01,20160901,True,2016,Q3,2016 Q3,9,Sep,2016-09,Sep 2016,False,False
2016-09-02,20160902,False,2016,Q3,2016 Q3,9,Sep,2016-09,Sep 2016,False,False
2016-09-03,20160903,False,2016,Q3,2016 Q3,9,Sep,2016-09,Sep 2016,False,False
2016-09-04,20160904,False,2016,Q3,2016 Q3,9,Sep,2016-09,Sep 2016,False,False
2016-09-05,20160905,False,2016,Q3,2016 Q3,9,Sep,2016-09,Sep 2016,False,False
2016-09-06,20160906,False,2016,Q3,2016 Q3,9,Sep,2016-09,Sep 2016,False,False
2016-09-07,20160907,False,2016,Q3,2016 Q3,9,Sep,2016-09,Sep 2016,False,False
2016-09-08,20160908,False,2016,Q3,2016 Q3,9,Sep,2016-09,Sep 2016,False,False
2016-09-09,20160909,False,2016,Q3,2016 Q3,9,Sep,2016-09,Sep 2016,False,False
2016-09-10,20160910,False,2016,Q3,2016 Q3,9,Sep,2016-09,Sep 2016,False,False
2016-09-11,20160911,False,2016,Q3,2016 Q3,9,Sep,2016-09,Sep 2016,False,False
2016-09-12,20160912,False,2016,Q3,2016 Q3,9,Sep,2016-09,Sep 2016,False,False
2016-09-13,20160913,False,2016,Q3,2016 Q3,9,Sep,2016-09,Sep 2016,False,False
2016-09-14,20160914,False,2016,Q3,2016 Q3,9,Sep,2016-09,Sep 2016,False,False
2016-09-15,20160915,False,2016,Q3,2016 Q3,9,Sep,2016-09,Sep 2016,False,False
2016-09-16,20160916,False,2016,Q3,2016 Q3,9,Sep,2016-09,Sep 2016,False,False
2016-09-17,20160917,False,2016,Q3,2016 Q3,9,Sep,2016-09,Sep 2016,False,False
2016-09-18,20160918,False,2016,Q3,2016 Q3,9,Sep,2016-09,Sep 2016,False,False
2016-09-19,20160919,False,2016,Q3,2016 Q3,9,Sep,2016-09,Sep 2016,False,False
2016-09-20,20160920,False,2016,Q3,2016 Q3,9,Sep,2016-09,Sep 2016,False,False
2016-09-21,20160921,False,2016,Q3,2016 Q3,9,Sep,2016-09,Sep 2016,False,False
2016-09-22,20160922,False,2016,Q3,2016 Q3,9,Sep,2016-09,Sep 2016,False,False
2016-09-23,20160923,False,2016,Q3,2016 Q3,9,Sep,2016-09,Sep 2016,False,False
2016-09-24,20160924,False,2016,Q3,2016 Q3,9,Sep,2016-09,Sep 2016,False,False
2016-09-25,20160925,False,2016,Q3,2016 Q3,9,Sep,2016-09,Sep 2016,False,False
2016-09-26,20160926,False,2016,Q3,2016 Q3,9,Sep,2016-09,Sep 2016,False,False
2016-09-27,20160927,False,2016,Q3,2016 Q3,9,Sep,2016-09,Sep 2016,False,False
2016-09-28,20160928,False,2016,Q3,2016 Q3,9,Sep,2016-09,Sep 2016,False,False
2016-09-29,20160929,False,2016,Q3,2016 Q3,9,Sep,2016-09,Sep 2016,False,False
2016-09-30,20160930,False,2016,Q3,2016 Q3,9,Sep,2016-09,Sep 2016,False,False
2016-10-01,20161001,True,2016,Q4,2016 Q4,10,Oct,2016-10,Oct 2016,False,False
2016-10-02,20161002,False,2016,Q4,2016 Q4,10,Oct,2016-10,Oct 2016,False,False
2016-10-03,20161003,False,2016,Q4,2016 Q4,10,Oct,2016-10,Oct 2016,False,False
2016-10-04,20161004,False,2016,Q4,2016 Q4,10,Oct,2016-10,Oct 2016,False,False
2016-10-05,20161005,False,2016,Q4,2016 Q4,10,Oct,2016-10,Oct 2016,False,False
2016-10-06,20161006,False,2016,Q4,2016 Q4,10,Oct,2016-10,Oct 2016,False,False
2016-10-07,20161007,False,2016,Q4,2016 Q4,10,Oct,2016-10,Oct 2016,False,False
2016-10-08,20161008,False,2016,Q4,2016 Q4,10,Oct,2016-10,Oct 2016,False,False
2016-10-09,20161009,False,2016,Q4,2016 Q4,10,Oct,2016-10,Oct 2016,False,False
2016-10-10,20161010,False,2016,Q4,2016 Q4,10,Oct,2016-10,Oct 2016,False,False
2016-10-11,20161011,False,2016,Q4,2016 Q4,10,Oct,2016-10,Oct 2016,False,False
2016-10-12,20161012,False,2016,Q4,2016 Q4,10,Oct,2016-10,Oct 2016,False,False
2016-10-13,20161013,False,2016,Q4,2016 Q4,10,Oct,2016-10,Oct 2016,False,False
2016-10-14,20161014,False,2016,Q4,2016 Q4,10,Oct,2016-10,Oct 2016,False,False
2016-10-15,20161015,False,2016,Q4,2016 Q4,10,Oct,2016-10,Oct 2016,False,False
2016-10-16,20161016,False,2016,Q4,2016 Q4,10,Oct,2016-10,Oct 2016,False,False
2016-10-17,20161017,False,2016,Q4,2016 Q4,10,Oct,2016-10,Oct 2016,False,False
2016-10-18,20161018,False,2016,Q4,2016 Q4,10,Oct,2016-10,Oct 2016,False,False
2016-10-19,20161019,False,2016,Q4,2016 Q4,10,Oct,2016-10,Oct 2016,False,False
2016-10-20,20161020,False,2016,Q4,2016 Q4,10,Oct,2016-10,Oct 2016,False,False
2016-10-21,20161021,False,2016,Q4,2016 Q4,10,Oct,2016-10,Oct 2016,False,False
2016-10-22,20161022,False,2016,Q4,2016 Q4,10,Oct,2016-10,Oct 2016,False,False
2016-10-23,20161023,False,2016,Q4,2016 Q4,10,Oct,2016-10,Oct 2016,False,False
2016-10-24,20161024,False,2016,Q4,2016 Q4,10,Oct,2016-10,Oct 2016,False,False
2016-10-25,20161025,False,2016,Q4,2016 Q4,10,Oct,2016-10,Oct 2016,False,False
2016-10-26,20161026,False,2016,Q4,2016 Q4,10,Oct,2016-10,Oct 2016,False,False
2016-10-27,20161027,False,2016,Q4,2016 Q4,10,Oct,2016-10,Oct 2016,False,False
2016-10-28,20161028,False,2016,Q4,2016 Q4,10,Oct,2016-10,Oct 2016,False,False
2016-10-29,20161029,False,2016,Q4,2016 Q4,10,Oct,2016-10,Oct 2016,False,False
2016-10-30,20161030,False,2016,Q4,2016 Q4,10,Oct,2016-10,Oct 2016,False,False
2016-10-31,20161031,False,2016,Q4,2016 Q4,10,Oct,2016-10,Oct 2016,False,False
2016-11-01,20161101,True,2016,Q4,2016 Q4,11,Nov,2016-11,Nov 2016,False,False
2016-11-02,20161102,False,2016,Q4,2016 Q4,11,Nov,2016-11,Nov 2016,False,False
2016-11-03,20161103,False,2016,Q4,2016 Q4,11,Nov,2016-11,Nov 2016,False,False
2016-11-04,20161104,False,2016,Q4,2016 Q4,11,Nov,2016-11,Nov 2016,False,False
2016-11-05,20161105,False,2016,Q4,2016 Q4,11,Nov,2016-11,Nov 2016,False,False
2016-11-06,20161106,False,2016,Q4,2016 Q4,11,Nov,2016-11,Nov 2016,False,False
2016-11-07,20161107,False,2016,Q4,2016 Q4,11,Nov,2016-11,Nov 2016,False,False
2016-11-08,20161108,False,2016,Q4,2016 Q4,11,Nov,2016-11,Nov 2016,False,False
2016-11-09,20161109,False,2016,Q4,2016 Q4,11,Nov,2016-11,Nov 2016,False,False
2016-11-10,20161110,False,2016,Q4,2016 Q4,11,Nov,2016-11,Nov 2016,False,False
2016-11-11,20161111,False,2016,Q4,2016 Q4,11,Nov,2016-11,Nov 2016,False,False
2016-11-12,20161112,False,2016,Q4,2016 Q4,11,Nov,2016-11,Nov 2016,False,False
2016-11-13,20161113,False,2016,Q4,2016 Q4,11,Nov,2016-11,Nov 2016,False,False
2016-11-14,20161114,False,2016,Q4,2016 Q4,11,Nov,2016-11,Nov 2016,False,False
2016-11-15,20161115,False,2016,Q4,2016 Q4,11,Nov,2016-11,Nov 2016,False,False
2016-11-16,20161116,False,2016,Q4,2016 Q4,11,Nov,2016-11,Nov 2016,False,False
2016-11-17,20161117,False,2016,Q4,2016 Q4,11,Nov,2016-11,Nov 2016,False,False
2016-11-18,20161118,False,2016,Q4,2016 Q4,11,Nov,2016-11,Nov 2016,False,False
2016-11-19,20161119,False,2016,Q4,2016 Q4,11,Nov,2016-11,Nov 2016,False,False
2016-11-20,20161120,False,2016,Q4,2016 Q4,11,Nov,2016-11,Nov 2016,False,False
2016-11-21,20161121,False,2016,Q4,2016 Q4,11,Nov,2016-11,Nov 2016,False,False
2016-11-22,20161122,False,2016,Q4,2016 Q4,11,Nov,2016-11,Nov 2016,False,False
2016-11-23,20161123,False,2016,Q4,2016 Q4,11,Nov,2016-11,Nov 2016,False,False
2016-11-24,20161124,False,2016,Q4,2016 Q4,11,Nov,2016-11,Nov 2016,False,False
2016-11-25,20161125,False,2016,Q4,2016 Q4,11,Nov,2016-11,Nov 2016,False,False
2016-11-26,20161126,False,2016,Q4,2016 Q4,11,Nov,2016-11,Nov 2016,False,False
2016-11-27,20161127,False,2016,Q4,2016 Q4,11,Nov,2016-11,Nov 2016,False,False
2016-11-28,20161128,False,2016,Q4,2016 Q4,11,Nov,2016-11,Nov 2016,False,False
2016-11-29,20161129,False,2016,Q4,2016 Q4,11,Nov,2016-11,Nov 2016,False,False
2016-11-30,20161130,False,2016,Q4,2016 Q4,11,Nov,2016-11,Nov 2016,False,False
2016-12-01,20161201,True,2016,Q4,2016 Q4,12,Dec,2016-12,Dec 2016,False,False
2016-12-02,20161202,False,2016,Q4,2016 Q4,12,Dec,2016-12,Dec 2016,False,False
2016-12-03,20161203,False,2016,Q4,2016 Q4,12,Dec,2016-12,Dec 2016,False,False
2016-12-04,20161204,False,2016,Q4,2016 Q4,12,Dec,2016-12,Dec 2016,False,False
2016-12-05,20161205,False,2016,Q4,2016 Q4,12,Dec,2016-12,Dec 2016,False,False
2016-12-06,20161206,False,2016,Q4,2016 Q4,12,Dec,2016-12,Dec 2016,False,False
2016-12-07,20161207,False,2016,Q4,2016 Q4,12,Dec,2016-12,Dec 2016,False,False
2016-12-08,20161208,False,2016,Q4,2016 Q4,12,Dec,2016-12,Dec 2016,False,False
2016-12-09,20161209,False,2016,Q4,2016 Q4,12,Dec,2016-12,Dec 2016,False,False
2016-12-10,20161210,False,2016,Q4,2016 Q4,12,Dec,2016-12,Dec 2016,False,False
2016-12-11,20161211,False,2016,Q4,2016 Q4,12,Dec,2016-12,Dec 2016,False,False
2016-12-12,20161212,False,2016,Q4,2016 Q4,12,Dec,2016-12,Dec 2016,False,False
2016-12-13,20161213,False,2016,Q4,2016 Q4,12,Dec,2016-12,Dec 2016,False,False
2016-12-14,20161214,False,2016,Q4,2016 Q4,12,Dec,2016-12,Dec 2016,False,False
2016-12-15,20161215,False,2016,Q4,2016 Q4,12,Dec,2016-12,Dec 2016,False,False
2016-12-16,20161216,False,2016,Q4,2016 Q4,12,Dec,2016-12,Dec 2016,False,False
2016-12-17,20161217,False,2016,Q4,2016 Q4,12,Dec,2016-12,Dec 2016,False,False
2016-12-18,20161218,False,2016,Q4,2016 Q4,12,Dec,2016-12,Dec 2016,False,False
2016-12-19,20161219,False,2016,Q4,2016 Q4,12,Dec,2016-12,Dec 2016,False,False
2016-12-20,20161220,False,2016,Q4,2016 Q4,12,Dec,2016-12,Dec 2016,False,False
2016-12-21,20161221,False,2016,Q4,2016 Q4,12,Dec,2016-12,Dec 2016,False,False
2016-12-22,20161222,False,2016,Q4,2016 Q4,12,Dec,2016-12,Dec 2016,False,False
2016-12-23,20161223,False,2016,Q4,2016 Q4,12,Dec,2016-12,Dec 2016,False,False
2016-12-24,20161224,False,2016,Q4,2016 Q4,12,Dec,2016-12,Dec 2016,False,False
2016-12-25,20161225,False,2016,Q4,2016 Q4,12,Dec,2016-12,Dec 2016,False,False
2016-12-26,20161226,False,2016,Q4,2016 Q4,12,Dec,2016-12,Dec 2016,False,False
2016-12-27,20161227,False,2016,Q4,2016 Q4,12,Dec,2016-12,Dec 2016,False,False
2016-12-28,20161228,False,2016,Q4,2016 Q4,12,Dec,2016-12,Dec 2016,False,False
2016-12-29,20161229,False,2016,Q4,2016 Q4,12,Dec,2016-12,Dec 2016,False,False
2016-12-30,20161230,False,2016,Q4,2016 Q4,12,Dec,2016-12,Dec 2016,False,False
2016-12-31,20161231,False,2016,Q4,2016 Q4,12,Dec,2016-12,Dec 2016,False,False
2017-01-01,20170101,True,2017,Q1,2017 Q1,1,Jan,2017-01,Jan 2017,False,False
2017-01-02,20170102,False,2017,Q1,2017 Q1,1,Jan,2017-01,Jan 2017,False,False
2017-01-03,20170103,False,2017,Q1,2017 Q1,1,Jan,2017-01,Jan 2017,False,False
2017-01-04,20170104,False,2017,Q1,2017 Q1,1,Jan,2017-01,Jan 2017,False,False
2017-01-05,20170105,False,2017,Q1,2017 Q1,1,Jan,2017-01,Jan 2017,False,False
2017-01-06,20170106,False,2017,Q1,2017 Q1,1,Jan,2017-01,Jan 2017,False,False
2017-01-07,20170107,False,2017,Q1,2017 Q1,1,Jan,2017-01,Jan 2017,False,False
2017-01-08,20170108,False,2017,Q1,2017 Q1,1,Jan,2017-01,Jan 2017,False,False
2017-01-09,20170109,False,2017,Q1,2017 Q1,1,Jan,2017-01,Jan 2017,False,False
2017-01-10,20170110,False,2017,Q1,2017 Q1,1,Jan,2017-01,Jan 2017,False,False
2017-01-11,20170111,False,2017,Q1,2017 Q1,1,Jan,2017-01,Jan 2017,False,False
2017-01-12,20170112,False,2017,Q1,2017 Q1,1,Jan,2017-01,Jan 2017,False,False
2017-01-13,20170113,False,2017,Q1,2017 Q1,1,Jan,2017-01,Jan 2017,False,False
2017-01-14,20170114,False,2017,Q1,2017 Q1,1,Jan,2017-01,Jan 2017,False,False
2017-01-15,20170115,False,2017,Q1,2017 Q1,1,Jan,2017-01,Jan 2017,False,False
2017-01-16,20170116,False,2017,Q1,2017 Q1,1,Jan,2017-01,Jan 2017,False,False
2017-01-17,20170117,False,2017,Q1,2017 Q1,1,Jan,2017-01,Jan 2017,False,False
2017-01-18,20170118,False,2017,Q1,2017 Q1,1,Jan,2017-01,Jan 2017,False,False
2017-01-19,20170119,False,2017,Q1,2017 Q1,1,Jan,2017-01,Jan 2017,False,False
2017-01-20,20170120,False,2017,Q1,2017 Q1,1,Jan,2017-01,Jan 2017,False,False
2017-01-21,20170121,False,2017,Q1,2017 Q1,1,Jan,2017-01,Jan 2017,False,False
2017-01-22,20170122,False,2017,Q1,2017 Q1,1,Jan,2017-01,Jan 2017,False,False
2017-01-23,20170123,False,2017,Q1,2017 Q1,1,Jan,2017-01,Jan 2017,False,False
2017-01-24,20170124,False,2017,Q1,2017 Q1,1,Jan,2017-01,Jan 2017,False,False
2017-01-25,20170125,False,2017,Q1,2017 Q1,1,Jan,2017-01,Jan 2017,False,False
2017-01-26,20170126,False,2017,Q1,2017 Q1,1,Jan,2017-01,Jan 2017,False,False
2017-01-27,20170127,False,2017,Q1,2017 Q1,1,Jan,2017-01,Jan 2017,False,False
2017-01-28,20170128,False,2017,Q1,2017 Q1,1,Jan,2017-01,Jan 2017,False,False
2017-01-29,20170129,False,2017,Q1,2017 Q1,1,Jan,2017-01,Jan 2017,False,False
2017-01-30,20170130,False,2017,Q1,2017 Q1,1,Jan,2017-01,Jan 2017,False,False
2017-01-31,20170131,False,2017,Q1,2017 Q1,1,Jan,2017-01,Jan 2017,False,False
2017-02-01,20170201,True,2017,Q1,2017 Q1,2,Feb,2017-02,Feb 2017,False,False
2017-02-02,20170202,False,2017,Q1,2017 Q1,2,Feb,2017-02,Feb 2017,False,False
2017-02-03,20170203,False,2017,Q1,2017 Q1,2,Feb,2017-02,Feb 2017,False,False
2017-02-04,20170204,False,2017,Q1,2017 Q1,2,Feb,2017-02,Feb 2017,False,False
2017-02-05,20170205,False,2017,Q1,2017 Q1,2,Feb,2017-02,Feb 2017,False,False
2017-02-06,20170206,False,2017,Q1,2017 Q1,2,Feb,2017-02,Feb 2017,False,False
2017-02-07,20170207,False,2017,Q1,2017 Q1,2,Feb,2017-02,Feb 2017,False,False
2017-02-08,20170208,False,2017,Q1,2017 Q1,2,Feb,2017-02,Feb 2017,False,False
2017-02-09,20170209,False,2017,Q1,2017 Q1,2,Feb,2017-02,Feb 2017,False,False
2017-02-10,20170210,False,2017,Q1,2017 Q1,2,Feb,2017-02,Feb 2017,False,False
2017-02-11,20170211,False,2017,Q1,2017 Q1,2,Feb,2017-02,Feb 2017,False,False
2017-02-12,20170212,False,2017,Q1,2017 Q1,2,Feb,2017-02,Feb 2017,False,False
2017-02-13,20170213,False,2017,Q1,2017 Q1,2,Feb,2017-02,Feb 2017,False,False
2017-02-14,20170214,False,2017,Q1,2017 Q1,2,Feb,2017-02,Feb 2017,False,False
2017-02-15,20170215,False,2017,Q1,2017 Q1,2,Feb,2017-02,Feb 2017,False,False
2017-02-16,20170216,False,2017,Q1,2017 Q1,2,Feb,2017-02,Feb 2017,False,False
2017-02-17,20170217,False,2017,Q1,2017 Q1,2,Feb,2017-02,Feb 2017,False,False
2017-02-18,20170218,False,2017,Q1,2017 Q1,2,Feb,2017-02,Feb 2017,False,False
2017-02-19,20170219,False,2017,Q1,2017 Q1,2,Feb,2017-02,Feb 2017,False,False
2017-02-20,20170220,False,2017,Q1,2017 Q1,2,Feb,2017-02,Feb 2017,False,False
2017-02-21,20170221,False,2017,Q1,2017 Q1,2,Feb,2017-02,Feb 2017,False,False
2017-02-22,20170222,False,2017,Q1,2017 Q1,2,Feb,2017-02,Feb 2017,False,False
2017-02-23,20170223,False,2017,Q1,2017 Q1,2,Feb,2017-02,Feb 2017,False,False
2017-02-24,20170224,False,2017,Q1,2017 Q1,2,Feb,2017-02,Feb 2017,False,False
2017-02-25,20170225,False,2017,Q1,2017 Q1,2,Feb,2017-02,Feb 2017,False,False
2017-02-26,20170226,False,2017,Q1,2017 Q1,2,Feb,2017-02,Feb 2017,False,False
2017-02-27,20170227,False,2017,Q1,2017 Q1,2,Feb,2017-02,Feb 2017,False,False
2017-02-28,20170228,False,2017,Q1,2017 Q1,2,Feb,2017-02,Feb 2017,False,False
2017-03-01,20170301,True,2017,Q1,2017 Q1,3,Mar,2017-03,Mar 2017,False,False
2017-03-02,20170302,False,2017,Q1,2017 Q1,3,Mar,2017-03,Mar 2017,False,False
2017-03-03,20170303,False,2017,Q1,2017 Q1,3,Mar,2017-03,Mar 2017,False,False
2017-03-04,20170304,False,2017,Q1,2017 Q1,3,Mar,2017-03,Mar 2017,False,False
2017-03-05,20170305,False,2017,Q1,2017 Q1,3,Mar,2017-03,Mar 2017,False,False
2017-03-06,20170306,False,2017,Q1,2017 Q1,3,Mar,2017-03,Mar 2017,False,False
2017-03-07,20170307,False,2017,Q1,2017 Q1,3,Mar,2017-03,Mar 2017,False,False
2017-03-08,20170308,False,2017,Q1,2017 Q1,3,Mar,2017-03,Mar 2017,False,False
2017-03-09,20170309,False,2017,Q1,2017 Q1,3,Mar,2017-03,Mar 2017,False,False
2017-03-10,20170310,False,2017,Q1,2017 Q1,3,Mar,2017-03,Mar 2017,False,False
2017-03-11,20170311,False,2017,Q1,2017 Q1,3,Mar,2017-03,Mar 2017,False,False
2017-03-12,20170312,False,2017,Q1,2017 Q1,3,Mar,2017-03,Mar 2017,False,False
2017-03-13,20170313,False,2017,Q1,2017 Q1,3,Mar,2017-03,Mar 2017,False,False
2017-03-14,20170314,False,2017,Q1,2017 Q1,3,Mar,2017-03,Mar 2017,False,False
2017-03-15,20170315,False,2017,Q1,2017 Q1,3,Mar,2017-03,Mar 2017,False,False
2017-03-16,20170316,False,2017,Q1,2017 Q1,3,Mar,2017-03,Mar 2017,False,False
2017-03-17,20170317,False,2017,Q1,2017 Q1,3,Mar,2017-03,Mar 2017,False,False
2017-03-18,20170318,False,2017,Q1,2017 Q1,3,Mar,2017-03,Mar 2017,False,False
2017-03-19,20170319,False,2017,Q1,2017 Q1,3,Mar,2017-03,Mar 2017,False,False
2017-03-20,20170320,False,2017,Q1,2017 Q1,3,Mar,2017-03,Mar 2017,False,False
2017-03-21,20170321,False,2017,Q1,2017 Q1,3,Mar,2017-03,Mar 2017,False,False
2017-03-22,20170322,False,2017,Q1,2017 Q1,3,Mar,2017-03,Mar 2017,False,False
2017-03-23,20170323,False,2017,Q1,2017 Q1,3,Mar,2017-03,Mar 2017,False,False
2017-03-24,20170324,False,2017,Q1,2017 Q1,3,Mar,2017-03,Mar 2017,False,False
2017-03-25,20170325,False,2017,Q1,2017 Q1,3,Mar,2017-03,Mar 2017,False,False
2017-03-26,20170326,False,2017,Q1,2017 Q1,3,Mar,2017-03,Mar 2017,False,False
2017-03-27,20170327,False,2017,Q1,2017 Q1,3,Mar,2017-03,Mar 2017,False,False
2017-03-28,20170328,False,2017,Q1,2017 Q1,3,Mar,2017-03,Mar 2017,False,False
2017-03-29,20170329,False,2017,Q1,2017 Q1,3,Mar,2017-03,Mar 2017,False,False
2017-03-30,20170330,False,2017,Q1,2017 Q1,3,Mar,2017-03,Mar 2017,False,False
2017-03-31,20170331,False,2017,Q1,2017 Q1,3,Mar,2017-03,Mar 2017,False,False
2017-04-01,20170401,True,2017,Q2,2017 Q2,4,Apr,2017-04,Apr 2017,False,False
2017-04-02,20170402,False,2017,Q2,2017 Q2,4,Apr,2017-04,Apr 2017,False,False
2017-04-03,20170403,False,2017,Q2,2017 Q2,4,Apr,2017-04,Apr 2017,False,False
2017-04-04,20170404,False,2017,Q2,2017 Q2,4,Apr,2017-04,Apr 2017,False,False
2017-04-05,20170405,False,2017,Q2,2017 Q2,4,Apr,2017-04,Apr 2017,False,False
2017-04-06,20170406,False,2017,Q2,2017 Q2,4,Apr,2017-04,Apr 2017,False,False
2017-04-07,20170407,False,2017,Q2,2017 Q2,4,Apr,2017-04,Apr 2017,False,False
2017-04-08,20170408,False,2017,Q2,2017 Q2,4,Apr,2017-04,Apr 2017,False,False
2017-04-09,20170409,False,2017,Q2,2017 Q2,4,Apr,2017-04,Apr 2017,False,False
2017-04-10,20170410,False,2017,Q2,2017 Q2,4,Apr,2017-04,Apr 2017,False,False
2017-04-11,20170411,False,2017,Q2,2017 Q2,4,Apr,2017-04,Apr 2017,False,False
2017-04-12,20170412,False,2017,Q2,2017 Q2,4,Apr,2017-04,Apr 2017,False,False
2017-04-13,20170413,False,2017,Q2,2017 Q2,4,Apr,2017-04,Apr 2017,False,False
2017-04-14,20170414,False,2017,Q2,2017 Q2,4,Apr,2017-04,Apr 2017,False,False
2017-04-15,20170415,False,2017,Q2,2017 Q2,4,Apr,2017-04,Apr 2017,False,False
2017-04-16,20170416,False,2017,Q2,2017 Q2,4,Apr,2017-04,Apr 2017,False,False
2017-04-17,20170417,False,2017,Q2,2017 Q2,4,Apr,2017-04,Apr 2017,False,False
2017-04-18,20170418,False,2017,Q2,2017 Q2,4,Apr,2017-04,Apr 2017,False,False
2017-04-19,20170419,False,2017,Q2,2017 Q2,4,Apr,2017-04,Apr 2017,False,False
2017-04-20,20170420,False,2017,Q2,2017 Q2,4,Apr,2017-04,Apr 2017,False,False
2017-04-21,20170421,False,2017,Q2,2017 Q2,4,Apr,2017-04,Apr 2017,False,False
2017-04-22,20170422,False,2017,Q2,2017 Q2,4,Apr,2017-04,Apr 2017,False,False
2017-04-23,20170423,False,2017,Q2,2017 Q2,4,Apr,2017-04,Apr 2017,False,False
2017-04-24,20170424,False,2017,Q2,2017 Q2,4,Apr,2017-04,Apr 2017,False,False
2017-04-25,20170425,False,2017,Q2,2017 Q2,4,Apr,2017-04,Apr 2017,False,False
2017-04-26,20170426,False,2017,Q2,2017 Q2,4,Apr,2017-04,Apr 2017,False,False
2017-04-27,20170427,False,2017,Q2,2017 Q2,4,Apr,2017-04,Apr 2017,False,False
2017-04-28,20170428,False,2017,Q2,2017 Q2,4,Apr,2017-04,Apr 2017,False,False
2017-04-29,20170429,False,2017,Q2,2017 Q2,4,Apr,2017-04,Apr 2017,False,False
2017-04-30,20170430,False,2017,Q2,2017 Q2,4,Apr,2017-04,Apr 2017,False,False
2017-05-01,20170501,True,2017,Q2,2017 Q2,5,May,2017-05,May 2017,False,False
2017-05-02,20170502,False,2017,Q2,2017 Q2,5,May,2017-05,May 2017,False,False
2017-05-03,20170503,False,2017,Q2,2017 Q2,5,May,2017-05,May 2017,False,False
2017-05-04,20170504,False,2017,Q2,2017 Q2,5,May,2017-05,May 2017,False,False
2017-05-05,20170505,False,2017,Q2,2017 Q2,5,May,2017-05,May 2017,False,False
2017-05-06,20170506,False,2017,Q2,2017 Q2,5,May,2017-05,May 2017,False,False
2017-05-07,20170507,False,2017,Q2,2017 Q2,5,May,2017-05,May 2017,False,False
2017-05-08,20170508,False,2017,Q2,2017 Q2,5,May,2017-05,May 2017,False,False
2017-05-09,20170509,False,2017,Q2,2017 Q2,5,May,2017-05,May 2017,False,False
2017-05-10,20170510,False,2017,Q2,2017 Q2,5,May,2017-05,May 2017,False,False
2017-05-11,20170511,False,2017,Q2,2017 Q2,5,May,2017-05,May 2017,False,False
2017-05-12,20170512,False,2017,Q2,2017 Q2,5,May,2017-05,May 2017,False,False
2017-05-13,20170513,False,2017,Q2,2017 Q2,5,May,2017-05,May 2017,False,False
2017-05-14,20170514,False,2017,Q2,2017 Q2,5,May,2017-05,May 2017,False,False
2017-05-15,20170515,False,2017,Q2,2017 Q2,5,May,2017-05,May 2017,False,False
2017-05-16,20170516,False,2017,Q2,2017 Q2,5,May,2017-05,May 2017,False,False
2017-05-17,20170517,False,2017,Q2,2017 Q2,5,May,2017-05,May 2017,False,False
2017-05-18,20170518,False,2017,Q2,2017 Q2,5,May,2017-05,May 2017,False,False
2017-05-19,20170519,False,2017,Q2,2017 Q2,5,May,2017-05,May 2017,False,False
2017-05-20,20170520,False,2017,Q2,2017 Q2,5,May,2017-05,May 2017,False,False
2017-05-21,20170521,False,2017,Q2,2017 Q2,5,May,2017-05,May 2017,False,False
2017-05-22,20170522,False,2017,Q2,2017 Q2,5,May,2017-05,May 2017,False,False
2017-05-23,20170523,False,2017,Q2,2017 Q2,5,May,2017-05,May 2017,False,False
2017-05-24,20170524,False,2017,Q2,2017 Q2,5,May,2017-05,May 2017,False,False
2017-05-25,20170525,False,2017,Q2,2017 Q2,5,May,2017-05,May 2017,False,False
2017-05-26,20170526,False,2017,Q2,2017 Q2,5,May,2017-05,May 2017,False,False
2017-05-27,20170527,False,2017,Q2,2017 Q2,5,May,2017-05,May 2017,False,False
2017-05-28,20170528,False,2017,Q2,2017 Q2,5,May,2017-05,May 2017,False,False
2017-05-29,20170529,False,2017,Q2,2017 Q2,5,May,2017-05,May 2017,False,False
2017-05-30,20170530,False,2017,Q2,2017 Q2,5,May,2017-05,May 2017,False,False
2017-05-31,20170531,False,2017,Q2,2017 Q2,5,May,2017-05,May 2017,False,False
2017-06-01,20170601,True,2017,Q2,2017 Q2,6,Jun,2017-06,Jun 2017,False,False
2017-06-02,20170602,False,2017,Q2,2017 Q2,6,Jun,2017-06,Jun 2017,False,False
2017-06-03,20170603,False,2017,Q2,2017 Q2,6,Jun,2017-06,Jun 2017,False,False
2017-06-04,20170604,False,2017,Q2,2017 Q2,6,Jun,2017-06,Jun 2017,False,False
2017-06-05,20170605,False,2017,Q2,2017 Q2,6,Jun,2017-06,Jun 2017,False,False
2017-06-06,20170606,False,2017,Q2,2017 Q2,6,Jun,2017-06,Jun 2017,False,False
2017-06-07,20170607,False,2017,Q2,2017 Q2,6,Jun,2017-06,Jun 2017,False,False
2017-06-08,20170608,False,2017,Q2,2017 Q2,6,Jun,2017-06,Jun 2017,False,False
2017-06-09,20170609,False,2017,Q2,2017 Q2,6,Jun,2017-06,Jun 2017,False,False
2017-06-10,20170610,False,2017,Q2,2017 Q2,6,Jun,2017-06,Jun 2017,False,False
2017-06-11,20170611,False,2017,Q2,2017 Q2,6,Jun,2017-06,Jun 2017,False,False
2017-06-12,20170612,False,2017,Q2,2017 Q2,6,Jun,2017-06,Jun 2017,False,False
2017-06-13,20170613,False,2017,Q2,2017 Q2,6,Jun,2017-06,Jun 2017,False,False
2017-06-14,20170614,False,2017,Q2,2017 Q2,6,Jun,2017-06,Jun 2017,False,False
2017-06-15,20170615,False,2017,Q2,2017 Q2,6,Jun,2017-06,Jun 2017,False,False
2017-06-16,20170616,False,2017,Q2,2017 Q2,6,Jun,2017-06,Jun 2017,False,False
2017-06-17,20170617,False,2017,Q2,2017 Q2,6,Jun,2017-06,Jun 2017,False,False
2017-06-18,20170618,False,2017,Q2,2017 Q2,6,Jun,2017-06,Jun 2017,False,False
2017-06-19,20170619,False,2017,Q2,2017 Q2,6,Jun,2017-06,Jun 2017,False,False
2017-06-20,20170620,False,2017,Q2,2017 Q2,6,Jun,2017-06,Jun 2017,False,False
2017-06-21,20170621,False,2017,Q2,2017 Q2,6,Jun,2017-06,Jun 2017,False,False
2017-06-22,20170622,False,2017,Q2,2017 Q2,6,Jun,2017-06,Jun 2017,False,False
2017-06-23,20170623,False,2017,Q2,2017 Q2,6,Jun,2017-06,Jun 2017,False,False
2017-06-24,20170624,False,2017,Q2,2017 Q2,6,Jun,2017-06,Jun 2017,False,False
2017-06-25,20170625,False,2017,Q2,2017 Q2,6,Jun,2017-06,Jun 2017,False,False
2017-06-26,20170626,False,2017,Q2,2017 Q2,6,Jun,2017-06,Jun 2017,False,False
2017-06-27,20170627,False,2017,Q2,2017 Q2,6,Jun,2017-06,Jun 2017,False,False
2017-06-28,20170628,False,2017,Q2,2017 Q2,6,Jun,2017-06,Jun 2017,False,False
2017-06-29,20170629,False,2017,Q2,2017 Q2,6,Jun,2017-06,Jun 2017,False,False
2017-06-30,20170630,False,2017,Q2,2017 Q2,6,Jun,2017-06,Jun 2017,False,False
2017-07-01,20170701,True,2017,Q3,2017 Q3,7,Jul,2017-07,Jul 2017,False,False
2017-07-02,20170702,False,2017,Q3,2017 Q3,7,Jul,2017-07,Jul 2017,False,False
2017-07-03,20170703,False,2017,Q3,2017 Q3,7,Jul,2017-07,Jul 2017,False,False
2017-07-04,20170704,False,2017,Q3,2017 Q3,7,Jul,2017-07,Jul 2017,False,False
2017-07-05,20170705,False,2017,Q3,2017 Q3,7,Jul,2017-07,Jul 2017,False,False
2017-07-06,20170706,False,2017,Q3,2017 Q3,7,Jul,2017-07,Jul 2017,False,False
2017-07-07,20170707,False,2017,Q3,2017 Q3,7,Jul,2017-07,Jul 2017,False,False
2017-07-08,20170708,False,2017,Q3,2017 Q3,7,Jul,2017-07,Jul 2017,False,False
2017-07-09,20170709,False,2017,Q3,2017 Q3,7,Jul,2017-07,Jul 2017,False,False
2017-07-10,20170710,False,2017,Q3,2017 Q3,7,Jul,2017-07,Jul 2017,False,False
2017-07-11,20170711,False,2017,Q3,2017 Q3,7,Jul,2017-07,Jul 2017,False,False
2017-07-12,20170712,False,2017,Q3,2017 Q3,7,Jul,2017-07,Jul 2017,False,False
2017-07-13,20170713,False,2017,Q3,2017 Q3,7,Jul,2017-07,Jul 2017,False,False
2017-07-14,20170714,False,2017,Q3,2017 Q3,7,Jul,2017-07,Jul 2017,False,False
2017-07-15,20170715,False,2017,Q3,2017 Q3,7,Jul,2017-07,Jul 2017,False,False
2017-07-16,20170716,False,2017,Q3,2017 Q3,7,Jul,2017-07,Jul 2017,False,False
2017-07-17,20170717,False,2017,Q3,2017 Q3,7,Jul,2017-07,Jul 2017,False,False
2017-07-18,20170718,False,2017,Q3,2017 Q3,7,Jul,2017-07,Jul 2017,False,False
2017-07-19,20170719,False,2017,Q3,2017 Q3,7,Jul,2017-07,Jul 2017,False,False
2017-07-20,20170720,False,2017,Q3,2017 Q3,7,Jul,2017-07,Jul 2017,False,False
2017-07-21,20170721,False,2017,Q3,2017 Q3,7,Jul,2017-07,Jul 2017,False,False
2017-07-22,20170722,False,2017,Q3,2017 Q3,7,Jul,2017-07,Jul 2017,False,False
2017-07-23,20170723,False,2017,Q3,2017 Q3,7,Jul,2017-07,Jul 2017,False,False
2017-07-24,20170724,False,2017,Q3,2017 Q3,7,Jul,2017-07,Jul 2017,False,False
2017-07-25,20170725,False,2017,Q3,2017 Q3,7,Jul,2017-07,Jul 2017,False,False
2017-07-26,20170726,False,2017,Q3,2017 Q3,7,Jul,2017-07,Jul 2017,False,False
2017-07-27,20170727,False,2017,Q3,2017 Q3,7,Jul,2017-07,Jul 2017,False,False
2017-07-28,20170728,False,2017,Q3,2017 Q3,7,Jul,2017-07,Jul 2017,False,False
2017-07-29,20170729,False,2017,Q3,2017 Q3,7,Jul,2017-07,Jul 2017,False,False
2017-07-30,20170730,False,2017,Q3,2017 Q3,7,Jul,2017-07,Jul 2017,False,False
2017-07-31,20170731,False,2017,Q3,2017 Q3,7,Jul,2017-07,Jul 2017,False,False
2017-08-01,20170801,True,2017,Q3,2017 Q3,8,Aug,2017-08,Aug 2017,False,False
2017-08-02,20170802,False,2017,Q3,2017 Q3,8,Aug,2017-08,Aug 2017,False,False
2017-08-03,20170803,False,2017,Q3,2017 Q3,8,Aug,2017-08,Aug 2017,False,False
2017-08-04,20170804,False,2017,Q3,2017 Q3,8,Aug,2017-08,Aug 2017,False,False
2017-08-05,20170805,False,2017,Q3,2017 Q3,8,Aug,2017-08,Aug 2017,False,False
2017-08-06,20170806,False,2017,Q3,2017 Q3,8,Aug,2017-08,Aug 2017,False,False
2017-08-07,20170807,False,2017,Q3,2017 Q3,8,Aug,2017-08,Aug 2017,False,False
2017-08-08,20170808,False,2017,Q3,2017 Q3,8,Aug,2017-08,Aug 2017,False,False
2017-08-09,20170809,False,2017,Q3,2017 Q3,8,Aug,2017-08,Aug 2017,False,False
2017-08-10,20170810,False,2017,Q3,2017 Q3,8,Aug,2017-08,Aug 2017,False,False
2017-08-11,20170811,False,2017,Q3,2017 Q3,8,Aug,2017-08,Aug 2017,False,False
2017-08-12,20170812,False,2017,Q3,2017 Q3,8,Aug,2017-08,Aug 2017,False,False
2017-08-13,20170813,False,2017,Q3,2017 Q3,8,Aug,2017-08,Aug 2017,False,False
2017-08-14,20170814,False,2017,Q3,2017 Q3,8,Aug,2017-08,Aug 2017,False,False
2017-08-15,20170815,False,2017,Q3,2017 Q3,8,Aug,2017-08,Aug 2017,False,False
2017-08-16,20170816,False,2017,Q3,2017 Q3,8,Aug,2017-08,Aug 2017,False,False
2017-08-17,20170817,False,2017,Q3,2017 Q3,8,Aug,2017-08,Aug 2017,False,False
2017-08-18,20170818,False,2017,Q3,2017 Q3,8,Aug,2017-08,Aug 2017,False,False
2017-08-19,20170819,False,2017,Q3,2017 Q3,8,Aug,2017-08,Aug 2017,False,False
2017-08-20,20170820,False,2017,Q3,2017 Q3,8,Aug,2017-08,Aug 2017,False,False
2017-08-21,20170821,False,2017,Q3,2017 Q3,8,Aug,2017-08,Aug 2017,False,False
2017-08-22,20170822,False,2017,Q3,2017 Q3,8,Aug,2017-08,Aug 2017,False,False
2017-08-23,20170823,False,2017,Q3,2017 Q3,8,Aug,2017-08,Aug 2017,False,False
2017-08-24,20170824,False,2017,Q3,2017 Q3,8,Aug,2017-08,Aug 2017,False,False
2017-08-25,20170825,False,2017,Q3,2017 Q3,8,Aug,2017-08,Aug 2017,False,False
2017-08-26,20170826,False,2017,Q3,2017 Q3,8,Aug,2017-08,Aug 2017,False,False
2017-08-27,20170827,False,2017,Q3,2017 Q3,8,Aug,2017-08,Aug 2017,False,False
2017-08-28,20170828,False,2017,Q3,2017 Q3,8,Aug,2017-08,Aug 2017,False,False
2017-08-29,20170829,False,2017,Q3,2017 Q3,8,Aug,2017-08,Aug 2017,False,False
2017-08-30,20170830,False,2017,Q3,2017 Q3,8,Aug,2017-08,Aug 2017,False,False
2017-08-31,20170831,False,2017,Q3,2017 Q3,8,Aug,2017-08,Aug 2017,False,False
2017-09-01,20170901,True,2017,Q3,2017 Q3,9,Sep,2017-09,Sep 2017,False,False
2017-09-02,20170902,False,2017,Q3,2017 Q3,9,Sep,2017-09,Sep 2017,False,False
2017-09-03,20170903,False,2017,Q3,2017 Q3,9,Sep,2017-09,Sep 2017,False,False
2017-09-04,20170904,False,2017,Q3,2017 Q3,9,Sep,2017-09,Sep 2017,False,False
2017-09-05,20170905,False,2017,Q3,2017 Q3,9,Sep,2017-09,Sep 2017,False,False
2017-09-06,20170906,False,2017,Q3,2017 Q3,9,Sep,2017-09,Sep 2017,False,False
2017-09-07,20170907,False,2017,Q3,2017 Q3,9,Sep,2017-09,Sep 2017,False,False
2017-09-08,20170908,False,2017,Q3,2017 Q3,9,Sep,2017-09,Sep 2017,False,False
2017-09-09,20170909,False,2017,Q3,2017 Q3,9,Sep,2017-09,Sep 2017,False,False
2017-09-10,20170910,False,2017,Q3,2017 Q3,9,Sep,2017-09,Sep 2017,False,False
2017-09-11,20170911,False,2017,Q3,2017 Q3,9,Sep,2017-09,Sep 2017,False,False
2017-09-12,20170912,False,2017,Q3,2017 Q3,9,Sep,2017-09,Sep 2017,False,False
2017-09-13,20170913,False,2017,Q3,2017 Q3,9,Sep,2017-09,Sep 2017,False,False
2017-09-14,20170914,False,2017,Q3,2017 Q3,9,Sep,2017-09,Sep 2017,False,False
2017-09-15,20170915,False,2017,Q3,2017 Q3,9,Sep,2017-09,Sep 2017,False,False
2017-09-16,20170916,False,2017,Q3,2017 Q3,9,Sep,2017-09,Sep 2017,False,False
2017-09-17,20170917,False,2017,Q3,2017 Q3,9,Sep,2017-09,Sep 2017,False,False
2017-09-18,20170918,False,2017,Q3,2017 Q3,9,Sep,2017-09,Sep 2017,False,False
2017-09-19,20170919,False,2017,Q3,2017 Q3,9,Sep,2017-09,Sep 2017,False,False
2017-09-20,20170920,False,2017,Q3,2017 Q3,9,Sep,2017-09,Sep 2017,False,False
2017-09-21,20170921,False,2017,Q3,2017 Q3,9,Sep,2017-09,Sep 2017,False,False
2017-09-22,20170922,False,2017,Q3,2017 Q3,9,Sep,2017-09,Sep 2017,False,False
2017-09-23,20170923,False,2017,Q3,2017 Q3,9,Sep,2017-09,Sep 2017,False,False
2017-09-24,20170924,False,2017,Q3,2017 Q3,9,Sep,2017-09,Sep 2017,False,False
2017-09-25,20170925,False,2017,Q3,2017 Q3,9,Sep,2017-09,Sep 2017,False,False
2017-09-26,20170926,False,2017,Q3,2017 Q3,9,Sep,2017-09,Sep 2017,False,False
2017-09-27,20170927,False,2017,Q3,2017 Q3,9,Sep,2017-09,Sep 2017,False,False
2017-09-28,20170928,False,2017,Q3,2017 Q3,9,Sep,2017-09,Sep 2017,False,False
2017-09-29,20170929,False,2017,Q3,2017 Q3,9,Sep,2017-09,Sep 2017,False,False
2017-09-30,20170930,False,2017,Q3,2017 Q3,9,Sep,2017-09,Sep 2017,False,False
2017-10-01,20171001,True,2017,Q4,2017 Q4,10,Oct,2017-10,Oct 2017,False,False
2017-10-02,20171002,False,2017,Q4,2017 Q4,10,Oct,2017-10,Oct 2017,False,False
2017-10-03,20171003,False,2017,Q4,2017 Q4,10,Oct,2017-10,Oct 2017,False,False
2017-10-04,20171004,False,2017,Q4,2017 Q4,10,Oct,2017-10,Oct 2017,False,False
2017-10-05,20171005,False,2017,Q4,2017 Q4,10,Oct,2017-10,Oct 2017,False,False
2017-10-06,20171006,False,2017,Q4,2017 Q4,10,Oct,2017-10,Oct 2017,False,False
2017-10-07,20171007,False,2017,Q4,2017 Q4,10,Oct,2017-10,Oct 2017,False,False
2017-10-08,20171008,False,2017,Q4,2017 Q4,10,Oct,2017-10,Oct 2017,False,False
2017-10-09,20171009,False,2017,Q4,2017 Q4,10,Oct,2017-10,Oct 2017,False,False
2017-10-10,20171010,False,2017,Q4,2017 Q4,10,Oct,2017-10,Oct 2017,False,False
2017-10-11,20171011,False,2017,Q4,2017 Q4,10,Oct,2017-10,Oct 2017,False,False
2017-10-12,20171012,False,2017,Q4,2017 Q4,10,Oct,2017-10,Oct 2017,False,False
2017-10-13,20171013,False,2017,Q4,2017 Q4,10,Oct,2017-10,Oct 2017,False,False
2017-10-14,20171014,False,2017,Q4,2017 Q4,10,Oct,2017-10,Oct 2017,False,False
2017-10-15,20171015,False,2017,Q4,2017 Q4,10,Oct,2017-10,Oct 2017,False,False
2017-10-16,20171016,False,2017,Q4,2017 Q4,10,Oct,2017-10,Oct 2017,False,False
2017-10-17,20171017,False,2017,Q4,2017 Q4,10,Oct,2017-10,Oct 2017,False,False
2017-10-18,20171018,False,2017,Q4,2017 Q4,10,Oct,2017-10,Oct 2017,False,False
2017-10-19,20171019,False,2017,Q4,2017 Q4,10,Oct,2017-10,Oct 2017,False,False
2017-10-20,20171020,False,2017,Q4,2017 Q4,10,Oct,2017-10,Oct 2017,False,False
2017-10-21,20171021,False,2017,Q4,2017 Q4,10,Oct,2017-10,Oct 2017,False,False
2017-10-22,20171022,False,2017,Q4,2017 Q4,10,Oct,2017-10,Oct 2017,False,False
2017-10-23,20171023,False,2017,Q4,2017 Q4,10,Oct,2017-10,Oct 2017,False,False
2017-10-24,20171024,False,2017,Q4,2017 Q4,10,Oct,2017-10,Oct 2017,False,False
2017-10-25,20171025,False,2017,Q4,2017 Q4,10,Oct,2017-10,Oct 2017,False,False
2017-10-26,20171026,False,2017,Q4,2017 Q4,10,Oct,2017-10,Oct 2017,False,False
2017-10-27,20171027,False,2017,Q4,2017 Q4,10,Oct,2017-10,Oct 2017,False,False
2017-10-28,20171028,False,2017,Q4,2017 Q4,10,Oct,2017-10,Oct 2017,False,False
2017-10-29,20171029,False,2017,Q4,2017 Q4,10,Oct,2017-10,Oct 2017,False,False
2017-10-30,20171030,False,2017,Q4,2017 Q4,10,Oct,2017-10,Oct 2017,False,False
2017-10-31,20171031,False,2017,Q4,2017 Q4,10,Oct,2017-10,Oct 2017,False,False
2017-11-01,20171101,True,2017,Q4,2017 Q4,11,Nov,2017-11,Nov 2017,False,False
2017-11-02,20171102,False,2017,Q4,2017 Q4,11,Nov,2017-11,Nov 2017,False,False
2017-11-03,20171103,False,2017,Q4,2017 Q4,11,Nov,2017-11,Nov 2017,False,False
2017-11-04,20171104,False,2017,Q4,2017 Q4,11,Nov,2017-11,Nov 2017,False,False
2017-11-05,20171105,False,2017,Q4,2017 Q4,11,Nov,2017-11,Nov 2017,False,False
2017-11-06,20171106,False,2017,Q4,2017 Q4,11,Nov,2017-11,Nov 2017,False,False
2017-11-07,20171107,False,2017,Q4,2017 Q4,11,Nov,2017-11,Nov 2017,False,False
2017-11-08,20171108,False,2017,Q4,2017 Q4,11,Nov,2017-11,Nov 2017,False,False
2017-11-09,20171109,False,2017,Q4,2017 Q4,11,Nov,2017-11,Nov 2017,False,False
2017-11-10,20171110,False,2017,Q4,2017 Q4,11,Nov,2017-11,Nov 2017,False,False
2017-11-11,20171111,False,2017,Q4,2017 Q4,11,Nov,2017-11,Nov 2017,False,False
2017-11-12,20171112,False,2017,Q4,2017 Q4,11,Nov,2017-11,Nov 2017,False,False
2017-11-13,20171113,False,2017,Q4,2017 Q4,11,Nov,2017-11,Nov 2017,False,False
2017-11-14,20171114,False,2017,Q4,2017 Q4,11,Nov,2017-11,Nov 2017,False,False
2017-11-15,20171115,False,2017,Q4,2017 Q4,11,Nov,2017-11,Nov 2017,False,False
2017-11-16,20171116,False,2017,Q4,2017 Q4,11,Nov,2017-11,Nov 2017,False,False
2017-11-17,20171117,False,2017,Q4,2017 Q4,11,Nov,2017-11,Nov 2017,False,False
2017-11-18,20171118,False,2017,Q4,2017 Q4,11,Nov,2017-11,Nov 2017,False,False
2017-11-19,20171119,False,2017,Q4,2017 Q4,11,Nov,2017-11,Nov 2017,False,False
2017-11-20,20171120,False,2017,Q4,2017 Q4,11,Nov,2017-11,Nov 2017,False,False
2017-11-21,20171121,False,2017,Q4,2017 Q4,11,Nov,2017-11,Nov 2017,False,False
2017-11-22,20171122,False,2017,Q4,2017 Q4,11,Nov,2017-11,Nov 2017,False,False
2017-11-23,20171123,False,2017,Q4,2017 Q4,11,Nov,2017-11,Nov 2017,False,False
2017-11-24,20171124,False,2017,Q4,2017 Q4,11,Nov,2017-11,Nov 2017,False,False
2017-11-25,20171125,False,2017,Q4,2017 Q4,11,Nov,2017-11,Nov 2017,False,False
2017-11-26,20171126,False,2017,Q4,2017 Q4,11,Nov,2017-11,Nov 2017,False,False
2017-11-27,20171127,False,2017,Q4,2017 Q4,11,Nov,2017-11,Nov 2017,False,False
2017-11-28,20171128,False,2017,Q4,2017 Q4,11,Nov,2017-11,Nov 2017,False,False
2017-11-29,20171129,False,2017,Q4,2017 Q4,11,Nov,2017-11,Nov 2017,False,False
2017-11-30,20171130,False,2017,Q4,2017 Q4,11,Nov,2017-11,Nov 2017,False,False
2017-12-01,20171201,True,2017,Q4,2017 Q4,12,Dec,2017-12,Dec 2017,False,False
2017-12-02,20171202,False,2017,Q4,2017 Q4,12,Dec,2017-12,Dec 2017,False,False
2017-12-03,20171203,False,2017,Q4,2017 Q4,12,Dec,2017-12,Dec 2017,False,False
2017-12-04,20171204,False,2017,Q4,2017 Q4,12,Dec,2017-12,Dec 2017,False,False
2017-12-05,20171205,False,2017,Q4,2017 Q4,12,Dec,2017-12,Dec 2017,False,False
2017-12-06,20171206,False,2017,Q4,2017 Q4,12,Dec,2017-12,Dec 2017,False,False
2017-12-07,20171207,False,2017,Q4,2017 Q4,12,Dec,2017-12,Dec 2017,False,False
2017-12-08,20171208,False,2017,Q4,2017 Q4,12,Dec,2017-12,Dec 2017,False,False
2017-12-09,20171209,False,2017,Q4,2017 Q4,12,Dec,2017-12,Dec 2017,False,False
2017-12-10,20171210,False,2017,Q4,2017 Q4,12,Dec,2017-12,Dec 2017,False,False
2017-12-11,20171211,False,2017,Q4,2017 Q4,12,Dec,2017-12,Dec 2017,False,False
2017-12-12,20171212,False,2017,Q4,2017 Q4,12,Dec,2017-12,Dec 2017,False,False
2017-12-13,20171213,False,2017,Q4,2017 Q4,12,Dec,2017-12,Dec 2017,False,False
2017-12-14,20171214,False,2017,Q4,2017 Q4,12,Dec,2017-12,Dec 2017,False,False
2017-12-15,20171215,False,2017,Q4,2017 Q4,12,Dec,2017-12,Dec 2017,False,False
2017-12-16,20171216,False,2017,Q4,2017 Q4,12,Dec,2017-12,Dec 2017,False,False
2017-12-17,20171217,False,2017,Q4,2017 Q4,12,Dec,2017-12,Dec 2017,False,False
2017-12-18,20171218,False,2017,Q4,2017 Q4,12,Dec,2017-12,Dec 2017,False,False
2017-12-19,20171219,False,2017,Q4,2017 Q4,12,Dec,2017-12,Dec 2017,False,False
2017-12-20,20171220,False,2017,Q4,2017 Q4,12,Dec,2017-12,Dec 2017,False,False
2017-12-21,20171221,False,2017,Q4,2017 Q4,12,Dec,2017-12,Dec 2017,False,False
2017-12-22,20171222,False,2017,Q4,2017 Q4,12,Dec,2017-12,Dec 2017,False,False
2017-12-23,20171223,False,2017,Q4,2017 Q4,12,Dec,2017-12,Dec 2017,False,False
2017-12-24,20171224,False,2017,Q4,2017 Q4,12,Dec,2017-12,Dec 2017,False,False
2017-12-25,20171225,False,2017,Q4,2017 Q4,12,Dec,2017-12,Dec 2017,False,False
2017-12-26,20171226,False,2017,Q4,2017 Q4,12,Dec,2017-12,Dec 2017,False,False
2017-12-27,20171227,False,2017,Q4,2017 Q4,12,Dec,2017-12,Dec 2017,False,False
2017-12-28,20171228,False,2017,Q4,2017 Q4,12,Dec,2017-12,Dec 2017,False,False
2017-12-29,20171229,False,2017,Q4,2017 Q4,12,Dec,2017-12,Dec 2017,False,False
2017-12-30,20171230,False,2017,Q4,2017 Q4,12,Dec,2017-12,Dec 2017,False,False
2017-12-31,20171231,False,2017,Q4,2017 Q4,12,Dec,2017-12,Dec 2017,False,False
2018-01-01,20180101,True,2018,Q1,2018 Q1,1,Jan,2018-01,Jan 2018,False,False
2018-01-02,20180102,False,2018,Q1,2018 Q1,1,Jan,2018-01,Jan 2018,False,False
2018-01-03,20180103,False,2018,Q1,2018 Q1,1,Jan,2018-01,Jan 2018,False,False
2018-01-04,20180104,False,2018,Q1,2018 Q1,1,Jan,2018-01,Jan 2018,False,False
2018-01-05,20180105,False,2018,Q1,2018 Q1,1,Jan,2018-01,Jan 2018,False,False
2018-01-06,20180106,False,2018,Q1,2018 Q1,1,Jan,2018-01,Jan 2018,False,False
2018-01-07,20180107,False,2018,Q1,2018 Q1,1,Jan,2018-01,Jan 2018,False,False
2018-01-08,20180108,False,2018,Q1,2018 Q1,1,Jan,2018-01,Jan 2018,False,False
2018-01-09,20180109,False,2018,Q1,2018 Q1,1,Jan,2018-01,Jan 2018,False,False
2018-01-10,20180110,False,2018,Q1,2018 Q1,1,Jan,2018-01,Jan 2018,False,False
2018-01-11,20180111,False,2018,Q1,2018 Q1,1,Jan,2018-01,Jan 2018,False,False
2018-01-12,20180112,False,2018,Q1,2018 Q1,1,Jan,2018-01,Jan 2018,False,False
2018-01-13,20180113,False,2018,Q1,2018 Q1,1,Jan,2018-01,Jan 2018,False,False
2018-01-14,20180114,False,2018,Q1,2018 Q1,1,Jan,2018-01,Jan 2018,False,False
2018-01-15,20180115,False,2018,Q1,2018 Q1,1,Jan,2018-01,Jan 2018,False,False
2018-01-16,20180116,False,2018,Q1,2018 Q1,1,Jan,2018-01,Jan 2018,False,False
2018-01-17,20180117,False,2018,Q1,2018 Q1,1,Jan,2018-01,Jan 2018,False,False
2018-01-18,20180118,False,2018,Q1,2018 Q1,1,Jan,2018-01,Jan 2018,False,False
2018-01-19,20180119,False,2018,Q1,2018 Q1,1,Jan,2018-01,Jan 2018,False,False
2018-01-20,20180120,False,2018,Q1,2018 Q1,1,Jan,2018-01,Jan 2018,False,False
2018-01-21,20180121,False,2018,Q1,2018 Q1,1,Jan,2018-01,Jan 2018,False,False
2018-01-22,20180122,False,2018,Q1,2018 Q1,1,Jan,2018-01,Jan 2018,False,False
2018-01-23,20180123,False,2018,Q1,2018 Q1,1,Jan,2018-01,Jan 2018,False,False
2018-01-24,20180124,False,2018,Q1,2018 Q1,1,Jan,2018-01,Jan 2018,False,False
2018-01-25,20180125,False,2018,Q1,2018 Q1,1,Jan,2018-01,Jan 2018,False,False
2018-01-26,20180126,False,2018,Q1,2018 Q1,1,Jan,2018-01,Jan 2018,False,False
2018-01-27,20180127,False,2018,Q1,2018 Q1,1,Jan,2018-01,Jan 2018,False,False
2018-01-28,20180128,False,2018,Q1,2018 Q1,1,Jan,2018-01,Jan 2018,False,False
2018-01-29,20180129,False,2018,Q1,2018 Q1,1,Jan,2018-01,Jan 2018,False,False
2018-01-30,20180130,False,2018,Q1,2018 Q1,1,Jan,2018-01,Jan 2018,False,False
2018-01-31,20180131,False,2018,Q1,2018 Q1,1,Jan,2018-01,Jan 2018,False,False
2018-02-01,20180201,True,2018,Q1,2018 Q1,2,Feb,2018-02,Feb 2018,False,False
2018-02-02,20180202,False,2018,Q1,2018 Q1,2,Feb,2018-02,Feb 2018,False,False
2018-02-03,20180203,False,2018,Q1,2018 Q1,2,Feb,2018-02,Feb 2018,False,False
2018-02-04,20180204,False,2018,Q1,2018 Q1,2,Feb,2018-02,Feb 2018,False,False
2018-02-05,20180205,False,2018,Q1,2018 Q1,2,Feb,2018-02,Feb 2018,False,False
2018-02-06,20180206,False,2018,Q1,2018 Q1,2,Feb,2018-02,Feb 2018,False,False
2018-02-07,20180207,False,2018,Q1,2018 Q1,2,Feb,2018-02,Feb 2018,False,False
2018-02-08,20180208,False,2018,Q1,2018 Q1,2,Feb,2018-02,Feb 2018,False,False
2018-02-09,20180209,False,2018,Q1,2018 Q1,2,Feb,2018-02,Feb 2018,False,False
2018-02-10,20180210,False,2018,Q1,2018 Q1,2,Feb,2018-02,Feb 2018,False,False
2018-02-11,20180211,False,2018,Q1,2018 Q1,2,Feb,2018-02,Feb 2018,False,False
2018-02-12,20180212,False,2018,Q1,2018 Q1,2,Feb,2018-02,Feb 2018,False,False
2018-02-13,20180213,False,2018,Q1,2018 Q1,2,Feb,2018-02,Feb 2018,False,False
2018-02-14,20180214,False,2018,Q1,2018 Q1,2,Feb,2018-02,Feb 2018,False,False
2018-02-15,20180215,False,2018,Q1,2018 Q1,2,Feb,2018-02,Feb 2018,False,False
2018-02-16,20180216,False,2018,Q1,2018 Q1,2,Feb,2018-02,Feb 2018,False,False
2018-02-17,20180217,False,2018,Q1,2018 Q1,2,Feb,2018-02,Feb 2018,False,False
2018-02-18,20180218,False,2018,Q1,2018 Q1,2,Feb,2018-02,Feb 2018,False,False
2018-02-19,20180219,False,2018,Q1,2018 Q1,2,Feb,2018-02,Feb 2018,False,False
2018-02-20,20180220,False,2018,Q1,2018 Q1,2,Feb,2018-02,Feb 2018,False,False
2018-02-21,20180221,False,2018,Q1,2018 Q1,2,Feb,2018-02,Feb 2018,False,False
2018-02-22,20180222,False,2018,Q1,2018 Q1,2,Feb,2018-02,Feb 2018,False,False
2018-02-23,20180223,False,2018,Q1,2018 Q1,2,Feb,2018-02,Feb 2018,False,False
2018-02-24,20180224,False,2018,Q1,2018 Q1,2,Feb,2018-02,Feb 2018,False,False
2018-02-25,20180225,False,2018,Q1,2018 Q1,2,Feb,2018-02,Feb 2018,False,False
2018-02-26,20180226,False,2018,Q1,2018 Q1,2,Feb,2018-02,Feb 2018,False,False
2018-02-27,20180227,False,2018,Q1,2018 Q1,2,Feb,2018-02,Feb 2018,False,False
2018-02-28,20180228,False,2018,Q1,2018 Q1,2,Feb,2018-02,Feb 2018,False,False
2018-03-01,20180301,True,2018,Q1,2018 Q1,3,Mar,2018-03,Mar 2018,False,False
2018-03-02,20180302,False,2018,Q1,2018 Q1,3,Mar,2018-03,Mar 2018,False,False
2018-03-03,20180303,False,2018,Q1,2018 Q1,3,Mar,2018-03,Mar 2018,False,False
2018-03-04,20180304,False,2018,Q1,2018 Q1,3,Mar,2018-03,Mar 2018,False,False
2018-03-05,20180305,False,2018,Q1,2018 Q1,3,Mar,2018-03,Mar 2018,False,False
2018-03-06,20180306,False,2018,Q1,2018 Q1,3,Mar,2018-03,Mar 2018,False,False
2018-03-07,20180307,False,2018,Q1,2018 Q1,3,Mar,2018-03,Mar 2018,False,False
2018-03-08,20180308,False,2018,Q1,2018 Q1,3,Mar,2018-03,Mar 2018,False,False
2018-03-09,20180309,False,2018,Q1,2018 Q1,3,Mar,2018-03,Mar 2018,False,False
2018-03-10,20180310,False,2018,Q1,2018 Q1,3,Mar,2018-03,Mar 2018,False,False
2018-03-11,20180311,False,2018,Q1,2018 Q1,3,Mar,2018-03,Mar 2018,False,False
2018-03-12,20180312,False,2018,Q1,2018 Q1,3,Mar,2018-03,Mar 2018,False,False
2018-03-13,20180313,False,2018,Q1,2018 Q1,3,Mar,2018-03,Mar 2018,False,False
2018-03-14,20180314,False,2018,Q1,2018 Q1,3,Mar,2018-03,Mar 2018,False,False
2018-03-15,20180315,False,2018,Q1,2018 Q1,3,Mar,2018-03,Mar 2018,False,False
2018-03-16,20180316,False,2018,Q1,2018 Q1,3,Mar,2018-03,Mar 2018,False,False
2018-03-17,20180317,False,2018,Q1,2018 Q1,3,Mar,2018-03,Mar 2018,False,False
2018-03-18,20180318,False,2018,Q1,2018 Q1,3,Mar,2018-03,Mar 2018,False,False
2018-03-19,20180319,False,2018,Q1,2018 Q1,3,Mar,2018-03,Mar 2018,False,False
2018-03-20,20180320,False,2018,Q1,2018 Q1,3,Mar,2018-03,Mar 2018,False,False
2018-03-21,20180321,False,2018,Q1,2018 Q1,3,Mar,2018-03,Mar 2018,False,False
2018-03-22,20180322,False,2018,Q1,2018 Q1,3,Mar,2018-03,Mar 2018,False,False
2018-03-23,20180323,False,2018,Q1,2018 Q1,3,Mar,2018-03,Mar 2018,False,False
2018-03-24,20180324,False,2018,Q1,2018 Q1,3,Mar,2018-03,Mar 2018,False,False
2018-03-25,20180325,False,2018,Q1,2018 Q1,3,Mar,2018-03,Mar 2018,False,False
2018-03-26,20180326,False,2018,Q1,2018 Q1,3,Mar,2018-03,Mar 2018,False,False
2018-03-27,20180327,False,2018,Q1,2018 Q1,3,Mar,2018-03,Mar 2018,False,False
2018-03-28,20180328,False,2018,Q1,2018 Q1,3,Mar,2018-03,Mar 2018,False,False
2018-03-29,20180329,False,2018,Q1,2018 Q1,3,Mar,2018-03,Mar 2018,False,False
2018-03-30,20180330,False,2018,Q1,2018 Q1,3,Mar,2018-03,Mar 2018,False,False
2018-03-31,20180331,False,2018,Q1,2018 Q1,3,Mar,2018-03,Mar 2018,False,False
2018-04-01,20180401,True,2018,Q2,2018 Q2,4,Apr,2018-04,Apr 2018,False,False
2018-04-02,20180402,False,2018,Q2,2018 Q2,4,Apr,2018-04,Apr 2018,False,False
2018-04-03,20180403,False,2018,Q2,2018 Q2,4,Apr,2018-04,Apr 2018,False,False
2018-04-04,20180404,False,2018,Q2,2018 Q2,4,Apr,2018-04,Apr 2018,False,False
2018-04-05,20180405,False,2018,Q2,2018 Q2,4,Apr,2018-04,Apr 2018,False,False
2018-04-06,20180406,False,2018,Q2,2018 Q2,4,Apr,2018-04,Apr 2018,False,False
2018-04-07,20180407,False,2018,Q2,2018 Q2,4,Apr,2018-04,Apr 2018,False,False
2018-04-08,20180408,False,2018,Q2,2018 Q2,4,Apr,2018-04,Apr 2018,False,False
2018-04-09,20180409,False,2018,Q2,2018 Q2,4,Apr,2018-04,Apr 2018,False,False
2018-04-10,20180410,False,2018,Q2,2018 Q2,4,Apr,2018-04,Apr 2018,False,False
2018-04-11,20180411,False,2018,Q2,2018 Q2,4,Apr,2018-04,Apr 2018,False,False
2018-04-12,20180412,False,2018,Q2,2018 Q2,4,Apr,2018-04,Apr 2018,False,False
2018-04-13,20180413,False,2018,Q2,2018 Q2,4,Apr,2018-04,Apr 2018,False,False
2018-04-14,20180414,False,2018,Q2,2018 Q2,4,Apr,2018-04,Apr 2018,False,False
2018-04-15,20180415,False,2018,Q2,2018 Q2,4,Apr,2018-04,Apr 2018,False,False
2018-04-16,20180416,False,2018,Q2,2018 Q2,4,Apr,2018-04,Apr 2018,False,False
2018-04-17,20180417,False,2018,Q2,2018 Q2,4,Apr,2018-04,Apr 2018,False,False
2018-04-18,20180418,False,2018,Q2,2018 Q2,4,Apr,2018-04,Apr 2018,False,False
2018-04-19,20180419,False,2018,Q2,2018 Q2,4,Apr,2018-04,Apr 2018,False,False
2018-04-20,20180420,False,2018,Q2,2018 Q2,4,Apr,2018-04,Apr 2018,False,False
2018-04-21,20180421,False,2018,Q2,2018 Q2,4,Apr,2018-04,Apr 2018,False,False
2018-04-22,20180422,False,2018,Q2,2018 Q2,4,Apr,2018-04,Apr 2018,False,False
2018-04-23,20180423,False,2018,Q2,2018 Q2,4,Apr,2018-04,Apr 2018,False,False
2018-04-24,20180424,False,2018,Q2,2018 Q2,4,Apr,2018-04,Apr 2018,False,False
2018-04-25,20180425,False,2018,Q2,2018 Q2,4,Apr,2018-04,Apr 2018,False,False
2018-04-26,20180426,False,2018,Q2,2018 Q2,4,Apr,2018-04,Apr 2018,False,False
2018-04-27,20180427,False,2018,Q2,2018 Q2,4,Apr,2018-04,Apr 2018,False,False
2018-04-28,20180428,False,2018,Q2,2018 Q2,4,Apr,2018-04,Apr 2018,False,False
2018-04-29,20180429,False,2018,Q2,2018 Q2,4,Apr,2018-04,Apr 2018,False,False
2018-04-30,20180430,False,2018,Q2,2018 Q2,4,Apr,2018-04,Apr 2018,False,False
2018-05-01,20180501,True,2018,Q2,2018 Q2,5,May,2018-05,May 2018,False,False
2018-05-02,20180502,False,2018,Q2,2018 Q2,5,May,2018-05,May 2018,False,False
2018-05-03,20180503,False,2018,Q2,2018 Q2,5,May,2018-05,May 2018,False,False
2018-05-04,20180504,False,2018,Q2,2018 Q2,5,May,2018-05,May 2018,False,False
2018-05-05,20180505,False,2018,Q2,2018 Q2,5,May,2018-05,May 2018,False,False
2018-05-06,20180506,False,2018,Q2,2018 Q2,5,May,2018-05,May 2018,False,False
2018-05-07,20180507,False,2018,Q2,2018 Q2,5,May,2018-05,May 2018,False,False
2018-05-08,20180508,False,2018,Q2,2018 Q2,5,May,2018-05,May 2018,False,False
2018-05-09,20180509,False,2018,Q2,2018 Q2,5,May,2018-05,May 2018,False,False
2018-05-10,20180510,False,2018,Q2,2018 Q2,5,May,2018-05,May 2018,False,False
2018-05-11,20180511,False,2018,Q2,2018 Q2,5,May,2018-05,May 2018,False,False
2018-05-12,20180512,False,2018,Q2,2018 Q2,5,May,2018-05,May 2018,False,False
2018-05-13,20180513,False,2018,Q2,2018 Q2,5,May,2018-05,May 2018,False,False
2018-05-14,20180514,False,2018,Q2,2018 Q2,5,May,2018-05,May 2018,False,False
2018-05-15,20180515,False,2018,Q2,2018 Q2,5,May,2018-05,May 2018,False,False
2018-05-16,20180516,False,2018,Q2,2018 Q2,5,May,2018-05,May 2018,False,False
2018-05-17,20180517,False,2018,Q2,2018 Q2,5,May,2018-05,May 2018,False,False
2018-05-18,20180518,False,2018,Q2,2018 Q2,5,May,2018-05,May 2018,False,False
2018-05-19,20180519,False,2018,Q2,2018 Q2,5,May,2018-05,May 2018,False,False
2018-05-20,20180520,False,2018,Q2,2018 Q2,5,May,2018-05,May 2018,False,False
2018-05-21,20180521,False,2018,Q2,2018 Q2,5,May,2018-05,May 2018,False,False
2018-05-22,20180522,False,2018,Q2,2018 Q2,5,May,2018-05,May 2018,False,False
2018-05-23,20180523,False,2018,Q2,2018 Q2,5,May,2018-05,May 2018,False,False
2018-05-24,20180524,False,2018,Q2,2018 Q2,5,May,2018-05,May 2018,False,False
2018-05-25,20180525,False,2018,Q2,2018 Q2,5,May,2018-05,May 2018,False,False
2018-05-26,20180526,False,2018,Q2,2018 Q2,5,May,2018-05,May 2018,False,False
2018-05-27,20180527,False,2018,Q2,2018 Q2,5,May,2018-05,May 2018,False,False
2018-05-28,20180528,False,2018,Q2,2018 Q2,5,May,2018-05,May 2018,False,False
2018-05-29,20180529,False,2018,Q2,2018 Q2,5,May,2018-05,May 2018,False,False
2018-05-30,20180530,False,2018,Q2,2018 Q2,5,May,2018-05,May 2018,False,False
2018-05-31,20180531,False,2018,Q2,2018 Q2,5,May,2018-05,May 2018,False,False
2018-06-01,20180601,True,2018,Q2,2018 Q2,6,Jun,2018-06,Jun 2018,False,False
2018-06-02,20180602,False,2018,Q2,2018 Q2,6,Jun,2018-06,Jun 2018,False,False
2018-06-03,20180603,False,2018,Q2,2018 Q2,6,Jun,2018-06,Jun 2018,False,False
2018-06-04,20180604,False,2018,Q2,2018 Q2,6,Jun,2018-06,Jun 2018,False,False
2018-06-05,20180605,False,2018,Q2,2018 Q2,6,Jun,2018-06,Jun 2018,False,False
2018-06-06,20180606,False,2018,Q2,2018 Q2,6,Jun,2018-06,Jun 2018,False,False
2018-06-07,20180607,False,2018,Q2,2018 Q2,6,Jun,2018-06,Jun 2018,False,False
2018-06-08,20180608,False,2018,Q2,2018 Q2,6,Jun,2018-06,Jun 2018,False,False
2018-06-09,20180609,False,2018,Q2,2018 Q2,6,Jun,2018-06,Jun 2018,False,False
2018-06-10,20180610,False,2018,Q2,2018 Q2,6,Jun,2018-06,Jun 2018,False,False
2018-06-11,20180611,False,2018,Q2,2018 Q2,6,Jun,2018-06,Jun 2018,False,False
2018-06-12,20180612,False,2018,Q2,2018 Q2,6,Jun,2018-06,Jun 2018,False,False
2018-06-13,20180613,False,2018,Q2,2018 Q2,6,Jun,2018-06,Jun 2018,False,False
2018-06-14,20180614,False,2018,Q2,2018 Q2,6,Jun,2018-06,Jun 2018,False,False
2018-06-15,20180615,False,2018,Q2,2018 Q2,6,Jun,2018-06,Jun 2018,False,False
2018-06-16,20180616,False,2018,Q2,2018 Q2,6,Jun,2018-06,Jun 2018,False,False
2018-06-17,20180617,False,2018,Q2,2018 Q2,6,Jun,2018-06,Jun 2018,False,False
2018-06-18,20180618,False,2018,Q2,2018 Q2,6,Jun,2018-06,Jun 2018,False,False
2018-06-19,20180619,False,2018,Q2,2018 Q2,6,Jun,2018-06,Jun 2018,False,False
2018-06-20,20180620,False,2018,Q2,2018 Q2,6,Jun,2018-06,Jun 2018,False,False
2018-06-21,20180621,False,2018,Q2,2018 Q2,6,Jun,2018-06,Jun 2018,False,False
2018-06-22,20180622,False,2018,Q2,2018 Q2,6,Jun,2018-06,Jun 2018,False,False
2018-06-23,20180623,False,2018,Q2,2018 Q2,6,Jun,2018-06,Jun 2018,False,False
2018-06-24,20180624,False,2018,Q2,2018 Q2,6,Jun,2018-06,Jun 2018,False,False
2018-06-25,20180625,False,2018,Q2,2018 Q2,6,Jun,2018-06,Jun 2018,False,False
2018-06-26,20180626,False,2018,Q2,2018 Q2,6,Jun,2018-06,Jun 2018,False,False
2018-06-27,20180627,False,2018,Q2,2018 Q2,6,Jun,2018-06,Jun 2018,False,False
2018-06-28,20180628,False,2018,Q2,2018 Q2,6,Jun,2018-06,Jun 2018,False,False
2018-06-29,20180629,False,2018,Q2,2018 Q2,6,Jun,2018-06,Jun 2018,False,False
2018-06-30,20180630,False,2018,Q2,2018 Q2,6,Jun,2018-06,Jun 2018,False,False
2018-07-01,20180701,True,2018,Q3,2018 Q3,7,Jul,2018-07,Jul 2018,False,False
2018-07-02,20180702,False,2018,Q3,2018 Q3,7,Jul,2018-07,Jul 2018,False,False
2018-07-03,20180703,False,2018,Q3,2018 Q3,7,Jul,2018-07,Jul 2018,False,False
2018-07-04,20180704,False,2018,Q3,2018 Q3,7,Jul,2018-07,Jul 2018,False,False
2018-07-05,20180705,False,2018,Q3,2018 Q3,7,Jul,2018-07,Jul 2018,False,False
2018-07-06,20180706,False,2018,Q3,2018 Q3,7,Jul,2018-07,Jul 2018,False,False
2018-07-07,20180707,False,2018,Q3,2018 Q3,7,Jul,2018-07,Jul 2018,False,False
2018-07-08,20180708,False,2018,Q3,2018 Q3,7,Jul,2018-07,Jul 2018,False,False
2018-07-09,20180709,False,2018,Q3,2018 Q3,7,Jul,2018-07,Jul 2018,False,False
2018-07-10,20180710,False,2018,Q3,2018 Q3,7,Jul,2018-07,Jul 2018,False,False
2018-07-11,20180711,False,2018,Q3,2018 Q3,7,Jul,2018-07,Jul 2018,False,False
2018-07-12,20180712,False,2018,Q3,2018 Q3,7,Jul,2018-07,Jul 2018,False,False
2018-07-13,20180713,False,2018,Q3,2018 Q3,7,Jul,2018-07,Jul 2018,False,False
2018-07-14,20180714,False,2018,Q3,2018 Q3,7,Jul,2018-07,Jul 2018,False,False
2018-07-15,20180715,False,2018,Q3,2018 Q3,7,Jul,2018-07,Jul 2018,False,False
2018-07-16,20180716,False,2018,Q3,2018 Q3,7,Jul,2018-07,Jul 2018,False,False
2018-07-17,20180717,False,2018,Q3,2018 Q3,7,Jul,2018-07,Jul 2018,False,False
2018-07-18,20180718,False,2018,Q3,2018 Q3,7,Jul,2018-07,Jul 2018,False,False
2018-07-19,20180719,False,2018,Q3,2018 Q3,7,Jul,2018-07,Jul 2018,False,False
2018-07-20,20180720,False,2018,Q3,2018 Q3,7,Jul,2018-07,Jul 2018,False,False
2018-07-21,20180721,False,2018,Q3,2018 Q3,7,Jul,2018-07,Jul 2018,False,False
2018-07-22,20180722,False,2018,Q3,2018 Q3,7,Jul,2018-07,Jul 2018,False,False
2018-07-23,20180723,False,2018,Q3,2018 Q3,7,Jul,2018-07,Jul 2018,False,False
2018-07-24,20180724,False,2018,Q3,2018 Q3,7,Jul,2018-07,Jul 2018,False,False
2018-07-25,20180725,False,2018,Q3,2018 Q3,7,Jul,2018-07,Jul 2018,False,False
2018-07-26,20180726,False,2018,Q3,2018 Q3,7,Jul,2018-07,Jul 2018,False,False
2018-07-27,20180727,False,2018,Q3,2018 Q3,7,Jul,2018-07,Jul 2018,False,False
2018-07-28,20180728,False,2018,Q3,2018 Q3,7,Jul,2018-07,Jul 2018,False,False
2018-07-29,20180729,False,2018,Q3,2018 Q3,7,Jul,2018-07,Jul 2018,False,False
2018-07-30,20180730,False,2018,Q3,2018 Q3,7,Jul,2018-07,Jul 2018,False,False
2018-07-31,20180731,False,2018,Q3,2018 Q3,7,Jul,2018-07,Jul 2018,False,False
2018-08-01,20180801,True,2018,Q3,2018 Q3,8,Aug,2018-08,Aug 2018,False,False
2018-08-02,20180802,False,2018,Q3,2018 Q3,8,Aug,2018-08,Aug 2018,False,False
2018-08-03,20180803,False,2018,Q3,2018 Q3,8,Aug,2018-08,Aug 2018,False,False
2018-08-04,20180804,False,2018,Q3,2018 Q3,8,Aug,2018-08,Aug 2018,False,False
2018-08-05,20180805,False,2018,Q3,2018 Q3,8,Aug,2018-08,Aug 2018,False,False
2018-08-06,20180806,False,2018,Q3,2018 Q3,8,Aug,2018-08,Aug 2018,False,False
2018-08-07,20180807,False,2018,Q3,2018 Q3,8,Aug,2018-08,Aug 2018,False,False
2018-08-08,20180808,False,2018,Q3,2018 Q3,8,Aug,2018-08,Aug 2018,False,False
2018-08-09,20180809,False,2018,Q3,2018 Q3,8,Aug,2018-08,Aug 2018,False,False
2018-08-10,20180810,False,2018,Q3,2018 Q3,8,Aug,2018-08,Aug 2018,False,False
2018-08-11,20180811,False,2018,Q3,2018 Q3,8,Aug,2018-08,Aug 2018,False,False
2018-08-12,20180812,False,2018,Q3,2018 Q3,8,Aug,2018-08,Aug 2018,False,False
2018-08-13,20180813,False,2018,Q3,2018 Q3,8,Aug,2018-08,Aug 2018,False,False
2018-08-14,20180814,False,2018,Q3,2018 Q3,8,Aug,2018-08,Aug 2018,False,False
2018-08-15,20180815,False,2018,Q3,2018 Q3,8,Aug,2018-08,Aug 2018,False,False
2018-08-16,20180816,False,2018,Q3,2018 Q3,8,Aug,2018-08,Aug 2018,False,False
2018-08-17,20180817,False,2018,Q3,2018 Q3,8,Aug,2018-08,Aug 2018,False,False
2018-08-18,20180818,False,2018,Q3,2018 Q3,8,Aug,2018-08,Aug 2018,False,False
2018-08-19,20180819,False,2018,Q3,2018 Q3,8,Aug,2018-08,Aug 2018,False,False
2018-08-20,20180820,False,2018,Q3,2018 Q3,8,Aug,2018-08,Aug 2018,False,False
2018-08-21,20180821,False,2018,Q3,2018 Q3,8,Aug,2018-08,Aug 2018,False,False
2018-08-22,20180822,False,2018,Q3,2018 Q3,8,Aug,2018-08,Aug 2018,False,False
2018-08-23,20180823,False,2018,Q3,2018 Q3,8,Aug,2018-08,Aug 2018,False,False
2018-08-24,20180824,False,2018,Q3,2018 Q3,8,Aug,2018-08,Aug 2018,False,False
2018-08-25,20180825,False,2018,Q3,2018 Q3,8,Aug,2018-08,Aug 2018,False,False
2018-08-26,20180826,False,2018,Q3,2018 Q3,8,Aug,2018-08,Aug 2018,False,False
2018-08-27,20180827,False,2018,Q3,2018 Q3,8,Aug,2018-08,Aug 2018,False,False
2018-08-28,20180828,False,2018,Q3,2018 Q3,8,Aug,2018-08,Aug 2018,False,False
2018-08-29,20180829,False,2018,Q3,2018 Q3,8,Aug,2018-08,Aug 2018,False,False
2018-08-30,20180830,False,2018,Q3,2018 Q3,8,Aug,2018-08,Aug 2018,False,False
2018-08-31,20180831,False,2018,Q3,2018 Q3,8,Aug,2018-08,Aug 2018,False,False
2018-09-01,20180901,True,2018,Q3,2018 Q3,9,Sep,2018-09,Sep 2018,False,False
2018-09-02,20180902,False,2018,Q3,2018 Q3,9,Sep,2018-09,Sep 2018,False,False
2018-09-03,20180903,False,2018,Q3,2018 Q3,9,Sep,2018-09,Sep 2018,False,False
2018-09-04,20180904,False,2018,Q3,2018 Q3,9,Sep,2018-09,Sep 2018,False,False
2018-09-05,20180905,False,2018,Q3,2018 Q3,9,Sep,2018-09,Sep 2018,False,False
2018-09-06,20180906,False,2018,Q3,2018 Q3,9,Sep,2018-09,Sep 2018,False,False
2018-09-07,20180907,False,2018,Q3,2018 Q3,9,Sep,2018-09,Sep 2018,False,False
2018-09-08,20180908,False,2018,Q3,2018 Q3,9,Sep,2018-09,Sep 2018,False,False
2018-09-09,20180909,False,2018,Q3,2018 Q3,9,Sep,2018-09,Sep 2018,False,False
2018-09-10,20180910,False,2018,Q3,2018 Q3,9,Sep,2018-09,Sep 2018,False,False
2018-09-11,20180911,False,2018,Q3,2018 Q3,9,Sep,2018-09,Sep 2018,False,False
2018-09-12,20180912,False,2018,Q3,2018 Q3,9,Sep,2018-09,Sep 2018,False,False
2018-09-13,20180913,False,2018,Q3,2018 Q3,9,Sep,2018-09,Sep 2018,False,False
2018-09-14,20180914,False,2018,Q3,2018 Q3,9,Sep,2018-09,Sep 2018,False,False
2018-09-15,20180915,False,2018,Q3,2018 Q3,9,Sep,2018-09,Sep 2018,False,False
2018-09-16,20180916,False,2018,Q3,2018 Q3,9,Sep,2018-09,Sep 2018,False,False
2018-09-17,20180917,False,2018,Q3,2018 Q3,9,Sep,2018-09,Sep 2018,False,False
2018-09-18,20180918,False,2018,Q3,2018 Q3,9,Sep,2018-09,Sep 2018,False,False
2018-09-19,20180919,False,2018,Q3,2018 Q3,9,Sep,2018-09,Sep 2018,False,False
2018-09-20,20180920,False,2018,Q3,2018 Q3,9,Sep,2018-09,Sep 2018,False,False
2018-09-21,20180921,False,2018,Q3,2018 Q3,9,Sep,2018-09,Sep 2018,False,False
2018-09-22,20180922,False,2018,Q3,2018 Q3,9,Sep,2018-09,Sep 2018,False,False
2018-09-23,20180923,False,2018,Q3,2018 Q3,9,Sep,2018-09,Sep 2018,False,False
2018-09-24,20180924,False,2018,Q3,2018 Q3,9,Sep,2018-09,Sep 2018,False,False
2018-09-25,20180925,False,2018,Q3,2018 Q3,9,Sep,2018-09,Sep 2018,False,False
2018-09-26,20180926,False,2018,Q3,2018 Q3,9,Sep,2018-09,Sep 2018,False,False
2018-09-27,20180927,False,2018,Q3,2018 Q3,9,Sep,2018-09,Sep 2018,False,False
2018-09-28,20180928,False,2018,Q3,2018 Q3,9,Sep,2018-09,Sep 2018,False,False
2018-09-29,20180929,False,2018,Q3,2018 Q3,9,Sep,2018-09,Sep 2018,False,False
2018-09-30,20180930,False,2018,Q3,2018 Q3,9,Sep,2018-09,Sep 2018,False,False
2018-10-01,20181001,True,2018,Q4,2018 Q4,10,Oct,2018-10,Oct 2018,False,False
2018-10-02,20181002,False,2018,Q4,2018 Q4,10,Oct,2018-10,Oct 2018,False,False
2018-10-03,20181003,False,2018,Q4,2018 Q4,10,Oct,2018-10,Oct 2018,False,False
2018-10-04,20181004,False,2018,Q4,2018 Q4,10,Oct,2018-10,Oct 2018,False,False
2018-10-05,20181005,False,2018,Q4,2018 Q4,10,Oct,2018-10,Oct 2018,False,False
2018-10-06,20181006,False,2018,Q4,2018 Q4,10,Oct,2018-10,Oct 2018,False,False
2018-10-07,20181007,False,2018,Q4,2018 Q4,10,Oct,2018-10,Oct 2018,False,False
2018-10-08,20181008,False,2018,Q4,2018 Q4,10,Oct,2018-10,Oct 2018,False,False
2018-10-09,20181009,False,2018,Q4,2018 Q4,10,Oct,2018-10,Oct 2018,False,False
2018-10-10,20181010,False,2018,Q4,2018 Q4,10,Oct,2018-10,Oct 2018,False,False
2018-10-11,20181011,False,2018,Q4,2018 Q4,10,Oct,2018-10,Oct 2018,False,False
2018-10-12,20181012,False,2018,Q4,2018 Q4,10,Oct,2018-10,Oct 2018,False,False
2018-10-13,20181013,False,2018,Q4,2018 Q4,10,Oct,2018-10,Oct 2018,False,False
2018-10-14,20181014,False,2018,Q4,2018 Q4,10,Oct,2018-10,Oct 2018,False,False
2018-10-15,20181015,False,2018,Q4,2018 Q4,10,Oct,2018-10,Oct 2018,False,False
2018-10-16,20181016,False,2018,Q4,2018 Q4,10,Oct,2018-10,Oct 2018,False,False
2018-10-17,20181017,False,2018,Q4,2018 Q4,10,Oct,2018-10,Oct 2018,False,False
2018-10-18,20181018,False,2018,Q4,2018 Q4,10,Oct,2018-10,Oct 2018,False,False
2018-10-19,20181019,False,2018,Q4,2018 Q4,10,Oct,2018-10,Oct 2018,False,False
2018-10-20,20181020,False,2018,Q4,2018 Q4,10,Oct,2018-10,Oct 2018,False,False
2018-10-21,20181021,False,2018,Q4,2018 Q4,10,Oct,2018-10,Oct 2018,False,False
2018-10-22,20181022,False,2018,Q4,2018 Q4,10,Oct,2018-10,Oct 2018,False,False
2018-10-23,20181023,False,2018,Q4,2018 Q4,10,Oct,2018-10,Oct 2018,False,False
2018-10-24,20181024,False,2018,Q4,2018 Q4,10,Oct,2018-10,Oct 2018,False,False
2018-10-25,20181025,False,2018,Q4,2018 Q4,10,Oct,2018-10,Oct 2018,False,False
2018-10-26,20181026,False,2018,Q4,2018 Q4,10,Oct,2018-10,Oct 2018,False,False
2018-10-27,20181027,False,2018,Q4,2018 Q4,10,Oct,2018-10,Oct 2018,False,False
2018-10-28,20181028,False,2018,Q4,2018 Q4,10,Oct,2018-10,Oct 2018,False,False
2018-10-29,20181029,False,2018,Q4,2018 Q4,10,Oct,2018-10,Oct 2018,False,False
2018-10-30,20181030,False,2018,Q4,2018 Q4,10,Oct,2018-10,Oct 2018,False,False
2018-10-31,20181031,False,2018,Q4,2018 Q4,10,Oct,2018-10,Oct 2018,False,False
2018-11-01,20181101,True,2018,Q4,2018 Q4,11,Nov,2018-11,Nov 2018,False,False
2018-11-02,20181102,False,2018,Q4,2018 Q4,11,Nov,2018-11,Nov 2018,False,False
2018-11-03,20181103,False,2018,Q4,2018 Q4,11,Nov,2018-11,Nov 2018,False,False
2018-11-04,20181104,False,2018,Q4,2018 Q4,11,Nov,2018-11,Nov 2018,False,False
2018-11-05,20181105,False,2018,Q4,2018 Q4,11,Nov,2018-11,Nov 2018,False,False
2018-11-06,20181106,False,2018,Q4,2018 Q4,11,Nov,2018-11,Nov 2018,False,False
2018-11-07,20181107,False,2018,Q4,2018 Q4,11,Nov,2018-11,Nov 2018,False,False
2018-11-08,20181108,False,2018,Q4,2018 Q4,11,Nov,2018-11,Nov 2018,False,False
2018-11-09,20181109,False,2018,Q4,2018 Q4,11,Nov,2018-11,Nov 2018,False,False
2018-11-10,20181110,False,2018,Q4,2018 Q4,11,Nov,2018-11,Nov 2018,False,False
2018-11-11,20181111,False,2018,Q4,2018 Q4,11,Nov,2018-11,Nov 2018,False,False
2018-11-12,20181112,False,2018,Q4,2018 Q4,11,Nov,2018-11,Nov 2018,False,False
2018-11-13,20181113,False,2018,Q4,2018 Q4,11,Nov,2018-11,Nov 2018,False,False
2018-11-14,20181114,False,2018,Q4,2018 Q4,11,Nov,2018-11,Nov 2018,False,False
2018-11-15,20181115,False,2018,Q4,2018 Q4,11,Nov,2018-11,Nov 2018,False,False
2018-11-16,20181116,False,2018,Q4,2018 Q4,11,Nov,2018-11,Nov 2018,False,False
2018-11-17,20181117,False,2018,Q4,2018 Q4,11,Nov,2018-11,Nov 2018,False,False
2018-11-18,20181118,False,2018,Q4,2018 Q4,11,Nov,2018-11,Nov 2018,False,False
2018-11-19,20181119,False,2018,Q4,2018 Q4,11,Nov,2018-11,Nov 2018,False,False
2018-11-20,20181120,False,2018,Q4,2018 Q4,11,Nov,2018-11,Nov 2018,False,False
2018-11-21,20181121,False,2018,Q4,2018 Q4,11,Nov,2018-11,Nov 2018,False,False
2018-11-22,20181122,False,2018,Q4,2018 Q4,11,Nov,2018-11,Nov 2018,False,False
2018-11-23,20181123,False,2018,Q4,2018 Q4,11,Nov,2018-11,Nov 2018,False,False
2018-11-24,20181124,False,2018,Q4,2018 Q4,11,Nov,2018-11,Nov 2018,False,False
2018-11-25,20181125,False,2018,Q4,2018 Q4,11,Nov,2018-11,Nov 2018,False,False
2018-11-26,20181126,False,2018,Q4,2018 Q4,11,Nov,2018-11,Nov 2018,False,False
2018-11-27,20181127,False,2018,Q4,2018 Q4,11,Nov,2018-11,Nov 2018,False,False
2018-11-28,20181128,False,2018,Q4,2018 Q4,11,Nov,2018-11,Nov 2018,False,False
2018-11-29,20181129,False,2018,Q4,2018 Q4,11,Nov,2018-11,Nov 2018,False,False
2018-11-30,20181130,False,2018,Q4,2018 Q4,11,Nov,2018-11,Nov 2018,False,False
2018-12-01,20181201,True,2018,Q4,2018 Q4,12,Dec,2018-12,Dec 2018,False,False
2018-12-02,20181202,False,2018,Q4,2018 Q4,12,Dec,2018-12,Dec 2018,False,False
2018-12-03,20181203,False,2018,Q4,2018 Q4,12,Dec,2018-12,Dec 2018,False,False
2018-12-04,20181204,False,2018,Q4,2018 Q4,12,Dec,2018-12,Dec 2018,False,False
2018-12-05,20181205,False,2018,Q4,2018 Q4,12,Dec,2018-12,Dec 2018,False,False
2018-12-06,20181206,False,2018,Q4,2018 Q4,12,Dec,2018-12,Dec 2018,False,False
2018-12-07,20181207,False,2018,Q4,2018 Q4,12,Dec,2018-12,Dec 2018,False,False
2018-12-08,20181208,False,2018,Q4,2018 Q4,12,Dec,2018-12,Dec 2018,False,False
2018-12-09,20181209,False,2018,Q4,2018 Q4,12,Dec,2018-12,Dec 2018,False,False
2018-12-10,20181210,False,2018,Q4,2018 Q4,12,Dec,2018-12,Dec 2018,False,False
2018-12-11,20181211,False,2018,Q4,2018 Q4,12,Dec,2018-12,Dec 2018,False,False
2018-12-12,20181212,False,2018,Q4,2018 Q4,12,Dec,2018-12,Dec 2018,False,False
2018-12-13,20181213,False,2018,Q4,2018 Q4,12,Dec,2018-12,Dec 2018,False,False
2018-12-14,20181214,False,2018,Q4,2018 Q4,12,Dec,2018-12,Dec 2018,False,False
2018-12-15,20181215,False,2018,Q4,2018 Q4,12,Dec,2018-12,Dec 2018,False,False
2018-12-16,20181216,False,2018,Q4,2018 Q4,12,Dec,2018-12,Dec 2018,False,False
2018-12-17,20181217,False,2018,Q4,2018 Q4,12,Dec,2018-12,Dec 2018,False,False
2018-12-18,20181218,False,2018,Q4,2018 Q4,12,Dec,2018-12,Dec 2018,False,False
2018-12-19,20181219,False,2018,Q4,2018 Q4,12,Dec,2018-12,Dec 2018,False,False
2018-12-20,20181220,False,2018,Q4,2018 Q4,12,Dec,2018-12,Dec 2018,False,False
2018-12-21,20181221,False,2018,Q4,2018 Q4,12,Dec,2018-12,Dec 2018,False,False
2018-12-22,20181222,False,2018,Q4,2018 Q4,12,Dec,2018-12,Dec 2018,False,False
2018-12-23,20181223,False,2018,Q4,2018 Q4,12,Dec,2018-12,Dec 2018,False,False
2018-12-24,20181224,False,2018,Q4,2018 Q4,12,Dec,2018-12,Dec 2018,False,False
2018-12-25,20181225,False,2018,Q4,2018 Q4,12,Dec,2018-12,Dec 2018,False,False
2018-12-26,20181226,False,2018,Q4,2018 Q4,12,Dec,2018-12,Dec 2018,False,False
2018-12-27,20181227,False,2018,Q4,2018 Q4,12,Dec,2018-12,Dec 2018,False,False
2018-12-28,20181228,False,2018,Q4,2018 Q4,12,Dec,2018-12,Dec 2018,False,False
2018-12-29,20181229,False,2018,Q4,2018 Q4,12,Dec,2018-12,Dec 2018,False,False
2018-12-30,20181230,False,2018,Q4,2018 Q4,12,Dec,2018-12,Dec 2018,False,False
2018-12-31,20181231,False,2018,Q4,2018 Q4,12,Dec,2018-12,Dec 2018,False,False
2019-01-01,20190101,True,2019,Q1,2019 Q1,1,Jan,2019-01,Jan 2019,False,False
2019-01-02,20190102,False,2019,Q1,2019 Q1,1,Jan,2019-01,Jan 2019,False,False
2019-01-03,20190103,False,2019,Q1,2019 Q1,1,Jan,2019-01,Jan 2019,False,False
2019-01-04,20190104,False,2019,Q1,2019 Q1,1,Jan,2019-01,Jan 2019,False,False
2019-01-05,20190105,False,2019,Q1,2019 Q1,1,Jan,2019-01,Jan 2019,False,False
2019-01-06,20190106,False,2019,Q1,2019 Q1,1,Jan,2019-01,Jan 2019,False,False
2019-01-07,20190107,False,2019,Q1,2019 Q1,1,Jan,2019-01,Jan 2019,False,False
2019-01-08,20190108,False,2019,Q1,2019 Q1,1,Jan,2019-01,Jan 2019,False,False
2019-01-09,20190109,False,2019,Q1,2019 Q1,1,Jan,2019-01,Jan 2019,False,False
2019-01-10,20190110,False,2019,Q1,2019 Q1,1,Jan,2019-01,Jan 2019,False,False
2019-01-11,20190111,False,2019,Q1,2019 Q1,1,Jan,2019-01,Jan 2019,False,False
2019-01-12,20190112,False,2019,Q1,2019 Q1,1,Jan,2019-01,Jan 2019,False,False
2019-01-13,20190113,False,2019,Q1,2019 Q1,1,Jan,2019-01,Jan 2019,False,False
2019-01-14,20190114,False,2019,Q1,2019 Q1,1,Jan,2019-01,Jan 2019,False,False
2019-01-15,20190115,False,2019,Q1,2019 Q1,1,Jan,2019-01,Jan 2019,False,False
2019-01-16,20190116,False,2019,Q1,2019 Q1,1,Jan,2019-01,Jan 2019,False,False
2019-01-17,20190117,False,2019,Q1,2019 Q1,1,Jan,2019-01,Jan 2019,False,False
2019-01-18,20190118,False,2019,Q1,2019 Q1,1,Jan,2019-01,Jan 2019,False,False
2019-01-19,20190119,False,2019,Q1,2019 Q1,1,Jan,2019-01,Jan 2019,False,False
2019-01-20,20190120,False,2019,Q1,2019 Q1,1,Jan,2019-01,Jan 2019,False,False
2019-01-21,20190121,False,2019,Q1,2019 Q1,1,Jan,2019-01,Jan 2019,False,False
2019-01-22,20190122,False,2019,Q1,2019 Q1,1,Jan,2019-01,Jan 2019,False,False
2019-01-23,20190123,False,2019,Q1,2019 Q1,1,Jan,2019-01,Jan 2019,False,False
2019-01-24,20190124,False,2019,Q1,2019 Q1,1,Jan,2019-01,Jan 2019,False,False
2019-01-25,20190125,False,2019,Q1,2019 Q1,1,Jan,2019-01,Jan 2019,False,False
2019-01-26,20190126,False,2019,Q1,2019 Q1,1,Jan,2019-01,Jan 2019,False,False
2019-01-27,20190127,False,2019,Q1,2019 Q1,1,Jan,2019-01,Jan 2019,False,False
2019-01-28,20190128,False,2019,Q1,2019 Q1,1,Jan,2019-01,Jan 2019,False,False
2019-01-29,20190129,False,2019,Q1,2019 Q1,1,Jan,2019-01,Jan 2019,False,False
2019-01-30,20190130,False,2019,Q1,2019 Q1,1,Jan,2019-01,Jan 2019,False,False
2019-01-31,20190131,False,2019,Q1,2019 Q1,1,Jan,2019-01,Jan 2019,False,False
2019-02-01,20190201,True,2019,Q1,2019 Q1,2,Feb,2019-02,Feb 2019,False,False
2019-02-02,20190202,False,2019,Q1,2019 Q1,2,Feb,2019-02,Feb 2019,False,False
2019-02-03,20190203,False,2019,Q1,2019 Q1,2,Feb,2019-02,Feb 2019,False,False
2019-02-04,20190204,False,2019,Q1,2019 Q1,2,Feb,2019-02,Feb 2019,False,False
2019-02-05,20190205,False,2019,Q1,2019 Q1,2,Feb,2019-02,Feb 2019,False,False
2019-02-06,20190206,False,2019,Q1,2019 Q1,2,Feb,2019-02,Feb 2019,False,False
2019-02-07,20190207,False,2019,Q1,2019 Q1,2,Feb,2019-02,Feb 2019,False,False
2019-02-08,20190208,False,2019,Q1,2019 Q1,2,Feb,2019-02,Feb 2019,False,False
2019-02-09,20190209,False,2019,Q1,2019 Q1,2,Feb,2019-02,Feb 2019,False,False
2019-02-10,20190210,False,2019,Q1,2019 Q1,2,Feb,2019-02,Feb 2019,False,False
2019-02-11,20190211,False,2019,Q1,2019 Q1,2,Feb,2019-02,Feb 2019,False,False
2019-02-12,20190212,False,2019,Q1,2019 Q1,2,Feb,2019-02,Feb 2019,False,False
2019-02-13,20190213,False,2019,Q1,2019 Q1,2,Feb,2019-02,Feb 2019,False,False
2019-02-14,20190214,False,2019,Q1,2019 Q1,2,Feb,2019-02,Feb 2019,False,False
2019-02-15,20190215,False,2019,Q1,2019 Q1,2,Feb,2019-02,Feb 2019,False,False
2019-02-16,20190216,False,2019,Q1,2019 Q1,2,Feb,2019-02,Feb 2019,False,False
2019-02-17,20190217,False,2019,Q1,2019 Q1,2,Feb,2019-02,Feb 2019,False,False
2019-02-18,20190218,False,2019,Q1,2019 Q1,2,Feb,2019-02,Feb 2019,False,False
2019-02-19,20190219,False,2019,Q1,2019 Q1,2,Feb,2019-02,Feb 2019,False,False
2019-02-20,20190220,False,2019,Q1,2019 Q1,2,Feb,2019-02,Feb 2019,False,False
2019-02-21,20190221,False,2019,Q1,2019 Q1,2,Feb,2019-02,Feb 2019,False,False
2019-02-22,20190222,False,2019,Q1,2019 Q1,2,Feb,2019-02,Feb 2019,False,False
2019-02-23,20190223,False,2019,Q1,2019 Q1,2,Feb,2019-02,Feb 2019,False,False
2019-02-24,20190224,False,2019,Q1,2019 Q1,2,Feb,2019-02,Feb 2019,False,False
2019-02-25,20190225,False,2019,Q1,2019 Q1,2,Feb,2019-02,Feb 2019,False,False
2019-02-26,20190226,False,2019,Q1,2019 Q1,2,Feb,2019-02,Feb 2019,False,False
2019-02-27,20190227,False,2019,Q1,2019 Q1,2,Feb,2019-02,Feb 2019,False,False
2019-02-28,20190228,False,2019,Q1,2019 Q1,2,Feb,2019-02,Feb 2019,False,False
2019-03-01,20190301,True,2019,Q1,2019 Q1,3,Mar,2019-03,Mar 2019,False,False
2019-03-02,20190302,False,2019,Q1,2019 Q1,3,Mar,2019-03,Mar 2019,False,False
2019-03-03,20190303,False,2019,Q1,2019 Q1,3,Mar,2019-03,Mar 2019,False,False
2019-03-04,20190304,False,2019,Q1,2019 Q1,3,Mar,2019-03,Mar 2019,False,False
2019-03-05,20190305,False,2019,Q1,2019 Q1,3,Mar,2019-03,Mar 2019,False,False
2019-03-06,20190306,False,2019,Q1,2019 Q1,3,Mar,2019-03,Mar 2019,False,False
2019-03-07,20190307,False,2019,Q1,2019 Q1,3,Mar,2019-03,Mar 2019,False,False
2019-03-08,20190308,False,2019,Q1,2019 Q1,3,Mar,2019-03,Mar 2019,False,False
2019-03-09,20190309,False,2019,Q1,2019 Q1,3,Mar,2019-03,Mar 2019,False,False
2019-03-10,20190310,False,2019,Q1,2019 Q1,3,Mar,2019-03,Mar 2019,False,False
2019-03-11,20190311,False,2019,Q1,2019 Q1,3,Mar,2019-03,Mar 2019,False,False
2019-03-12,20190312,False,2019,Q1,2019 Q1,3,Mar,2019-03,Mar 2019,False,False
2019-03-13,20190313,False,2019,Q1,2019 Q1,3,Mar,2019-03,Mar 2019,False,False
2019-03-14,20190314,False,2019,Q1,2019 Q1,3,Mar,2019-03,Mar 2019,False,False
2019-03-15,20190315,False,2019,Q1,2019 Q1,3,Mar,2019-03,Mar 2019,False,False
2019-03-16,20190316,False,2019,Q1,2019 Q1,3,Mar,2019-03,Mar 2019,False,False
2019-03-17,20190317,False,2019,Q1,2019 Q1,3,Mar,2019-03,Mar 2019,False,False
2019-03-18,20190318,False,2019,Q1,2019 Q1,3,Mar,2019-03,Mar 2019,False,False
2019-03-19,20190319,False,2019,Q1,2019 Q1,3,Mar,2019-03,Mar 2019,False,False
2019-03-20,20190320,False,2019,Q1,2019 Q1,3,Mar,2019-03,Mar 2019,False,False
2019-03-21,20190321,False,2019,Q1,2019 Q1,3,Mar,2019-03,Mar 2019,False,False
2019-03-22,20190322,False,2019,Q1,2019 Q1,3,Mar,2019-03,Mar 2019,False,False
2019-03-23,20190323,False,2019,Q1,2019 Q1,3,Mar,2019-03,Mar 2019,False,False
2019-03-24,20190324,False,2019,Q1,2019 Q1,3,Mar,2019-03,Mar 2019,False,False
2019-03-25,20190325,False,2019,Q1,2019 Q1,3,Mar,2019-03,Mar 2019,False,False
2019-03-26,20190326,False,2019,Q1,2019 Q1,3,Mar,2019-03,Mar 2019,False,False
2019-03-27,20190327,False,2019,Q1,2019 Q1,3,Mar,2019-03,Mar 2019,False,False
2019-03-28,20190328,False,2019,Q1,2019 Q1,3,Mar,2019-03,Mar 2019,False,False
2019-03-29,20190329,False,2019,Q1,2019 Q1,3,Mar,2019-03,Mar 2019,False,False
2019-03-30,20190330,False,2019,Q1,2019 Q1,3,Mar,2019-03,Mar 2019,False,False
2019-03-31,20190331,False,2019,Q1,2019 Q1,3,Mar,2019-03,Mar 2019,False,False
2019-04-01,20190401,True,2019,Q2,2019 Q2,4,Apr,2019-04,Apr 2019,False,False
2019-04-02,20190402,False,2019,Q2,2019 Q2,4,Apr,2019-04,Apr 2019,False,False
2019-04-03,20190403,False,2019,Q2,2019 Q2,4,Apr,2019-04,Apr 2019,False,False
2019-04-04,20190404,False,2019,Q2,2019 Q2,4,Apr,2019-04,Apr 2019,False,False
2019-04-05,20190405,False,2019,Q2,2019 Q2,4,Apr,2019-04,Apr 2019,False,False
2019-04-06,20190406,False,2019,Q2,2019 Q2,4,Apr,2019-04,Apr 2019,False,False
2019-04-07,20190407,False,2019,Q2,2019 Q2,4,Apr,2019-04,Apr 2019,False,False
2019-04-08,20190408,False,2019,Q2,2019 Q2,4,Apr,2019-04,Apr 2019,False,False
2019-04-09,20190409,False,2019,Q2,2019 Q2,4,Apr,2019-04,Apr 2019,False,False
2019-04-10,20190410,False,2019,Q2,2019 Q2,4,Apr,2019-04,Apr 2019,False,False
2019-04-11,20190411,False,2019,Q2,2019 Q2,4,Apr,2019-04,Apr 2019,False,False
2019-04-12,20190412,False,2019,Q2,2019 Q2,4,Apr,2019-04,Apr 2019,False,False
2019-04-13,20190413,False,2019,Q2,2019 Q2,4,Apr,2019-04,Apr 2019,False,False
2019-04-14,20190414,False,2019,Q2,2019 Q2,4,Apr,2019-04,Apr 2019,False,False
2019-04-15,20190415,False,2019,Q2,2019 Q2,4,Apr,2019-04,Apr 2019,False,False
2019-04-16,20190416,False,2019,Q2,2019 Q2,4,Apr,2019-04,Apr 2019,False,False
2019-04-17,20190417,False,2019,Q2,2019 Q2,4,Apr,2019-04,Apr 2019,False,False
2019-04-18,20190418,False,2019,Q2,2019 Q2,4,Apr,2019-04,Apr 2019,False,False
2019-04-19,20190419,False,2019,Q2,2019 Q2,4,Apr,2019-04,Apr 2019,False,False
2019-04-20,20190420,False,2019,Q2,2019 Q2,4,Apr,2019-04,Apr 2019,False,False
2019-04-21,20190421,False,2019,Q2,2019 Q2,4,Apr,2019-04,Apr 2019,False,False
2019-04-22,20190422,False,2019,Q2,2019 Q2,4,Apr,2019-04,Apr 2019,False,False
2019-04-23,20190423,False,2019,Q2,2019 Q2,4,Apr,2019-04,Apr 2019,False,False
2019-04-24,20190424,False,2019,Q2,2019 Q2,4,Apr,2019-04,Apr 2019,False,False
2019-04-25,20190425,False,2019,Q2,2019 Q2,4,Apr,2019-04,Apr 2019,False,False
2019-04-26,20190426,False,2019,Q2,2019 Q2,4,Apr,2019-04,Apr 2019,False,False
2019-04-27,20190427,False,2019,Q2,2019 Q2,4,Apr,2019-04,Apr 2019,False,False
2019-04-28,20190428,False,2019,Q2,2019 Q2,4,Apr,2019-04,Apr 2019,False,False
2019-04-29,20190429,False,2019,Q2,2019 Q2,4,Apr,2019-04,Apr 2019,False,False
2019-04-30,20190430,False,2019,Q2,2019 Q2,4,Apr,2019-04,Apr 2019,False,False
2019-05-01,20190501,True,2019,Q2,2019 Q2,5,May,2019-05,May 2019,False,False
2019-05-02,20190502,False,2019,Q2,2019 Q2,5,May,2019-05,May 2019,False,False
2019-05-03,20190503,False,2019,Q2,2019 Q2,5,May,2019-05,May 2019,False,False
2019-05-04,20190504,False,2019,Q2,2019 Q2,5,May,2019-05,May 2019,False,False
2019-05-05,20190505,False,2019,Q2,2019 Q2,5,May,2019-05,May 2019,False,False
2019-05-06,20190506,False,2019,Q2,2019 Q2,5,May,2019-05,May 2019,False,False
2019-05-07,20190507,False,2019,Q2,2019 Q2,5,May,2019-05,May 2019,False,False
2019-05-08,20190508,False,2019,Q2,2019 Q2,5,May,2019-05,May 2019,False,False
2019-05-09,20190509,False,2019,Q2,2019 Q2,5,May,2019-05,May 2019,False,False
2019-05-10,20190510,False,2019,Q2,2019 Q2,5,May,2019-05,May 2019,False,False
2019-05-11,20190511,False,2019,Q2,2019 Q2,5,May,2019-05,May 2019,False,False
2019-05-12,20190512,False,2019,Q2,2019 Q2,5,May,2019-05,May 2019,False,False
2019-05-13,20190513,False,2019,Q2,2019 Q2,5,May,2019-05,May 2019,False,False
2019-05-14,20190514,False,2019,Q2,2019 Q2,5,May,2019-05,May 2019,False,False
2019-05-15,20190515,False,2019,Q2,2019 Q2,5,May,2019-05,May 2019,False,False
2019-05-16,20190516,False,2019,Q2,2019 Q2,5,May,2019-05,May 2019,False,False
2019-05-17,20190517,False,2019,Q2,2019 Q2,5,May,2019-05,May 2019,False,False
2019-05-18,20190518,False,2019,Q2,2019 Q2,5,May,2019-05,May 2019,False,False
2019-05-19,20190519,False,2019,Q2,2019 Q2,5,May,2019-05,May 2019,False,False
2019-05-20,20190520,False,2019,Q2,2019 Q2,5,May,2019-05,May 2019,False,False
2019-05-21,20190521,False,2019,Q2,2019 Q2,5,May,2019-05,May 2019,False,False
2019-05-22,20190522,False,2019,Q2,2019 Q2,5,May,2019-05,May 2019,False,False
2019-05-23,20190523,False,2019,Q2,2019 Q2,5,May,2019-05,May 2019,False,False
2019-05-24,20190524,False,2019,Q2,2019 Q2,5,May,2019-05,May 2019,False,False
2019-05-25,20190525,False,2019,Q2,2019 Q2,5,May,2019-05,May 2019,False,False
2019-05-26,20190526,False,2019,Q2,2019 Q2,5,May,2019-05,May 2019,False,False
2019-05-27,20190527,False,2019,Q2,2019 Q2,5,May,2019-05,May 2019,False,False
2019-05-28,20190528,False,2019,Q2,2019 Q2,5,May,2019-05,May 2019,False,False
2019-05-29,20190529,False,2019,Q2,2019 Q2,5,May,2019-05,May 2019,False,False
2019-05-30,20190530,False,2019,Q2,2019 Q2,5,May,2019-05,May 2019,False,False
2019-05-31,20190531,False,2019,Q2,2019 Q2,5,May,2019-05,May 2019,False,False
2019-06-01,20190601,True,2019,Q2,2019 Q2,6,Jun,2019-06,Jun 2019,False,False
2019-06-02,20190602,False,2019,Q2,2019 Q2,6,Jun,2019-06,Jun 2019,False,False
2019-06-03,20190603,False,2019,Q2,2019 Q2,6,Jun,2019-06,Jun 2019,False,False
2019-06-04,20190604,False,2019,Q2,2019 Q2,6,Jun,2019-06,Jun 2019,False,False
2019-06-05,20190605,False,2019,Q2,2019 Q2,6,Jun,2019-06,Jun 2019,False,False
2019-06-06,20190606,False,2019,Q2,2019 Q2,6,Jun,2019-06,Jun 2019,False,False
2019-06-07,20190607,False,2019,Q2,2019 Q2,6,Jun,2019-06,Jun 2019,False,False
2019-06-08,20190608,False,2019,Q2,2019 Q2,6,Jun,2019-06,Jun 2019,False,False
2019-06-09,20190609,False,2019,Q2,2019 Q2,6,Jun,2019-06,Jun 2019,False,False
2019-06-10,20190610,False,2019,Q2,2019 Q2,6,Jun,2019-06,Jun 2019,False,False
2019-06-11,20190611,False,2019,Q2,2019 Q2,6,Jun,2019-06,Jun 2019,False,False
2019-06-12,20190612,False,2019,Q2,2019 Q2,6,Jun,2019-06,Jun 2019,False,False
2019-06-13,20190613,False,2019,Q2,2019 Q2,6,Jun,2019-06,Jun 2019,False,False
2019-06-14,20190614,False,2019,Q2,2019 Q2,6,Jun,2019-06,Jun 2019,False,False
2019-06-15,20190615,False,2019,Q2,2019 Q2,6,Jun,2019-06,Jun 2019,False,False
2019-06-16,20190616,False,2019,Q2,2019 Q2,6,Jun,2019-06,Jun 2019,False,False
2019-06-17,20190617,False,2019,Q2,2019 Q2,6,Jun,2019-06,Jun 2019,False,False
2019-06-18,20190618,False,2019,Q2,2019 Q2,6,Jun,2019-06,Jun 2019,False,False
2019-06-19,20190619,False,2019,Q2,2019 Q2,6,Jun,2019-06,Jun 2019,False,False
2019-06-20,20190620,False,2019,Q2,2019 Q2,6,Jun,2019-06,Jun 2019,False,False
2019-06-21,20190621,False,2019,Q2,2019 Q2,6,Jun,2019-06,Jun 2019,False,False
2019-06-22,20190622,False,2019,Q2,2019 Q2,6,Jun,2019-06,Jun 2019,False,False
2019-06-23,20190623,False,2019,Q2,2019 Q2,6,Jun,2019-06,Jun 2019,False,False
2019-06-24,20190624,False,2019,Q2,2019 Q2,6,Jun,2019-06,Jun 2019,False,False
2019-06-25,20190625,False,2019,Q2,2019 Q2,6,Jun,2019-06,Jun 2019,False,False
2019-06-26,20190626,False,2019,Q2,2019 Q2,6,Jun,2019-06,Jun 2019,False,False
2019-06-27,20190627,False,2019,Q2,2019 Q2,6,Jun,2019-06,Jun 2019,False,False
2019-06-28,20190628,False,2019,Q2,2019 Q2,6,Jun,2019-06,Jun 2019,False,False
2019-06-29,20190629,False,2019,Q2,2019 Q2,6,Jun,2019-06,Jun 2019,False,False
2019-06-30,20190630,False,2019,Q2,2019 Q2,6,Jun,2019-06,Jun 2019,False,False
2019-07-01,20190701,True,2019,Q3,2019 Q3,7,Jul,2019-07,Jul 2019,False,False
2019-07-02,20190702,False,2019,Q3,2019 Q3,7,Jul,2019-07,Jul 2019,False,False
2019-07-03,20190703,False,2019,Q3,2019 Q3,7,Jul,2019-07,Jul 2019,False,False
2019-07-04,20190704,False,2019,Q3,2019 Q3,7,Jul,2019-07,Jul 2019,False,False
2019-07-05,20190705,False,2019,Q3,2019 Q3,7,Jul,2019-07,Jul 2019,False,False
2019-07-06,20190706,False,2019,Q3,2019 Q3,7,Jul,2019-07,Jul 2019,False,False
2019-07-07,20190707,False,2019,Q3,2019 Q3,7,Jul,2019-07,Jul 2019,False,False
2019-07-08,20190708,False,2019,Q3,2019 Q3,7,Jul,2019-07,Jul 2019,False,False
2019-07-09,20190709,False,2019,Q3,2019 Q3,7,Jul,2019-07,Jul 2019,False,False
2019-07-10,20190710,False,2019,Q3,2019 Q3,7,Jul,2019-07,Jul 2019,False,False
2019-07-11,20190711,False,2019,Q3,2019 Q3,7,Jul,2019-07,Jul 2019,False,False
2019-07-12,20190712,False,2019,Q3,2019 Q3,7,Jul,2019-07,Jul 2019,False,False
2019-07-13,20190713,False,2019,Q3,2019 Q3,7,Jul,2019-07,Jul 2019,False,False
2019-07-14,20190714,False,2019,Q3,2019 Q3,7,Jul,2019-07,Jul 2019,False,False
2019-07-15,20190715,False,2019,Q3,2019 Q3,7,Jul,2019-07,Jul 2019,False,False
2019-07-16,20190716,False,2019,Q3,2019 Q3,7,Jul,2019-07,Jul 2019,False,False
2019-07-17,20190717,False,2019,Q3,2019 Q3,7,Jul,2019-07,Jul 2019,False,False
2019-07-18,20190718,False,2019,Q3,2019 Q3,7,Jul,2019-07,Jul 2019,False,False
2019-07-19,20190719,False,2019,Q3,2019 Q3,7,Jul,2019-07,Jul 2019,False,False
2019-07-20,20190720,False,2019,Q3,2019 Q3,7,Jul,2019-07,Jul 2019,False,False
2019-07-21,20190721,False,2019,Q3,2019 Q3,7,Jul,2019-07,Jul 2019,False,False
2019-07-22,20190722,False,2019,Q3,2019 Q3,7,Jul,2019-07,Jul 2019,False,False
2019-07-23,20190723,False,2019,Q3,2019 Q3,7,Jul,2019-07,Jul 2019,False,False
2019-07-24,20190724,False,2019,Q3,2019 Q3,7,Jul,2019-07,Jul 2019,False,False
2019-07-25,20190725,False,2019,Q3,2019 Q3,7,Jul,2019-07,Jul 2019,False,False
2019-07-26,20190726,False,2019,Q3,2019 Q3,7,Jul,2019-07,Jul 2019,False,False
2019-07-27,20190727,False,2019,Q3,2019 Q3,7,Jul,2019-07,Jul 2019,False,False
2019-07-28,20190728,False,2019,Q3,2019 Q3,7,Jul,2019-07,Jul 2019,False,False
2019-07-29,20190729,False,2019,Q3,2019 Q3,7,Jul,2019-07,Jul 2019,False,False
2019-07-30,20190730,False,2019,Q3,2019 Q3,7,Jul,2019-07,Jul 2019,False,False
2019-07-31,20190731,False,2019,Q3,2019 Q3,7,Jul,2019-07,Jul 2019,False,False
2019-08-01,20190801,True,2019,Q3,2019 Q3,8,Aug,2019-08,Aug 2019,False,False
2019-08-02,20190802,False,2019,Q3,2019 Q3,8,Aug,2019-08,Aug 2019,False,False
2019-08-03,20190803,False,2019,Q3,2019 Q3,8,Aug,2019-08,Aug 2019,False,False
2019-08-04,20190804,False,2019,Q3,2019 Q3,8,Aug,2019-08,Aug 2019,False,False
2019-08-05,20190805,False,2019,Q3,2019 Q3,8,Aug,2019-08,Aug 2019,False,False
2019-08-06,20190806,False,2019,Q3,2019 Q3,8,Aug,2019-08,Aug 2019,False,False
2019-08-07,20190807,False,2019,Q3,2019 Q3,8,Aug,2019-08,Aug 2019,False,False
2019-08-08,20190808,False,2019,Q3,2019 Q3,8,Aug,2019-08,Aug 2019,False,False
2019-08-09,20190809,False,2019,Q3,2019 Q3,8,Aug,2019-08,Aug 2019,False,False
2019-08-10,20190810,False,2019,Q3,2019 Q3,8,Aug,2019-08,Aug 2019,False,False
2019-08-11,20190811,False,2019,Q3,2019 Q3,8,Aug,2019-08,Aug 2019,False,False
2019-08-12,20190812,False,2019,Q3,2019 Q3,8,Aug,2019-08,Aug 2019,False,False
2019-08-13,20190813,False,2019,Q3,2019 Q3,8,Aug,2019-08,Aug 2019,False,False
2019-08-14,20190814,False,2019,Q3,2019 Q3,8,Aug,2019-08,Aug 2019,False,False
2019-08-15,20190815,False,2019,Q3,2019 Q3,8,Aug,2019-08,Aug 2019,False,False
2019-08-16,20190816,False,2019,Q3,2019 Q3,8,Aug,2019-08,Aug 2019,False,False
2019-08-17,20190817,False,2019,Q3,2019 Q3,8,Aug,2019-08,Aug 2019,False,False
2019-08-18,20190818,False,2019,Q3,2019 Q3,8,Aug,2019-08,Aug 2019,False,False
2019-08-19,20190819,False,2019,Q3,2019 Q3,8,Aug,2019-08,Aug 2019,False,False
2019-08-20,20190820,False,2019,Q3,2019 Q3,8,Aug,2019-08,Aug 2019,False,False
2019-08-21,20190821,False,2019,Q3,2019 Q3,8,Aug,2019-08,Aug 2019,False,False
2019-08-22,20190822,False,2019,Q3,2019 Q3,8,Aug,2019-08,Aug 2019,False,False
2019-08-23,20190823,False,2019,Q3,2019 Q3,8,Aug,2019-08,Aug 2019,False,False
2019-08-24,20190824,False,2019,Q3,2019 Q3,8,Aug,2019-08,Aug 2019,False,False
2019-08-25,20190825,False,2019,Q3,2019 Q3,8,Aug,2019-08,Aug 2019,False,False
2019-08-26,20190826,False,2019,Q3,2019 Q3,8,Aug,2019-08,Aug 2019,False,False
2019-08-27,20190827,False,2019,Q3,2019 Q3,8,Aug,2019-08,Aug 2019,False,False
2019-08-28,20190828,False,2019,Q3,2019 Q3,8,Aug,2019-08,Aug 2019,False,False
2019-08-29,20190829,False,2019,Q3,2019 Q3,8,Aug,2019-08,Aug 2019,False,False
2019-08-30,20190830,False,2019,Q3,2019 Q3,8,Aug,2019-08,Aug 2019,False,False
2019-08-31,20190831,False,2019,Q3,2019 Q3,8,Aug,2019-08,Aug 2019,False,False
2019-09-01,20190901,True,2019,Q3,2019 Q3,9,Sep,2019-09,Sep 2019,False,False
2019-09-02,20190902,False,2019,Q3,2019 Q3,9,Sep,2019-09,Sep 2019,False,False
2019-09-03,20190903,False,2019,Q3,2019 Q3,9,Sep,2019-09,Sep 2019,False,False
2019-09-04,20190904,False,2019,Q3,2019 Q3,9,Sep,2019-09,Sep 2019,False,False
2019-09-05,20190905,False,2019,Q3,2019 Q3,9,Sep,2019-09,Sep 2019,False,False
2019-09-06,20190906,False,2019,Q3,2019 Q3,9,Sep,2019-09,Sep 2019,False,False
2019-09-07,20190907,False,2019,Q3,2019 Q3,9,Sep,2019-09,Sep 2019,False,False
2019-09-08,20190908,False,2019,Q3,2019 Q3,9,Sep,2019-09,Sep 2019,False,False
2019-09-09,20190909,False,2019,Q3,2019 Q3,9,Sep,2019-09,Sep 2019,False,False
2019-09-10,20190910,False,2019,Q3,2019 Q3,9,Sep,2019-09,Sep 2019,False,False
2019-09-11,20190911,False,2019,Q3,2019 Q3,9,Sep,2019-09,Sep 2019,False,False
2019-09-12,20190912,False,2019,Q3,2019 Q3,9,Sep,2019-09,Sep 2019,False,False
2019-09-13,20190913,False,2019,Q3,2019 Q3,9,Sep,2019-09,Sep 2019,False,False
2019-09-14,20190914,False,2019,Q3,2019 Q3,9,Sep,2019-09,Sep 2019,False,False
2019-09-15,20190915,False,2019,Q3,2019 Q3,9,Sep,2019-09,Sep 2019,False,False
2019-09-16,20190916,False,2019,Q3,2019 Q3,9,Sep,2019-09,Sep 2019,False,False
2019-09-17,20190917,False,2019,Q3,2019 Q3,9,Sep,2019-09,Sep 2019,False,False
2019-09-18,20190918,False,2019,Q3,2019 Q3,9,Sep,2019-09,Sep 2019,False,False
2019-09-19,20190919,False,2019,Q3,2019 Q3,9,Sep,2019-09,Sep 2019,False,False
2019-09-20,20190920,False,2019,Q3,2019 Q3,9,Sep,2019-09,Sep 2019,False,False
2019-09-21,20190921,False,2019,Q3,2019 Q3,9,Sep,2019-09,Sep 2019,False,False
2019-09-22,20190922,False,2019,Q3,2019 Q3,9,Sep,2019-09,Sep 2019,False,False
2019-09-23,20190923,False,2019,Q3,2019 Q3,9,Sep,2019-09,Sep 2019,False,False
2019-09-24,20190924,False,2019,Q3,2019 Q3,9,Sep,2019-09,Sep 2019,False,False
2019-09-25,20190925,False,2019,Q3,2019 Q3,9,Sep,2019-09,Sep 2019,False,False
2019-09-26,20190926,False,2019,Q3,2019 Q3,9,Sep,2019-09,Sep 2019,False,False
2019-09-27,20190927,False,2019,Q3,2019 Q3,9,Sep,2019-09,Sep 2019,False,False
2019-09-28,20190928,False,2019,Q3,2019 Q3,9,Sep,2019-09,Sep 2019,False,False
2019-09-29,20190929,False,2019,Q3,2019 Q3,9,Sep,2019-09,Sep 2019,False,False
2019-09-30,20190930,False,2019,Q3,2019 Q3,9,Sep,2019-09,Sep 2019,False,False
2019-10-01,20191001,True,2019,Q4,2019 Q4,10,Oct,2019-10,Oct 2019,False,False
2019-10-02,20191002,False,2019,Q4,2019 Q4,10,Oct,2019-10,Oct 2019,False,False
2019-10-03,20191003,False,2019,Q4,2019 Q4,10,Oct,2019-10,Oct 2019,False,False
2019-10-04,20191004,False,2019,Q4,2019 Q4,10,Oct,2019-10,Oct 2019,False,False
2019-10-05,20191005,False,2019,Q4,2019 Q4,10,Oct,2019-10,Oct 2019,False,False
2019-10-06,20191006,False,2019,Q4,2019 Q4,10,Oct,2019-10,Oct 2019,False,False
2019-10-07,20191007,False,2019,Q4,2019 Q4,10,Oct,2019-10,Oct 2019,False,False
2019-10-08,20191008,False,2019,Q4,2019 Q4,10,Oct,2019-10,Oct 2019,False,False
2019-10-09,20191009,False,2019,Q4,2019 Q4,10,Oct,2019-10,Oct 2019,False,False
2019-10-10,20191010,False,2019,Q4,2019 Q4,10,Oct,2019-10,Oct 2019,False,False
2019-10-11,20191011,False,2019,Q4,2019 Q4,10,Oct,2019-10,Oct 2019,False,False
2019-10-12,20191012,False,2019,Q4,2019 Q4,10,Oct,2019-10,Oct 2019,False,False
2019-10-13,20191013,False,2019,Q4,2019 Q4,10,Oct,2019-10,Oct 2019,False,False
2019-10-14,20191014,False,2019,Q4,2019 Q4,10,Oct,2019-10,Oct 2019,False,False
2019-10-15,20191015,False,2019,Q4,2019 Q4,10,Oct,2019-10,Oct 2019,False,False
2019-10-16,20191016,False,2019,Q4,2019 Q4,10,Oct,2019-10,Oct 2019,False,False
2019-10-17,20191017,False,2019,Q4,2019 Q4,10,Oct,2019-10,Oct 2019,False,False
2019-10-18,20191018,False,2019,Q4,2019 Q4,10,Oct,2019-10,Oct 2019,False,False
2019-10-19,20191019,False,2019,Q4,2019 Q4,10,Oct,2019-10,Oct 2019,False,False
2019-10-20,20191020,False,2019,Q4,2019 Q4,10,Oct,2019-10,Oct 2019,False,False
2019-10-21,20191021,False,2019,Q4,2019 Q4,10,Oct,2019-10,Oct 2019,False,False
2019-10-22,20191022,False,2019,Q4,2019 Q4,10,Oct,2019-10,Oct 2019,False,False
2019-10-23,20191023,False,2019,Q4,2019 Q4,10,Oct,2019-10,Oct 2019,False,False
2019-10-24,20191024,False,2019,Q4,2019 Q4,10,Oct,2019-10,Oct 2019,False,False
2019-10-25,20191025,False,2019,Q4,2019 Q4,10,Oct,2019-10,Oct 2019,False,False
2019-10-26,20191026,False,2019,Q4,2019 Q4,10,Oct,2019-10,Oct 2019,False,False
2019-10-27,20191027,False,2019,Q4,2019 Q4,10,Oct,2019-10,Oct 2019,False,False
2019-10-28,20191028,False,2019,Q4,2019 Q4,10,Oct,2019-10,Oct 2019,False,False
2019-10-29,20191029,False,2019,Q4,2019 Q4,10,Oct,2019-10,Oct 2019,False,False
2019-10-30,20191030,False,2019,Q4,2019 Q4,10,Oct,2019-10,Oct 2019,False,False
2019-10-31,20191031,False,2019,Q4,2019 Q4,10,Oct,2019-10,Oct 2019,False,False
2019-11-01,20191101,True,2019,Q4,2019 Q4,11,Nov,2019-11,Nov 2019,False,False
2019-11-02,20191102,False,2019,Q4,2019 Q4,11,Nov,2019-11,Nov 2019,False,False
2019-11-03,20191103,False,2019,Q4,2019 Q4,11,Nov,2019-11,Nov 2019,False,False
2019-11-04,20191104,False,2019,Q4,2019 Q4,11,Nov,2019-11,Nov 2019,False,False
2019-11-05,20191105,False,2019,Q4,2019 Q4,11,Nov,2019-11,Nov 2019,False,False
2019-11-06,20191106,False,2019,Q4,2019 Q4,11,Nov,2019-11,Nov 2019,False,False
2019-11-07,20191107,False,2019,Q4,2019 Q4,11,Nov,2019-11,Nov 2019,False,False
2019-11-08,20191108,False,2019,Q4,2019 Q4,11,Nov,2019-11,Nov 2019,False,False
2019-11-09,20191109,False,2019,Q4,2019 Q4,11,Nov,2019-11,Nov 2019,False,False
2019-11-10,20191110,False,2019,Q4,2019 Q4,11,Nov,2019-11,Nov 2019,False,False
2019-11-11,20191111,False,2019,Q4,2019 Q4,11,Nov,2019-11,Nov 2019,False,False
2019-11-12,20191112,False,2019,Q4,2019 Q4,11,Nov,2019-11,Nov 2019,False,False
2019-11-13,20191113,False,2019,Q4,2019 Q4,11,Nov,2019-11,Nov 2019,False,False
2019-11-14,20191114,False,2019,Q4,2019 Q4,11,Nov,2019-11,Nov 2019,False,False
2019-11-15,20191115,False,2019,Q4,2019 Q4,11,Nov,2019-11,Nov 2019,False,False
2019-11-16,20191116,False,2019,Q4,2019 Q4,11,Nov,2019-11,Nov 2019,False,False
2019-11-17,20191117,False,2019,Q4,2019 Q4,11,Nov,2019-11,Nov 2019,False,False
2019-11-18,20191118,False,2019,Q4,2019 Q4,11,Nov,2019-11,Nov 2019,False,False
2019-11-19,20191119,False,2019,Q4,2019 Q4,11,Nov,2019-11,Nov 2019,False,False
2019-11-20,20191120,False,2019,Q4,2019 Q4,11,Nov,2019-11,Nov 2019,False,False
2019-11-21,20191121,False,2019,Q4,2019 Q4,11,Nov,2019-11,Nov 2019,False,False
2019-11-22,20191122,False,2019,Q4,2019 Q4,11,Nov,2019-11,Nov 2019,False,False
2019-11-23,20191123,False,2019,Q4,2019 Q4,11,Nov,2019-11,Nov 2019,False,False
2019-11-24,20191124,False,2019,Q4,2019 Q4,11,Nov,2019-11,Nov 2019,False,False
2019-11-25,20191125,False,2019,Q4,2019 Q4,11,Nov,2019-11,Nov 2019,False,False
2019-11-26,20191126,False,2019,Q4,2019 Q4,11,Nov,2019-11,Nov 2019,False,False
2019-11-27,20191127,False,2019,Q4,2019 Q4,11,Nov,2019-11,Nov 2019,False,False
2019-11-28,20191128,False,2019,Q4,2019 Q4,11,Nov,2019-11,Nov 2019,False,False
2019-11-29,20191129,False,2019,Q4,2019 Q4,11,Nov,2019-11,Nov 2019,False,False
2019-11-30,20191130,False,2019,Q4,2019 Q4,11,Nov,2019-11,Nov 2019,False,False
2019-12-01,20191201,True,2019,Q4,2019 Q4,12,Dec,2019-12,Dec 2019,False,True
2019-12-02,20191202,False,2019,Q4,2019 Q4,12,Dec,2019-12,Dec 2019,False,False
2019-12-03,20191203,False,2019,Q4,2019 Q4,12,Dec,2019-12,Dec 2019,False,False
2019-12-04,20191204,False,2019,Q4,2019 Q4,12,Dec,2019-12,Dec 2019,False,False
2019-12-05,20191205,False,2019,Q4,2019 Q4,12,Dec,2019-12,Dec 2019,False,False
2019-12-06,20191206,False,2019,Q4,2019 Q4,12,Dec,2019-12,Dec 2019,False,False
2019-12-07,20191207,False,2019,Q4,2019 Q4,12,Dec,2019-12,Dec 2019,False,False
2019-12-08,20191208,False,2019,Q4,2019 Q4,12,Dec,2019-12,Dec 2019,False,False
2019-12-09,20191209,False,2019,Q4,2019 Q4,12,Dec,2019-12,Dec 2019,False,False
2019-12-10,20191210,False,2019,Q4,2019 Q4,12,Dec,2019-12,Dec 2019,False,False
2019-12-11,20191211,False,2019,Q4,2019 Q4,12,Dec,2019-12,Dec 2019,False,False
2019-12-12,20191212,False,2019,Q4,2019 Q4,12,Dec,2019-12,Dec 2019,False,False
2019-12-13,20191213,False,2019,Q4,2019 Q4,12,Dec,2019-12,Dec 2019,False,False
2019-12-14,20191214,False,2019,Q4,2019 Q4,12,Dec,2019-12,Dec 2019,False,False
2019-12-15,20191215,False,2019,Q4,2019 Q4,12,Dec,2019-12,Dec 2019,False,False
2019-12-16,20191216,False,2019,Q4,2019 Q4,12,Dec,2019-12,Dec 2019,False,False
2019-12-17,20191217,False,2019,Q4,2019 Q4,12,Dec,2019-12,Dec 2019,False,False
2019-12-18,20191218,False,2019,Q4,2019 Q4,12,Dec,2019-12,Dec 2019,False,False
2019-12-19,20191219,False,2019,Q4,2019 Q4,12,Dec,2019-12,Dec 2019,False,False
2019-12-20,20191220,False,2019,Q4,2019 Q4,12,Dec,2019-12,Dec 2019,False,False
2019-12-21,20191221,False,2019,Q4,2019 Q4,12,Dec,2019-12,Dec 2019,False,False
2019-12-22,20191222,False,2019,Q4,2019 Q4,12,Dec,2019-12,Dec 2019,False,False
2019-12-23,20191223,False,2019,Q4,2019 Q4,12,Dec,2019-12,Dec 2019,False,False
2019-12-24,20191224,False,2019,Q4,2019 Q4,12,Dec,2019-12,Dec 2019,False,False
2019-12-25,20191225,False,2019,Q4,2019 Q4,12,Dec,2019-12,Dec 2019,False,False
2019-12-26,20191226,False,2019,Q4,2019 Q4,12,Dec,2019-12,Dec 2019,False,False
2019-12-27,20191227,False,2019,Q4,2019 Q4,12,Dec,2019-12,Dec 2019,False,False
2019-12-28,20191228,False,2019,Q4,2019 Q4,12,Dec,2019-12,Dec 2019,False,False
2019-12-29,20191229,False,2019,Q4,2019 Q4,12,Dec,2019-12,Dec 2019,False,False
2019-12-30,20191230,False,2019,Q4,2019 Q4,12,Dec,2019-12,Dec 2019,False,False
2019-12-31,20191231,False,2019,Q4,2019 Q4,12,Dec,2019-12,Dec 2019,False,False
2020-01-01,20200101,True,2020,Q1,2020 Q1,1,Jan,2020-01,Jan 2020,False,False
2020-01-02,20200102,False,2020,Q1,2020 Q1,1,Jan,2020-01,Jan 2020,False,False
2020-01-03,20200103,False,2020,Q1,2020 Q1,1,Jan,2020-01,Jan 2020,False,False
2020-01-04,20200104,False,2020,Q1,2020 Q1,1,Jan,2020-01,Jan 2020,False,False
2020-01-05,20200105,False,2020,Q1,2020 Q1,1,Jan,2020-01,Jan 2020,False,False
2020-01-06,20200106,False,2020,Q1,2020 Q1,1,Jan,2020-01,Jan 2020,False,False
2020-01-07,20200107,False,2020,Q1,2020 Q1,1,Jan,2020-01,Jan 2020,False,False
2020-01-08,20200108,False,2020,Q1,2020 Q1,1,Jan,2020-01,Jan 2020,False,False
2020-01-09,20200109,False,2020,Q1,2020 Q1,1,Jan,2020-01,Jan 2020,False,False
2020-01-10,20200110,False,2020,Q1,2020 Q1,1,Jan,2020-01,Jan 2020,False,False
2020-01-11,20200111,False,2020,Q1,2020 Q1,1,Jan,2020-01,Jan 2020,False,False
2020-01-12,20200112,False,2020,Q1,2020 Q1,1,Jan,2020-01,Jan 2020,False,False
2020-01-13,20200113,False,2020,Q1,2020 Q1,1,Jan,2020-01,Jan 2020,False,False
2020-01-14,20200114,False,2020,Q1,2020 Q1,1,Jan,2020-01,Jan 2020,False,False
2020-01-15,20200115,False,2020,Q1,2020 Q1,1,Jan,2020-01,Jan 2020,False,False
2020-01-16,20200116,False,2020,Q1,2020 Q1,1,Jan,2020-01,Jan 2020,False,False
2020-01-17,20200117,False,2020,Q1,2020 Q1,1,Jan,2020-01,Jan 2020,False,False
2020-01-18,20200118,False,2020,Q1,2020 Q1,1,Jan,2020-01,Jan 2020,False,False
2020-01-19,20200119,False,2020,Q1,2020 Q1,1,Jan,2020-01,Jan 2020,False,False
2020-01-20,20200120,False,2020,Q1,2020 Q1,1,Jan,2020-01,Jan 2020,False,False
2020-01-21,20200121,False,2020,Q1,2020 Q1,1,Jan,2020-01,Jan 2020,False,False
2020-01-22,20200122,False,2020,Q1,2020 Q1,1,Jan,2020-01,Jan 2020,False,False
2020-01-23,20200123,False,2020,Q1,2020 Q1,1,Jan,2020-01,Jan 2020,False,False
2020-01-24,20200124,False,2020,Q1,2020 Q1,1,Jan,2020-01,Jan 2020,False,False
2020-01-25,20200125,False,2020,Q1,2020 Q1,1,Jan,2020-01,Jan 2020,False,False
2020-01-26,20200126,False,2020,Q1,2020 Q1,1,Jan,2020-01,Jan 2020,False,False
2020-01-27,20200127,False,2020,Q1,2020 Q1,1,Jan,2020-01,Jan 2020,False,False
2020-01-28,20200128,False,2020,Q1,2020 Q1,1,Jan,2020-01,Jan 2020,False,False
2020-01-29,20200129,False,2020,Q1,2020 Q1,1,Jan,2020-01,Jan 2020,False,False
2020-01-30,20200130,False,2020,Q1,2020 Q1,1,Jan,2020-01,Jan 2020,False,False
2020-01-31,20200131,False,2020,Q1,2020 Q1,1,Jan,2020-01,Jan 2020,False,False
2020-02-01,20200201,True,2020,Q1,2020 Q1,2,Feb,2020-02,Feb 2020,False,False
2020-02-02,20200202,False,2020,Q1,2020 Q1,2,Feb,2020-02,Feb 2020,False,False
2020-02-03,20200203,False,2020,Q1,2020 Q1,2,Feb,2020-02,Feb 2020,False,False
2020-02-04,20200204,False,2020,Q1,2020 Q1,2,Feb,2020-02,Feb 2020,False,False
2020-02-05,20200205,False,2020,Q1,2020 Q1,2,Feb,2020-02,Feb 2020,False,False
2020-02-06,20200206,False,2020,Q1,2020 Q1,2,Feb,2020-02,Feb 2020,False,False
2020-02-07,20200207,False,2020,Q1,2020 Q1,2,Feb,2020-02,Feb 2020,False,False
2020-02-08,20200208,False,2020,Q1,2020 Q1,2,Feb,2020-02,Feb 2020,False,False
2020-02-09,20200209,False,2020,Q1,2020 Q1,2,Feb,2020-02,Feb 2020,False,False
2020-02-10,20200210,False,2020,Q1,2020 Q1,2,Feb,2020-02,Feb 2020,False,False
2020-02-11,20200211,False,2020,Q1,2020 Q1,2,Feb,2020-02,Feb 2020,False,False
2020-02-12,20200212,False,2020,Q1,2020 Q1,2,Feb,2020-02,Feb 2020,False,False
2020-02-13,20200213,False,2020,Q1,2020 Q1,2,Feb,2020-02,Feb 2020,False,False
2020-02-14,20200214,False,2020,Q1,2020 Q1,2,Feb,2020-02,Feb 2020,False,False
2020-02-15,20200215,False,2020,Q1,2020 Q1,2,Feb,2020-02,Feb 2020,False,False
2020-02-16,20200216,False,2020,Q1,2020 Q1,2,Feb,2020-02,Feb 2020,False,False
2020-02-17,20200217,False,2020,Q1,2020 Q1,2,Feb,2020-02,Feb 2020,False,False
2020-02-18,20200218,False,2020,Q1,2020 Q1,2,Feb,2020-02,Feb 2020,False,False
2020-02-19,20200219,False,2020,Q1,2020 Q1,2,Feb,2020-02,Feb 2020,False,False
2020-02-20,20200220,False,2020,Q1,2020 Q1,2,Feb,2020-02,Feb 2020,False,False
2020-02-21,20200221,False,2020,Q1,2020 Q1,2,Feb,2020-02,Feb 2020,False,False
2020-02-22,20200222,False,2020,Q1,2020 Q1,2,Feb,2020-02,Feb 2020,False,False
2020-02-23,20200223,False,2020,Q1,2020 Q1,2,Feb,2020-02,Feb 2020,False,False
2020-02-24,20200224,False,2020,Q1,2020 Q1,2,Feb,2020-02,Feb 2020,False,False
2020-02-25,20200225,False,2020,Q1,2020 Q1,2,Feb,2020-02,Feb 2020,False,False
2020-02-26,20200226,False,2020,Q1,2020 Q1,2,Feb,2020-02,Feb 2020,False,False
2020-02-27,20200227,False,2020,Q1,2020 Q1,2,Feb,2020-02,Feb 2020,False,False
2020-02-28,20200228,False,2020,Q1,2020 Q1,2,Feb,2020-02,Feb 2020,False,False
2020-02-29,20200229,False,2020,Q1,2020 Q1,2,Feb,2020-02,Feb 2020,False,False
2020-03-01,20200301,True,2020,Q1,2020 Q1,3,Mar,2020-03,Mar 2020,False,False
2020-03-02,20200302,False,2020,Q1,2020 Q1,3,Mar,2020-03,Mar 2020,False,False
2020-03-03,20200303,False,2020,Q1,2020 Q1,3,Mar,2020-03,Mar 2020,False,False
2020-03-04,20200304,False,2020,Q1,2020 Q1,3,Mar,2020-03,Mar 2020,False,False
2020-03-05,20200305,False,2020,Q1,2020 Q1,3,Mar,2020-03,Mar 2020,False,False
2020-03-06,20200306,False,2020,Q1,2020 Q1,3,Mar,2020-03,Mar 2020,False,False
2020-03-07,20200307,False,2020,Q1,2020 Q1,3,Mar,2020-03,Mar 2020,False,False
2020-03-08,20200308,False,2020,Q1,2020 Q1,3,Mar,2020-03,Mar 2020,False,False
2020-03-09,20200309,False,2020,Q1,2020 Q1,3,Mar,2020-03,Mar 2020,False,False
2020-03-10,20200310,False,2020,Q1,2020 Q1,3,Mar,2020-03,Mar 2020,False,False
2020-03-11,20200311,False,2020,Q1,2020 Q1,3,Mar,2020-03,Mar 2020,False,False
2020-03-12,20200312,False,2020,Q1,2020 Q1,3,Mar,2020-03,Mar 2020,False,False
2020-03-13,20200313,False,2020,Q1,2020 Q1,3,Mar,2020-03,Mar 2020,False,False
2020-03-14,20200314,False,2020,Q1,2020 Q1,3,Mar,2020-03,Mar 2020,False,False
2020-03-15,20200315,False,2020,Q1,2020 Q1,3,Mar,2020-03,Mar 2020,False,False
2020-03-16,20200316,False,2020,Q1,2020 Q1,3,Mar,2020-03,Mar 2020,False,False
2020-03-17,20200317,False,2020,Q1,2020 Q1,3,Mar,2020-03,Mar 2020,False,False
2020-03-18,20200318,False,2020,Q1,2020 Q1,3,Mar,2020-03,Mar 2020,False,False
2020-03-19,20200319,False,2020,Q1,2020 Q1,3,Mar,2020-03,Mar 2020,False,False
2020-03-20,20200320,False,2020,Q1,2020 Q1,3,Mar,2020-03,Mar 2020,False,False
2020-03-21,20200321,False,2020,Q1,2020 Q1,3,Mar,2020-03,Mar 2020,False,False
2020-03-22,20200322,False,2020,Q1,2020 Q1,3,Mar,2020-03,Mar 2020,False,False
2020-03-23,20200323,False,2020,Q1,2020 Q1,3,Mar,2020-03,Mar 2020,False,False
2020-03-24,20200324,False,2020,Q1,2020 Q1,3,Mar,2020-03,Mar 2020,False,False
2020-03-25,20200325,False,2020,Q1,2020 Q1,3,Mar,2020-03,Mar 2020,False,False
2020-03-26,20200326,False,2020,Q1,2020 Q1,3,Mar,2020-03,Mar 2020,False,False
2020-03-27,20200327,False,2020,Q1,2020 Q1,3,Mar,2020-03,Mar 2020,False,False
2020-03-28,20200328,False,2020,Q1,2020 Q1,3,Mar,2020-03,Mar 2020,False,False
2020-03-29,20200329,False,2020,Q1,2020 Q1,3,Mar,2020-03,Mar 2020,False,False
2020-03-30,20200330,False,2020,Q1,2020 Q1,3,Mar,2020-03,Mar 2020,False,False
2020-03-31,20200331,False,2020,Q1,2020 Q1,3,Mar,2020-03,Mar 2020,False,False
2020-04-01,20200401,True,2020,Q2,2020 Q2,4,Apr,2020-04,Apr 2020,False,False
2020-04-02,20200402,False,2020,Q2,2020 Q2,4,Apr,2020-04,Apr 2020,False,False
2020-04-03,20200403,False,2020,Q2,2020 Q2,4,Apr,2020-04,Apr 2020,False,False
2020-04-04,20200404,False,2020,Q2,2020 Q2,4,Apr,2020-04,Apr 2020,False,False
2020-04-05,20200405,False,2020,Q2,2020 Q2,4,Apr,2020-04,Apr 2020,False,False
2020-04-06,20200406,False,2020,Q2,2020 Q2,4,Apr,2020-04,Apr 2020,False,False
2020-04-07,20200407,False,2020,Q2,2020 Q2,4,Apr,2020-04,Apr 2020,False,False
2020-04-08,20200408,False,2020,Q2,2020 Q2,4,Apr,2020-04,Apr 2020,False,False
2020-04-09,20200409,False,2020,Q2,2020 Q2,4,Apr,2020-04,Apr 2020,False,False
2020-04-10,20200410,False,2020,Q2,2020 Q2,4,Apr,2020-04,Apr 2020,False,False
2020-04-11,20200411,False,2020,Q2,2020 Q2,4,Apr,2020-04,Apr 2020,False,False
2020-04-12,20200412,False,2020,Q2,2020 Q2,4,Apr,2020-04,Apr 2020,False,False
2020-04-13,20200413,False,2020,Q2,2020 Q2,4,Apr,2020-04,Apr 2020,False,False
2020-04-14,20200414,False,2020,Q2,2020 Q2,4,Apr,2020-04,Apr 2020,False,False
2020-04-15,20200415,False,2020,Q2,2020 Q2,4,Apr,2020-04,Apr 2020,False,False
2020-04-16,20200416,False,2020,Q2,2020 Q2,4,Apr,2020-04,Apr 2020,False,False
2020-04-17,20200417,False,2020,Q2,2020 Q2,4,Apr,2020-04,Apr 2020,False,False
2020-04-18,20200418,False,2020,Q2,2020 Q2,4,Apr,2020-04,Apr 2020,False,False
2020-04-19,20200419,False,2020,Q2,2020 Q2,4,Apr,2020-04,Apr 2020,False,False
2020-04-20,20200420,False,2020,Q2,2020 Q2,4,Apr,2020-04,Apr 2020,False,False
2020-04-21,20200421,False,2020,Q2,2020 Q2,4,Apr,2020-04,Apr 2020,False,False
2020-04-22,20200422,False,2020,Q2,2020 Q2,4,Apr,2020-04,Apr 2020,False,False
2020-04-23,20200423,False,2020,Q2,2020 Q2,4,Apr,2020-04,Apr 2020,False,False
2020-04-24,20200424,False,2020,Q2,2020 Q2,4,Apr,2020-04,Apr 2020,False,False
2020-04-25,20200425,False,2020,Q2,2020 Q2,4,Apr,2020-04,Apr 2020,False,False
2020-04-26,20200426,False,2020,Q2,2020 Q2,4,Apr,2020-04,Apr 2020,False,False
2020-04-27,20200427,False,2020,Q2,2020 Q2,4,Apr,2020-04,Apr 2020,False,False
2020-04-28,20200428,False,2020,Q2,2020 Q2,4,Apr,2020-04,Apr 2020,False,False
2020-04-29,20200429,False,2020,Q2,2020 Q2,4,Apr,2020-04,Apr 2020,False,False
2020-04-30,20200430,False,2020,Q2,2020 Q2,4,Apr,2020-04,Apr 2020,False,False
2020-05-01,20200501,True,2020,Q2,2020 Q2,5,May,2020-05,May 2020,False,False
2020-05-02,20200502,False,2020,Q2,2020 Q2,5,May,2020-05,May 2020,False,False
2020-05-03,20200503,False,2020,Q2,2020 Q2,5,May,2020-05,May 2020,False,False
2020-05-04,20200504,False,2020,Q2,2020 Q2,5,May,2020-05,May 2020,False,False
2020-05-05,20200505,False,2020,Q2,2020 Q2,5,May,2020-05,May 2020,False,False
2020-05-06,20200506,False,2020,Q2,2020 Q2,5,May,2020-05,May 2020,False,False
2020-05-07,20200507,False,2020,Q2,2020 Q2,5,May,2020-05,May 2020,False,False
2020-05-08,20200508,False,2020,Q2,2020 Q2,5,May,2020-05,May 2020,False,False
2020-05-09,20200509,False,2020,Q2,2020 Q2,5,May,2020-05,May 2020,False,False
2020-05-10,20200510,False,2020,Q2,2020 Q2,5,May,2020-05,May 2020,False,False
2020-05-11,20200511,False,2020,Q2,2020 Q2,5,May,2020-05,May 2020,False,False
2020-05-12,20200512,False,2020,Q2,2020 Q2,5,May,2020-05,May 2020,False,False
2020-05-13,20200513,False,2020,Q2,2020 Q2,5,May,2020-05,May 2020,False,False
2020-05-14,20200514,False,2020,Q2,2020 Q2,5,May,2020-05,May 2020,False,False
2020-05-15,20200515,False,2020,Q2,2020 Q2,5,May,2020-05,May 2020,False,False
2020-05-16,20200516,False,2020,Q2,2020 Q2,5,May,2020-05,May 2020,False,False
2020-05-17,20200517,False,2020,Q2,2020 Q2,5,May,2020-05,May 2020,False,False
2020-05-18,20200518,False,2020,Q2,2020 Q2,5,May,2020-05,May 2020,False,False
2020-05-19,20200519,False,2020,Q2,2020 Q2,5,May,2020-05,May 2020,False,False
2020-05-20,20200520,False,2020,Q2,2020 Q2,5,May,2020-05,May 2020,False,False
2020-05-21,20200521,False,2020,Q2,2020 Q2,5,May,2020-05,May 2020,False,False
2020-05-22,20200522,False,2020,Q2,2020 Q2,5,May,2020-05,May 2020,False,False
2020-05-23,20200523,False,2020,Q2,2020 Q2,5,May,2020-05,May 2020,False,False
2020-05-24,20200524,False,2020,Q2,2020 Q2,5,May,2020-05,May 2020,False,False
2020-05-25,20200525,False,2020,Q2,2020 Q2,5,May,2020-05,May 2020,False,False
2020-05-26,20200526,False,2020,Q2,2020 Q2,5,May,2020-05,May 2020,False,False
2020-05-27,20200527,False,2020,Q2,2020 Q2,5,May,2020-05,May 2020,False,False
2020-05-28,20200528,False,2020,Q2,2020 Q2,5,May,2020-05,May 2020,False,False
2020-05-29,20200529,False,2020,Q2,2020 Q2,5,May,2020-05,May 2020,False,False
2020-05-30,20200530,False,2020,Q2,2020 Q2,5,May,2020-05,May 2020,False,False
2020-05-31,20200531,False,2020,Q2,2020 Q2,5,May,2020-05,May 2020,False,False
2020-06-01,20200601,True,2020,Q2,2020 Q2,6,Jun,2020-06,Jun 2020,False,False
2020-06-02,20200602,False,2020,Q2,2020 Q2,6,Jun,2020-06,Jun 2020,False,False
2020-06-03,20200603,False,2020,Q2,2020 Q2,6,Jun,2020-06,Jun 2020,False,False
2020-06-04,20200604,False,2020,Q2,2020 Q2,6,Jun,2020-06,Jun 2020,False,False
2020-06-05,20200605,False,2020,Q2,2020 Q2,6,Jun,2020-06,Jun 2020,False,False
2020-06-06,20200606,False,2020,Q2,2020 Q2,6,Jun,2020-06,Jun 2020,False,False
2020-06-07,20200607,False,2020,Q2,2020 Q2,6,Jun,2020-06,Jun 2020,False,False
2020-06-08,20200608,False,2020,Q2,2020 Q2,6,Jun,2020-06,Jun 2020,False,False
2020-06-09,20200609,False,2020,Q2,2020 Q2,6,Jun,2020-06,Jun 2020,False,False
2020-06-10,20200610,False,2020,Q2,2020 Q2,6,Jun,2020-06,Jun 2020,False,False
2020-06-11,20200611,False,2020,Q2,2020 Q2,6,Jun,2020-06,Jun 2020,False,False
2020-06-12,20200612,False,2020,Q2,2020 Q2,6,Jun,2020-06,Jun 2020,False,False
2020-06-13,20200613,False,2020,Q2,2020 Q2,6,Jun,2020-06,Jun 2020,False,False
2020-06-14,20200614,False,2020,Q2,2020 Q2,6,Jun,2020-06,Jun 2020,False,False
2020-06-15,20200615,False,2020,Q2,2020 Q2,6,Jun,2020-06,Jun 2020,False,False
2020-06-16,20200616,False,2020,Q2,2020 Q2,6,Jun,2020-06,Jun 2020,False,False
2020-06-17,20200617,False,2020,Q2,2020 Q2,6,Jun,2020-06,Jun 2020,False,False
2020-06-18,20200618,False,2020,Q2,2020 Q2,6,Jun,2020-06,Jun 2020,False,False
2020-06-19,20200619,False,2020,Q2,2020 Q2,6,Jun,2020-06,Jun 2020,False,False
2020-06-20,20200620,False,2020,Q2,2020 Q2,6,Jun,2020-06,Jun 2020,False,False
2020-06-21,20200621,False,2020,Q2,2020 Q2,6,Jun,2020-06,Jun 2020,False,False
2020-06-22,20200622,False,2020,Q2,2020 Q2,6,Jun,2020-06,Jun 2020,False,False
2020-06-23,20200623,False,2020,Q2,2020 Q2,6,Jun,2020-06,Jun 2020,False,False
2020-06-24,20200624,False,2020,Q2,2020 Q2,6,Jun,2020-06,Jun 2020,False,False
2020-06-25,20200625,False,2020,Q2,2020 Q2,6,Jun,2020-06,Jun 2020,False,False
2020-06-26,20200626,False,2020,Q2,2020 Q2,6,Jun,2020-06,Jun 2020,False,False
2020-06-27,20200627,False,2020,Q2,2020 Q2,6,Jun,2020-06,Jun 2020,False,False
2020-06-28,20200628,False,2020,Q2,2020 Q2,6,Jun,2020-06,Jun 2020,False,False
2020-06-29,20200629,False,2020,Q2,2020 Q2,6,Jun,2020-06,Jun 2020,False,False
2020-06-30,20200630,False,2020,Q2,2020 Q2,6,Jun,2020-06,Jun 2020,False,False
2020-07-01,20200701,True,2020,Q3,2020 Q3,7,Jul,2020-07,Jul 2020,False,False
2020-07-02,20200702,False,2020,Q3,2020 Q3,7,Jul,2020-07,Jul 2020,False,False
2020-07-03,20200703,False,2020,Q3,2020 Q3,7,Jul,2020-07,Jul 2020,False,False
2020-07-04,20200704,False,2020,Q3,2020 Q3,7,Jul,2020-07,Jul 2020,False,False
2020-07-05,20200705,False,2020,Q3,2020 Q3,7,Jul,2020-07,Jul 2020,False,False
2020-07-06,20200706,False,2020,Q3,2020 Q3,7,Jul,2020-07,Jul 2020,False,False
2020-07-07,20200707,False,2020,Q3,2020 Q3,7,Jul,2020-07,Jul 2020,False,False
2020-07-08,20200708,False,2020,Q3,2020 Q3,7,Jul,2020-07,Jul 2020,False,False
2020-07-09,20200709,False,2020,Q3,2020 Q3,7,Jul,2020-07,Jul 2020,False,False
2020-07-10,20200710,False,2020,Q3,2020 Q3,7,Jul,2020-07,Jul 2020,False,False
2020-07-11,20200711,False,2020,Q3,2020 Q3,7,Jul,2020-07,Jul 2020,False,False
2020-07-12,20200712,False,2020,Q3,2020 Q3,7,Jul,2020-07,Jul 2020,False,False
2020-07-13,20200713,False,2020,Q3,2020 Q3,7,Jul,2020-07,Jul 2020,False,False
2020-07-14,20200714,False,2020,Q3,2020 Q3,7,Jul,2020-07,Jul 2020,False,False
2020-07-15,20200715,False,2020,Q3,2020 Q3,7,Jul,2020-07,Jul 2020,False,False
2020-07-16,20200716,False,2020,Q3,2020 Q3,7,Jul,2020-07,Jul 2020,False,False
2020-07-17,20200717,False,2020,Q3,2020 Q3,7,Jul,2020-07,Jul 2020,False,False
2020-07-18,20200718,False,2020,Q3,2020 Q3,7,Jul,2020-07,Jul 2020,False,False
2020-07-19,20200719,False,2020,Q3,2020 Q3,7,Jul,2020-07,Jul 2020,False,False
2020-07-20,20200720,False,2020,Q3,2020 Q3,7,Jul,2020-07,Jul 2020,False,False
2020-07-21,20200721,False,2020,Q3,2020 Q3,7,Jul,2020-07,Jul 2020,False,False
2020-07-22,20200722,False,2020,Q3,2020 Q3,7,Jul,2020-07,Jul 2020,False,False
2020-07-23,20200723,False,2020,Q3,2020 Q3,7,Jul,2020-07,Jul 2020,False,False
2020-07-24,20200724,False,2020,Q3,2020 Q3,7,Jul,2020-07,Jul 2020,False,False
2020-07-25,20200725,False,2020,Q3,2020 Q3,7,Jul,2020-07,Jul 2020,False,False
2020-07-26,20200726,False,2020,Q3,2020 Q3,7,Jul,2020-07,Jul 2020,False,False
2020-07-27,20200727,False,2020,Q3,2020 Q3,7,Jul,2020-07,Jul 2020,False,False
2020-07-28,20200728,False,2020,Q3,2020 Q3,7,Jul,2020-07,Jul 2020,False,False
2020-07-29,20200729,False,2020,Q3,2020 Q3,7,Jul,2020-07,Jul 2020,False,False
2020-07-30,20200730,False,2020,Q3,2020 Q3,7,Jul,2020-07,Jul 2020,False,False
2020-07-31,20200731,False,2020,Q3,2020 Q3,7,Jul,2020-07,Jul 2020,False,False
2020-08-01,20200801,True,2020,Q3,2020 Q3,8,Aug,2020-08,Aug 2020,False,False
2020-08-02,20200802,False,2020,Q3,2020 Q3,8,Aug,2020-08,Aug 2020,False,False
2020-08-03,20200803,False,2020,Q3,2020 Q3,8,Aug,2020-08,Aug 2020,False,False
2020-08-04,20200804,False,2020,Q3,2020 Q3,8,Aug,2020-08,Aug 2020,False,False
2020-08-05,20200805,False,2020,Q3,2020 Q3,8,Aug,2020-08,Aug 2020,False,False
2020-08-06,20200806,False,2020,Q3,2020 Q3,8,Aug,2020-08,Aug 2020,False,False
2020-08-07,20200807,False,2020,Q3,2020 Q3,8,Aug,2020-08,Aug 2020,False,False
2020-08-08,20200808,False,2020,Q3,2020 Q3,8,Aug,2020-08,Aug 2020,False,False
2020-08-09,20200809,False,2020,Q3,2020 Q3,8,Aug,2020-08,Aug 2020,False,False
2020-08-10,20200810,False,2020,Q3,2020 Q3,8,Aug,2020-08,Aug 2020,False,False
2020-08-11,20200811,False,2020,Q3,2020 Q3,8,Aug,2020-08,Aug 2020,False,False
2020-08-12,20200812,False,2020,Q3,2020 Q3,8,Aug,2020-08,Aug 2020,False,False
2020-08-13,20200813,False,2020,Q3,2020 Q3,8,Aug,2020-08,Aug 2020,False,False
2020-08-14,20200814,False,2020,Q3,2020 Q3,8,Aug,2020-08,Aug 2020,False,False
2020-08-15,20200815,False,2020,Q3,2020 Q3,8,Aug,2020-08,Aug 2020,False,False
2020-08-16,20200816,False,2020,Q3,2020 Q3,8,Aug,2020-08,Aug 2020,False,False
2020-08-17,20200817,False,2020,Q3,2020 Q3,8,Aug,2020-08,Aug 2020,False,False
2020-08-18,20200818,False,2020,Q3,2020 Q3,8,Aug,2020-08,Aug 2020,False,False
2020-08-19,20200819,False,2020,Q3,2020 Q3,8,Aug,2020-08,Aug 2020,False,False
2020-08-20,20200820,False,2020,Q3,2020 Q3,8,Aug,2020-08,Aug 2020,False,False
2020-08-21,20200821,False,2020,Q3,2020 Q3,8,Aug,2020-08,Aug 2020,False,False
2020-08-22,20200822,False,2020,Q3,2020 Q3,8,Aug,2020-08,Aug 2020,False,False
2020-08-23,20200823,False,2020,Q3,2020 Q3,8,Aug,2020-08,Aug 2020,False,False
2020-08-24,20200824,False,2020,Q3,2020 Q3,8,Aug,2020-08,Aug 2020,False,False
2020-08-25,20200825,False,2020,Q3,2020 Q3,8,Aug,2020-08,Aug 2020,False,False
2020-08-26,20200826,False,2020,Q3,2020 Q3,8,Aug,2020-08,Aug 2020,False,False
2020-08-27,20200827,False,2020,Q3,2020 Q3,8,Aug,2020-08,Aug 2020,False,False
2020-08-28,20200828,False,2020,Q3,2020 Q3,8,Aug,2020-08,Aug 2020,False,False
2020-08-29,20200829,False,2020,Q3,2020 Q3,8,Aug,2020-08,Aug 2020,False,False
2020-08-30,20200830,False,2020,Q3,2020 Q3,8,Aug,2020-08,Aug 2020,False,False
2020-08-31,20200831,False,2020,Q3,2020 Q3,8,Aug,2020-08,Aug 2020,False,False
2020-09-01,20200901,True,2020,Q3,2020 Q3,9,Sep,2020-09,Sep 2020,False,False
2020-09-02,20200902,False,2020,Q3,2020 Q3,9,Sep,2020-09,Sep 2020,False,False
2020-09-03,20200903,False,2020,Q3,2020 Q3,9,Sep,2020-09,Sep 2020,False,False
2020-09-04,20200904,False,2020,Q3,2020 Q3,9,Sep,2020-09,Sep 2020,False,False
2020-09-05,20200905,False,2020,Q3,2020 Q3,9,Sep,2020-09,Sep 2020,False,False
2020-09-06,20200906,False,2020,Q3,2020 Q3,9,Sep,2020-09,Sep 2020,False,False
2020-09-07,20200907,False,2020,Q3,2020 Q3,9,Sep,2020-09,Sep 2020,False,False
2020-09-08,20200908,False,2020,Q3,2020 Q3,9,Sep,2020-09,Sep 2020,False,False
2020-09-09,20200909,False,2020,Q3,2020 Q3,9,Sep,2020-09,Sep 2020,False,False
2020-09-10,20200910,False,2020,Q3,2020 Q3,9,Sep,2020-09,Sep 2020,False,False
2020-09-11,20200911,False,2020,Q3,2020 Q3,9,Sep,2020-09,Sep 2020,False,False
2020-09-12,20200912,False,2020,Q3,2020 Q3,9,Sep,2020-09,Sep 2020,False,False
2020-09-13,20200913,False,2020,Q3,2020 Q3,9,Sep,2020-09,Sep 2020,False,False
2020-09-14,20200914,False,2020,Q3,2020 Q3,9,Sep,2020-09,Sep 2020,False,False
2020-09-15,20200915,False,2020,Q3,2020 Q3,9,Sep,2020-09,Sep 2020,False,False
2020-09-16,20200916,False,2020,Q3,2020 Q3,9,Sep,2020-09,Sep 2020,False,False
2020-09-17,20200917,False,2020,Q3,2020 Q3,9,Sep,2020-09,Sep 2020,False,False
2020-09-18,20200918,False,2020,Q3,2020 Q3,9,Sep,2020-09,Sep 2020,False,False
2020-09-19,20200919,False,2020,Q3,2020 Q3,9,Sep,2020-09,Sep 2020,False,False
2020-09-20,20200920,False,2020,Q3,2020 Q3,9,Sep,2020-09,Sep 2020,False,False
2020-09-21,20200921,False,2020,Q3,2020 Q3,9,Sep,2020-09,Sep 2020,False,False
2020-09-22,20200922,False,2020,Q3,2020 Q3,9,Sep,2020-09,Sep 2020,False,False
2020-09-23,20200923,False,2020,Q3,2020 Q3,9,Sep,2020-09,Sep 2020,False,False
2020-09-24,20200924,False,2020,Q3,2020 Q3,9,Sep,2020-09,Sep 2020,False,False
2020-09-25,20200925,False,2020,Q3,2020 Q3,9,Sep,2020-09,Sep 2020,False,False
2020-09-26,20200926,False,2020,Q3,2020 Q3,9,Sep,2020-09,Sep 2020,False,False
2020-09-27,20200927,False,2020,Q3,2020 Q3,9,Sep,2020-09,Sep 2020,False,False
2020-09-28,20200928,False,2020,Q3,2020 Q3,9,Sep,2020-09,Sep 2020,False,False
2020-09-29,20200929,False,2020,Q3,2020 Q3,9,Sep,2020-09,Sep 2020,False,False
2020-09-30,20200930,False,2020,Q3,2020 Q3,9,Sep,2020-09,Sep 2020,False,False
2020-10-01,20201001,True,2020,Q4,2020 Q4,10,Oct,2020-10,Oct 2020,False,False
2020-10-02,20201002,False,2020,Q4,2020 Q4,10,Oct,2020-10,Oct 2020,False,False
2020-10-03,20201003,False,2020,Q4,2020 Q4,10,Oct,2020-10,Oct 2020,False,False
2020-10-04,20201004,False,2020,Q4,2020 Q4,10,Oct,2020-10,Oct 2020,False,False
2020-10-05,20201005,False,2020,Q4,2020 Q4,10,Oct,2020-10,Oct 2020,False,False
2020-10-06,20201006,False,2020,Q4,2020 Q4,10,Oct,2020-10,Oct 2020,False,False
2020-10-07,20201007,False,2020,Q4,2020 Q4,10,Oct,2020-10,Oct 2020,False,False
2020-10-08,20201008,False,2020,Q4,2020 Q4,10,Oct,2020-10,Oct 2020,False,False
2020-10-09,20201009,False,2020,Q4,2020 Q4,10,Oct,2020-10,Oct 2020,False,False
2020-10-10,20201010,False,2020,Q4,2020 Q4,10,Oct,2020-10,Oct 2020,False,False
2020-10-11,20201011,False,2020,Q4,2020 Q4,10,Oct,2020-10,Oct 2020,False,False
2020-10-12,20201012,False,2020,Q4,2020 Q4,10,Oct,2020-10,Oct 2020,False,False
2020-10-13,20201013,False,2020,Q4,2020 Q4,10,Oct,2020-10,Oct 2020,False,False
2020-10-14,20201014,False,2020,Q4,2020 Q4,10,Oct,2020-10,Oct 2020,False,False
2020-10-15,20201015,False,2020,Q4,2020 Q4,10,Oct,2020-10,Oct 2020,False,False
2020-10-16,20201016,False,2020,Q4,2020 Q4,10,Oct,2020-10,Oct 2020,False,False
2020-10-17,20201017,False,2020,Q4,2020 Q4,10,Oct,2020-10,Oct 2020,False,False
2020-10-18,20201018,False,2020,Q4,2020 Q4,10,Oct,2020-10,Oct 2020,False,False
2020-10-19,20201019,False,2020,Q4,2020 Q4,10,Oct,2020-10,Oct 2020,False,False
2020-10-20,20201020,False,2020,Q4,2020 Q4,10,Oct,2020-10,Oct 2020,False,False
2020-10-21,20201021,False,2020,Q4,2020 Q4,10,Oct,2020-10,Oct 2020,False,False
2020-10-22,20201022,False,2020,Q4,2020 Q4,10,Oct,2020-10,Oct 2020,False,False
2020-10-23,20201023,False,2020,Q4,2020 Q4,10,Oct,2020-10,Oct 2020,False,False
2020-10-24,20201024,False,2020,Q4,2020 Q4,10,Oct,2020-10,Oct 2020,False,False
2020-10-25,20201025,False,2020,Q4,2020 Q4,10,Oct,2020-10,Oct 2020,False,False
2020-10-26,20201026,False,2020,Q4,2020 Q4,10,Oct,2020-10,Oct 2020,False,False
2020-10-27,20201027,False,2020,Q4,2020 Q4,10,Oct,2020-10,Oct 2020,False,False
2020-10-28,20201028,False,2020,Q4,2020 Q4,10,Oct,2020-10,Oct 2020,False,False
2020-10-29,20201029,False,2020,Q4,2020 Q4,10,Oct,2020-10,Oct 2020,False,False
2020-10-30,20201030,False,2020,Q4,2020 Q4,10,Oct,2020-10,Oct 2020,False,False
2020-10-31,20201031,False,2020,Q4,2020 Q4,10,Oct,2020-10,Oct 2020,False,False
2020-11-01,20201101,True,2020,Q4,2020 Q4,11,Nov,2020-11,Nov 2020,False,False
2020-11-02,20201102,False,2020,Q4,2020 Q4,11,Nov,2020-11,Nov 2020,False,False
2020-11-03,20201103,False,2020,Q4,2020 Q4,11,Nov,2020-11,Nov 2020,False,False
2020-11-04,20201104,False,2020,Q4,2020 Q4,11,Nov,2020-11,Nov 2020,False,False
2020-11-05,20201105,False,2020,Q4,2020 Q4,11,Nov,2020-11,Nov 2020,False,False
2020-11-06,20201106,False,2020,Q4,2020 Q4,11,Nov,2020-11,Nov 2020,False,False
2020-11-07,20201107,False,2020,Q4,2020 Q4,11,Nov,2020-11,Nov 2020,False,False
2020-11-08,20201108,False,2020,Q4,2020 Q4,11,Nov,2020-11,Nov 2020,False,False
2020-11-09,20201109,False,2020,Q4,2020 Q4,11,Nov,2020-11,Nov 2020,False,False
2020-11-10,20201110,False,2020,Q4,2020 Q4,11,Nov,2020-11,Nov 2020,False,False
2020-11-11,20201111,False,2020,Q4,2020 Q4,11,Nov,2020-11,Nov 2020,False,False
2020-11-12,20201112,False,2020,Q4,2020 Q4,11,Nov,2020-11,Nov 2020,False,False
2020-11-13,20201113,False,2020,Q4,2020 Q4,11,Nov,2020-11,Nov 2020,False,False
2020-11-14,20201114,False,2020,Q4,2020 Q4,11,Nov,2020-11,Nov 2020,False,False
2020-11-15,20201115,False,2020,Q4,2020 Q4,11,Nov,2020-11,Nov 2020,False,False
2020-11-16,20201116,False,2020,Q4,2020 Q4,11,Nov,2020-11,Nov 2020,False,False
2020-11-17,20201117,False,2020,Q4,2020 Q4,11,Nov,2020-11,Nov 2020,False,False
2020-11-18,20201118,False,2020,Q4,2020 Q4,11,Nov,2020-11,Nov 2020,False,False
2020-11-19,20201119,False,2020,Q4,2020 Q4,11,Nov,2020-11,Nov 2020,False,False
2020-11-20,20201120,False,2020,Q4,2020 Q4,11,Nov,2020-11,Nov 2020,False,False
2020-11-21,20201121,False,2020,Q4,2020 Q4,11,Nov,2020-11,Nov 2020,False,False
2020-11-22,20201122,False,2020,Q4,2020 Q4,11,Nov,2020-11,Nov 2020,False,False
2020-11-23,20201123,False,2020,Q4,2020 Q4,11,Nov,2020-11,Nov 2020,False,False
2020-11-24,20201124,False,2020,Q4,2020 Q4,11,Nov,2020-11,Nov 2020,False,False
2020-11-25,20201125,False,2020,Q4,2020 Q4,11,Nov,2020-11,Nov 2020,False,False
2020-11-26,20201126,False,2020,Q4,2020 Q4,11,Nov,2020-11,Nov 2020,False,False
2020-11-27,20201127,False,2020,Q4,2020 Q4,11,Nov,2020-11,Nov 2020,False,False
2020-11-28,20201128,False,2020,Q4,2020 Q4,11,Nov,2020-11,Nov 2020,False,False
2020-11-29,20201129,False,2020,Q4,2020 Q4,11,Nov,2020-11,Nov 2020,False,False
2020-11-30,20201130,False,2020,Q4,2020 Q4,11,Nov,2020-11,Nov 2020,False,False
2020-12-01,20201201,True,2020,Q4,2020 Q4,12,Dec,2020-12,Dec 2020,False,False
2020-12-02,20201202,False,2020,Q4,2020 Q4,12,Dec,2020-12,Dec 2020,False,False
2020-12-03,20201203,False,2020,Q4,2020 Q4,12,Dec,2020-12,Dec 2020,False,False
2020-12-04,20201204,False,2020,Q4,2020 Q4,12,Dec,2020-12,Dec 2020,False,False
2020-12-05,20201205,False,2020,Q4,2020 Q4,12,Dec,2020-12,Dec 2020,False,False
2020-12-06,20201206,False,2020,Q4,2020 Q4,12,Dec,2020-12,Dec 2020,False,False
2020-12-07,20201207,False,2020,Q4,2020 Q4,12,Dec,2020-12,Dec 2020,False,False
2020-12-08,20201208,False,2020,Q4,2020 Q4,12,Dec,2020-12,Dec 2020,False,False
2020-12-09,20201209,False,2020,Q4,2020 Q4,12,Dec,2020-12,Dec 2020,False,False
2020-12-10,20201210,False,2020,Q4,2020 Q4,12,Dec,2020-12,Dec 2020,False,False
2020-12-11,20201211,False,2020,Q4,2020 Q4,12,Dec,2020-12,Dec 2020,False,False
2020-12-12,20201212,False,2020,Q4,2020 Q4,12,Dec,2020-12,Dec 2020,False,False
2020-12-13,20201213,False,2020,Q4,2020 Q4,12,Dec,2020-12,Dec 2020,False,False
2020-12-14,20201214,False,2020,Q4,2020 Q4,12,Dec,2020-12,Dec 2020,False,False
2020-12-15,20201215,False,2020,Q4,2020 Q4,12,Dec,2020-12,Dec 2020,False,False
2020-12-16,20201216,False,2020,Q4,2020 Q4,12,Dec,2020-12,Dec 2020,False,False
2020-12-17,20201217,False,2020,Q4,2020 Q4,12,Dec,2020-12,Dec 2020,False,False
2020-12-18,20201218,False,2020,Q4,2020 Q4,12,Dec,2020-12,Dec 2020,False,False
2020-12-19,20201219,False,2020,Q4,2020 Q4,12,Dec,2020-12,Dec 2020,False,False
2020-12-20,20201220,False,2020,Q4,2020 Q4,12,Dec,2020-12,Dec 2020,False,False
2020-12-21,20201221,False,2020,Q4,2020 Q4,12,Dec,2020-12,Dec 2020,False,False
2020-12-22,20201222,False,2020,Q4,2020 Q4,12,Dec,2020-12,Dec 2020,False,False
2020-12-23,20201223,False,2020,Q4,2020 Q4,12,Dec,2020-12,Dec 2020,False,False
2020-12-24,20201224,False,2020,Q4,2020 Q4,12,Dec,2020-12,Dec 2020,False,False
2020-12-25,20201225,False,2020,Q4,2020 Q4,12,Dec,2020-12,Dec 2020,False,False
2020-12-26,20201226,False,2020,Q4,2020 Q4,12,Dec,2020-12,Dec 2020,False,False
2020-12-27,20201227,False,2020,Q4,2020 Q4,12,Dec,2020-12,Dec 2020,False,False
2020-12-28,20201228,False,2020,Q4,2020 Q4,12,Dec,2020-12,Dec 2020,False,False
2020-12-29,20201229,False,2020,Q4,2020 Q4,12,Dec,2020-12,Dec 2020,False,False
2020-12-30,20201230,False,2020,Q4,2020 Q4,12,Dec,2020-12,Dec 2020,False,False
2020-12-31,20201231,False,2020,Q4,2020 Q4,12,Dec,2020-12,Dec 2020,False,False
2021-01-01,20210101,True,2021,Q1,2021 Q1,1,Jan,2021-01,Jan 2021,False,False
2021-01-02,20210102,False,2021,Q1,2021 Q1,1,Jan,2021-01,Jan 2021,False,False
2021-01-03,20210103,False,2021,Q1,2021 Q1,1,Jan,2021-01,Jan 2021,False,False
2021-01-04,20210104,False,2021,Q1,2021 Q1,1,Jan,2021-01,Jan 2021,False,False
2021-01-05,20210105,False,2021,Q1,2021 Q1,1,Jan,2021-01,Jan 2021,False,False
2021-01-06,20210106,False,2021,Q1,2021 Q1,1,Jan,2021-01,Jan 2021,False,False
2021-01-07,20210107,False,2021,Q1,2021 Q1,1,Jan,2021-01,Jan 2021,False,False
2021-01-08,20210108,False,2021,Q1,2021 Q1,1,Jan,2021-01,Jan 2021,False,False
2021-01-09,20210109,False,2021,Q1,2021 Q1,1,Jan,2021-01,Jan 2021,False,False
2021-01-10,20210110,False,2021,Q1,2021 Q1,1,Jan,2021-01,Jan 2021,False,False
2021-01-11,20210111,False,2021,Q1,2021 Q1,1,Jan,2021-01,Jan 2021,False,False
2021-01-12,20210112,False,2021,Q1,2021 Q1,1,Jan,2021-01,Jan 2021,False,False
2021-01-13,20210113,False,2021,Q1,2021 Q1,1,Jan,2021-01,Jan 2021,False,False
2021-01-14,20210114,False,2021,Q1,2021 Q1,1,Jan,2021-01,Jan 2021,False,False
2021-01-15,20210115,False,2021,Q1,2021 Q1,1,Jan,2021-01,Jan 2021,False,False
2021-01-16,20210116,False,2021,Q1,2021 Q1,1,Jan,2021-01,Jan 2021,False,False
2021-01-17,20210117,False,2021,Q1,2021 Q1,1,Jan,2021-01,Jan 2021,False,False
2021-01-18,20210118,False,2021,Q1,2021 Q1,1,Jan,2021-01,Jan 2021,False,False
2021-01-19,20210119,False,2021,Q1,2021 Q1,1,Jan,2021-01,Jan 2021,False,False
2021-01-20,20210120,False,2021,Q1,2021 Q1,1,Jan,2021-01,Jan 2021,False,False
2021-01-21,20210121,False,2021,Q1,2021 Q1,1,Jan,2021-01,Jan 2021,False,False
2021-01-22,20210122,False,2021,Q1,2021 Q1,1,Jan,2021-01,Jan 2021,False,False
2021-01-23,20210123,False,2021,Q1,2021 Q1,1,Jan,2021-01,Jan 2021,False,False
2021-01-24,20210124,False,2021,Q1,2021 Q1,1,Jan,2021-01,Jan 2021,False,False
2021-01-25,20210125,False,2021,Q1,2021 Q1,1,Jan,2021-01,Jan 2021,False,False
2021-01-26,20210126,False,2021,Q1,2021 Q1,1,Jan,2021-01,Jan 2021,False,False
2021-01-27,20210127,False,2021,Q1,2021 Q1,1,Jan,2021-01,Jan 2021,False,False
2021-01-28,20210128,False,2021,Q1,2021 Q1,1,Jan,2021-01,Jan 2021,False,False
2021-01-29,20210129,False,2021,Q1,2021 Q1,1,Jan,2021-01,Jan 2021,False,False
2021-01-30,20210130,False,2021,Q1,2021 Q1,1,Jan,2021-01,Jan 2021,False,False
2021-01-31,20210131,False,2021,Q1,2021 Q1,1,Jan,2021-01,Jan 2021,False,False
2021-02-01,20210201,True,2021,Q1,2021 Q1,2,Feb,2021-02,Feb 2021,False,False
2021-02-02,20210202,False,2021,Q1,2021 Q1,2,Feb,2021-02,Feb 2021,False,False
2021-02-03,20210203,False,2021,Q1,2021 Q1,2,Feb,2021-02,Feb 2021,False,False
2021-02-04,20210204,False,2021,Q1,2021 Q1,2,Feb,2021-02,Feb 2021,False,False
2021-02-05,20210205,False,2021,Q1,2021 Q1,2,Feb,2021-02,Feb 2021,False,False
2021-02-06,20210206,False,2021,Q1,2021 Q1,2,Feb,2021-02,Feb 2021,False,False
2021-02-07,20210207,False,2021,Q1,2021 Q1,2,Feb,2021-02,Feb 2021,False,False
2021-02-08,20210208,False,2021,Q1,2021 Q1,2,Feb,2021-02,Feb 2021,False,False
2021-02-09,20210209,False,2021,Q1,2021 Q1,2,Feb,2021-02,Feb 2021,False,False
2021-02-10,20210210,False,2021,Q1,2021 Q1,2,Feb,2021-02,Feb 2021,False,False
2021-02-11,20210211,False,2021,Q1,2021 Q1,2,Feb,2021-02,Feb 2021,False,False
2021-02-12,20210212,False,2021,Q1,2021 Q1,2,Feb,2021-02,Feb 2021,False,False
2021-02-13,20210213,False,2021,Q1,2021 Q1,2,Feb,2021-02,Feb 2021,False,False
2021-02-14,20210214,False,2021,Q1,2021 Q1,2,Feb,2021-02,Feb 2021,False,False
2021-02-15,20210215,False,2021,Q1,2021 Q1,2,Feb,2021-02,Feb 2021,False,False
2021-02-16,20210216,False,2021,Q1,2021 Q1,2,Feb,2021-02,Feb 2021,False,False
2021-02-17,20210217,False,2021,Q1,2021 Q1,2,Feb,2021-02,Feb 2021,False,False
2021-02-18,20210218,False,2021,Q1,2021 Q1,2,Feb,2021-02,Feb 2021,False,False
2021-02-19,20210219,False,2021,Q1,2021 Q1,2,Feb,2021-02,Feb 2021,False,False
2021-02-20,20210220,False,2021,Q1,2021 Q1,2,Feb,2021-02,Feb 2021,False,False
2021-02-21,20210221,False,2021,Q1,2021 Q1,2,Feb,2021-02,Feb 2021,False,False
2021-02-22,20210222,False,2021,Q1,2021 Q1,2,Feb,2021-02,Feb 2021,False,False
2021-02-23,20210223,False,2021,Q1,2021 Q1,2,Feb,2021-02,Feb 2021,False,False
2021-02-24,20210224,False,2021,Q1,2021 Q1,2,Feb,2021-02,Feb 2021,False,False
2021-02-25,20210225,False,2021,Q1,2021 Q1,2,Feb,2021-02,Feb 2021,False,False
2021-02-26,20210226,False,2021,Q1,2021 Q1,2,Feb,2021-02,Feb 2021,False,False
2021-02-27,20210227,False,2021,Q1,2021 Q1,2,Feb,2021-02,Feb 2021,False,False
2021-02-28,20210228,False,2021,Q1,2021 Q1,2,Feb,2021-02,Feb 2021,False,False
2021-03-01,20210301,True,2021,Q1,2021 Q1,3,Mar,2021-03,Mar 2021,False,False
2021-03-02,20210302,False,2021,Q1,2021 Q1,3,Mar,2021-03,Mar 2021,False,False
2021-03-03,20210303,False,2021,Q1,2021 Q1,3,Mar,2021-03,Mar 2021,False,False
2021-03-04,20210304,False,2021,Q1,2021 Q1,3,Mar,2021-03,Mar 2021,False,False
2021-03-05,20210305,False,2021,Q1,2021 Q1,3,Mar,2021-03,Mar 2021,False,False
2021-03-06,20210306,False,2021,Q1,2021 Q1,3,Mar,2021-03,Mar 2021,False,False
2021-03-07,20210307,False,2021,Q1,2021 Q1,3,Mar,2021-03,Mar 2021,False,False
2021-03-08,20210308,False,2021,Q1,2021 Q1,3,Mar,2021-03,Mar 2021,False,False
2021-03-09,20210309,False,2021,Q1,2021 Q1,3,Mar,2021-03,Mar 2021,False,False
2021-03-10,20210310,False,2021,Q1,2021 Q1,3,Mar,2021-03,Mar 2021,False,False
2021-03-11,20210311,False,2021,Q1,2021 Q1,3,Mar,2021-03,Mar 2021,False,False
2021-03-12,20210312,False,2021,Q1,2021 Q1,3,Mar,2021-03,Mar 2021,False,False
2021-03-13,20210313,False,2021,Q1,2021 Q1,3,Mar,2021-03,Mar 2021,False,False
2021-03-14,20210314,False,2021,Q1,2021 Q1,3,Mar,2021-03,Mar 2021,False,False
2021-03-15,20210315,False,2021,Q1,2021 Q1,3,Mar,2021-03,Mar 2021,False,False
2021-03-16,20210316,False,2021,Q1,2021 Q1,3,Mar,2021-03,Mar 2021,False,False
2021-03-17,20210317,False,2021,Q1,2021 Q1,3,Mar,2021-03,Mar 2021,False,False
2021-03-18,20210318,False,2021,Q1,2021 Q1,3,Mar,2021-03,Mar 2021,False,False
2021-03-19,20210319,False,2021,Q1,2021 Q1,3,Mar,2021-03,Mar 2021,False,False
2021-03-20,20210320,False,2021,Q1,2021 Q1,3,Mar,2021-03,Mar 2021,False,False
2021-03-21,20210321,False,2021,Q1,2021 Q1,3,Mar,2021-03,Mar 2021,False,False
2021-03-22,20210322,False,2021,Q1,2021 Q1,3,Mar,2021-03,Mar 2021,False,False
2021-03-23,20210323,False,2021,Q1,2021 Q1,3,Mar,2021-03,Mar 2021,False,False
2021-03-24,20210324,False,2021,Q1,2021 Q1,3,Mar,2021-03,Mar 2021,False,False
2021-03-25,20210325,False,2021,Q1,2021 Q1,3,Mar,2021-03,Mar 2021,False,False
2021-03-26,20210326,False,2021,Q1,2021 Q1,3,Mar,2021-03,Mar 2021,False,False
2021-03-27,20210327,False,2021,Q1,2021 Q1,3,Mar,2021-03,Mar 2021,False,False
2021-03-28,20210328,False,2021,Q1,2021 Q1,3,Mar,2021-03,Mar 2021,False,False
2021-03-29,20210329,False,2021,Q1,2021 Q1,3,Mar,2021-03,Mar 2021,False,False
2021-03-30,20210330,False,2021,Q1,2021 Q1,3,Mar,2021-03,Mar 2021,False,False
2021-03-31,20210331,False,2021,Q1,2021 Q1,3,Mar,2021-03,Mar 2021,False,False
2021-04-01,20210401,True,2021,Q2,2021 Q2,4,Apr,2021-04,Apr 2021,False,False
2021-04-02,20210402,False,2021,Q2,2021 Q2,4,Apr,2021-04,Apr 2021,False,False
2021-04-03,20210403,False,2021,Q2,2021 Q2,4,Apr,2021-04,Apr 2021,False,False
2021-04-04,20210404,False,2021,Q2,2021 Q2,4,Apr,2021-04,Apr 2021,False,False
2021-04-05,20210405,False,2021,Q2,2021 Q2,4,Apr,2021-04,Apr 2021,False,False
2021-04-06,20210406,False,2021,Q2,2021 Q2,4,Apr,2021-04,Apr 2021,False,False
2021-04-07,20210407,False,2021,Q2,2021 Q2,4,Apr,2021-04,Apr 2021,False,False
2021-04-08,20210408,False,2021,Q2,2021 Q2,4,Apr,2021-04,Apr 2021,False,False
2021-04-09,20210409,False,2021,Q2,2021 Q2,4,Apr,2021-04,Apr 2021,False,False
2021-04-10,20210410,False,2021,Q2,2021 Q2,4,Apr,2021-04,Apr 2021,False,False
2021-04-11,20210411,False,2021,Q2,2021 Q2,4,Apr,2021-04,Apr 2021,False,False
2021-04-12,20210412,False,2021,Q2,2021 Q2,4,Apr,2021-04,Apr 2021,False,False
2021-04-13,20210413,False,2021,Q2,2021 Q2,4,Apr,2021-04,Apr 2021,False,False
2021-04-14,20210414,False,2021,Q2,2021 Q2,4,Apr,2021-04,Apr 2021,False,False
2021-04-15,20210415,False,2021,Q2,2021 Q2,4,Apr,2021-04,Apr 2021,False,False
2021-04-16,20210416,False,2021,Q2,2021 Q2,4,Apr,2021-04,Apr 2021,False,False
2021-04-17,20210417,False,2021,Q2,2021 Q2,4,Apr,2021-04,Apr 2021,False,False
2021-04-18,20210418,False,2021,Q2,2021 Q2,4,Apr,2021-04,Apr 2021,False,False
2021-04-19,20210419,False,2021,Q2,2021 Q2,4,Apr,2021-04,Apr 2021,False,False
2021-04-20,20210420,False,2021,Q2,2021 Q2,4,Apr,2021-04,Apr 2021,False,False
2021-04-21,20210421,False,2021,Q2,2021 Q2,4,Apr,2021-04,Apr 2021,False,False
2021-04-22,20210422,False,2021,Q2,2021 Q2,4,Apr,2021-04,Apr 2021,False,False
2021-04-23,20210423,False,2021,Q2,2021 Q2,4,Apr,2021-04,Apr 2021,False,False
2021-04-24,20210424,False,2021,Q2,2021 Q2,4,Apr,2021-04,Apr 2021,False,False
2021-04-25,20210425,False,2021,Q2,2021 Q2,4,Apr,2021-04,Apr 2021,False,False
2021-04-26,20210426,False,2021,Q2,2021 Q2,4,Apr,2021-04,Apr 2021,False,False
2021-04-27,20210427,False,2021,Q2,2021 Q2,4,Apr,2021-04,Apr 2021,False,False
2021-04-28,20210428,False,2021,Q2,2021 Q2,4,Apr,2021-04,Apr 2021,False,False
2021-04-29,20210429,False,2021,Q2,2021 Q2,4,Apr,2021-04,Apr 2021,False,False
2021-04-30,20210430,False,2021,Q2,2021 Q2,4,Apr,2021-04,Apr 2021,False,False
2021-05-01,20210501,True,2021,Q2,2021 Q2,5,May,2021-05,May 2021,False,False
2021-05-02,20210502,False,2021,Q2,2021 Q2,5,May,2021-05,May 2021,False,False
2021-05-03,20210503,False,2021,Q2,2021 Q2,5,May,2021-05,May 2021,False,False
2021-05-04,20210504,False,2021,Q2,2021 Q2,5,May,2021-05,May 2021,False,False
2021-05-05,20210505,False,2021,Q2,2021 Q2,5,May,2021-05,May 2021,False,False
2021-05-06,20210506,False,2021,Q2,2021 Q2,5,May,2021-05,May 2021,False,False
2021-05-07,20210507,False,2021,Q2,2021 Q2,5,May,2021-05,May 2021,False,False
2021-05-08,20210508,False,2021,Q2,2021 Q2,5,May,2021-05,May 2021,False,False
2021-05-09,20210509,False,2021,Q2,2021 Q2,5,May,2021-05,May 2021,False,False
2021-05-10,20210510,False,2021,Q2,2021 Q2,5,May,2021-05,May 2021,False,False
2021-05-11,20210511,False,2021,Q2,2021 Q2,5,May,2021-05,May 2021,False,False
2021-05-12,20210512,False,2021,Q2,2021 Q2,5,May,2021-05,May 2021,False,False
2021-05-13,20210513,False,2021,Q2,2021 Q2,5,May,2021-05,May 2021,False,False
2021-05-14,20210514,False,2021,Q2,2021 Q2,5,May,2021-05,May 2021,False,False
2021-05-15,20210515,False,2021,Q2,2021 Q2,5,May,2021-05,May 2021,False,False
2021-05-16,20210516,False,2021,Q2,2021 Q2,5,May,2021-05,May 2021,False,False
2021-05-17,20210517,False,2021,Q2,2021 Q2,5,May,2021-05,May 2021,False,False
2021-05-18,20210518,False,2021,Q2,2021 Q2,5,May,2021-05,May 2021,False,False
2021-05-19,20210519,False,2021,Q2,2021 Q2,5,May,2021-05,May 2021,False,False
2021-05-20,20210520,False,2021,Q2,2021 Q2,5,May,2021-05,May 2021,False,False
2021-05-21,20210521,False,2021,Q2,2021 Q2,5,May,2021-05,May 2021,False,False
2021-05-22,20210522,False,2021,Q2,2021 Q2,5,May,2021-05,May 2021,False,False
2021-05-23,20210523,False,2021,Q2,2021 Q2,5,May,2021-05,May 2021,False,False
2021-05-24,20210524,False,2021,Q2,2021 Q2,5,May,2021-05,May 2021,False,False
2021-05-25,20210525,False,2021,Q2,2021 Q2,5,May,2021-05,May 2021,False,False
2021-05-26,20210526,False,2021,Q2,2021 Q2,5,May,2021-05,May 2021,False,False
2021-05-27,20210527,False,2021,Q2,2021 Q2,5,May,2021-05,May 2021,False,False
2021-05-28,20210528,False,2021,Q2,2021 Q2,5,May,2021-05,May 2021,False,False
2021-05-29,20210529,False,2021,Q2,2021 Q2,5,May,2021-05,May 2021,False,False
2021-05-30,20210530,False,2021,Q2,2021 Q2,5,May,2021-05,May 2021,False,False
2021-05-31,20210531,False,2021,Q2,2021 Q2,5,May,2021-05,May 2021,False,False
2021-06-01,20210601,True,2021,Q2,2021 Q2,6,Jun,2021-06,Jun 2021,False,False
2021-06-02,20210602,False,2021,Q2,2021 Q2,6,Jun,2021-06,Jun 2021,False,False
2021-06-03,20210603,False,2021,Q2,2021 Q2,6,Jun,2021-06,Jun 2021,False,False
2021-06-04,20210604,False,2021,Q2,2021 Q2,6,Jun,2021-06,Jun 2021,False,False
2021-06-05,20210605,False,2021,Q2,2021 Q2,6,Jun,2021-06,Jun 2021,False,False
2021-06-06,20210606,False,2021,Q2,2021 Q2,6,Jun,2021-06,Jun 2021,False,False
2021-06-07,20210607,False,2021,Q2,2021 Q2,6,Jun,2021-06,Jun 2021,False,False
2021-06-08,20210608,False,2021,Q2,2021 Q2,6,Jun,2021-06,Jun 2021,False,False
2021-06-09,20210609,False,2021,Q2,2021 Q2,6,Jun,2021-06,Jun 2021,False,False
2021-06-10,20210610,False,2021,Q2,2021 Q2,6,Jun,2021-06,Jun 2021,False,False
2021-06-11,20210611,False,2021,Q2,2021 Q2,6,Jun,2021-06,Jun 2021,False,False
2021-06-12,20210612,False,2021,Q2,2021 Q2,6,Jun,2021-06,Jun 2021,False,False
2021-06-13,20210613,False,2021,Q2,2021 Q2,6,Jun,2021-06,Jun 2021,False,False
2021-06-14,20210614,False,2021,Q2,2021 Q2,6,Jun,2021-06,Jun 2021,False,False
2021-06-15,20210615,False,2021,Q2,2021 Q2,6,Jun,2021-06,Jun 2021,False,False
2021-06-16,20210616,False,2021,Q2,2021 Q2,6,Jun,2021-06,Jun 2021,False,False
2021-06-17,20210617,False,2021,Q2,2021 Q2,6,Jun,2021-06,Jun 2021,False,False
2021-06-18,20210618,False,2021,Q2,2021 Q2,6,Jun,2021-06,Jun 2021,False,False
2021-06-19,20210619,False,2021,Q2,2021 Q2,6,Jun,2021-06,Jun 2021,False,False
2021-06-20,20210620,False,2021,Q2,2021 Q2,6,Jun,2021-06,Jun 2021,False,False
2021-06-21,20210621,False,2021,Q2,2021 Q2,6,Jun,2021-06,Jun 2021,False,False
2021-06-22,20210622,False,2021,Q2,2021 Q2,6,Jun,2021-06,Jun 2021,False,False
2021-06-23,20210623,False,2021,Q2,2021 Q2,6,Jun,2021-06,Jun 2021,False,False
2021-06-24,20210624,False,2021,Q2,2021 Q2,6,Jun,2021-06,Jun 2021,False,False
2021-06-25,20210625,False,2021,Q2,2021 Q2,6,Jun,2021-06,Jun 2021,False,False
2021-06-26,20210626,False,2021,Q2,2021 Q2,6,Jun,2021-06,Jun 2021,False,False
2021-06-27,20210627,False,2021,Q2,2021 Q2,6,Jun,2021-06,Jun 2021,False,False
2021-06-28,20210628,False,2021,Q2,2021 Q2,6,Jun,2021-06,Jun 2021,False,False
2021-06-29,20210629,False,2021,Q2,2021 Q2,6,Jun,2021-06,Jun 2021,False,False
2021-06-30,20210630,False,2021,Q2,2021 Q2,6,Jun,2021-06,Jun 2021,False,False
2021-07-01,20210701,True,2021,Q3,2021 Q3,7,Jul,2021-07,Jul 2021,False,False
2021-07-02,20210702,False,2021,Q3,2021 Q3,7,Jul,2021-07,Jul 2021,False,False
2021-07-03,20210703,False,2021,Q3,2021 Q3,7,Jul,2021-07,Jul 2021,False,False
2021-07-04,20210704,False,2021,Q3,2021 Q3,7,Jul,2021-07,Jul 2021,False,False
2021-07-05,20210705,False,2021,Q3,2021 Q3,7,Jul,2021-07,Jul 2021,False,False
2021-07-06,20210706,False,2021,Q3,2021 Q3,7,Jul,2021-07,Jul 2021,False,False
2021-07-07,20210707,False,2021,Q3,2021 Q3,7,Jul,2021-07,Jul 2021,False,False
2021-07-08,20210708,False,2021,Q3,2021 Q3,7,Jul,2021-07,Jul 2021,False,False
2021-07-09,20210709,False,2021,Q3,2021 Q3,7,Jul,2021-07,Jul 2021,False,False
2021-07-10,20210710,False,2021,Q3,2021 Q3,7,Jul,2021-07,Jul 2021,False,False
2021-07-11,20210711,False,2021,Q3,2021 Q3,7,Jul,2021-07,Jul 2021,False,False
2021-07-12,20210712,False,2021,Q3,2021 Q3,7,Jul,2021-07,Jul 2021,False,False
2021-07-13,20210713,False,2021,Q3,2021 Q3,7,Jul,2021-07,Jul 2021,False,False
2021-07-14,20210714,False,2021,Q3,2021 Q3,7,Jul,2021-07,Jul 2021,False,False
2021-07-15,20210715,False,2021,Q3,2021 Q3,7,Jul,2021-07,Jul 2021,False,False
2021-07-16,20210716,False,2021,Q3,2021 Q3,7,Jul,2021-07,Jul 2021,False,False
2021-07-17,20210717,False,2021,Q3,2021 Q3,7,Jul,2021-07,Jul 2021,False,False
2021-07-18,20210718,False,2021,Q3,2021 Q3,7,Jul,2021-07,Jul 2021,False,False
2021-07-19,20210719,False,2021,Q3,2021 Q3,7,Jul,2021-07,Jul 2021,False,False
2021-07-20,20210720,False,2021,Q3,2021 Q3,7,Jul,2021-07,Jul 2021,False,False
2021-07-21,20210721,False,2021,Q3,2021 Q3,7,Jul,2021-07,Jul 2021,False,False
2021-07-22,20210722,False,2021,Q3,2021 Q3,7,Jul,2021-07,Jul 2021,False,False
2021-07-23,20210723,False,2021,Q3,2021 Q3,7,Jul,2021-07,Jul 2021,False,False
2021-07-24,20210724,False,2021,Q3,2021 Q3,7,Jul,2021-07,Jul 2021,False,False
2021-07-25,20210725,False,2021,Q3,2021 Q3,7,Jul,2021-07,Jul 2021,False,False
2021-07-26,20210726,False,2021,Q3,2021 Q3,7,Jul,2021-07,Jul 2021,False,False
2021-07-27,20210727,False,2021,Q3,2021 Q3,7,Jul,2021-07,Jul 2021,False,False
2021-07-28,20210728,False,2021,Q3,2021 Q3,7,Jul,2021-07,Jul 2021,False,False
2021-07-29,20210729,False,2021,Q3,2021 Q3,7,Jul,2021-07,Jul 2021,False,False
2021-07-30,20210730,False,2021,Q3,2021 Q3,7,Jul,2021-07,Jul 2021,False,False
2021-07-31,20210731,False,2021,Q3,2021 Q3,7,Jul,2021-07,Jul 2021,False,False
2021-08-01,20210801,True,2021,Q3,2021 Q3,8,Aug,2021-08,Aug 2021,False,False
2021-08-02,20210802,False,2021,Q3,2021 Q3,8,Aug,2021-08,Aug 2021,False,False
2021-08-03,20210803,False,2021,Q3,2021 Q3,8,Aug,2021-08,Aug 2021,False,False
2021-08-04,20210804,False,2021,Q3,2021 Q3,8,Aug,2021-08,Aug 2021,False,False
2021-08-05,20210805,False,2021,Q3,2021 Q3,8,Aug,2021-08,Aug 2021,False,False
2021-08-06,20210806,False,2021,Q3,2021 Q3,8,Aug,2021-08,Aug 2021,False,False
2021-08-07,20210807,False,2021,Q3,2021 Q3,8,Aug,2021-08,Aug 2021,False,False
2021-08-08,20210808,False,2021,Q3,2021 Q3,8,Aug,2021-08,Aug 2021,False,False
2021-08-09,20210809,False,2021,Q3,2021 Q3,8,Aug,2021-08,Aug 2021,False,False
2021-08-10,20210810,False,2021,Q3,2021 Q3,8,Aug,2021-08,Aug 2021,False,False
2021-08-11,20210811,False,2021,Q3,2021 Q3,8,Aug,2021-08,Aug 2021,False,False
2021-08-12,20210812,False,2021,Q3,2021 Q3,8,Aug,2021-08,Aug 2021,False,False
2021-08-13,20210813,False,2021,Q3,2021 Q3,8,Aug,2021-08,Aug 2021,False,False
2021-08-14,20210814,False,2021,Q3,2021 Q3,8,Aug,2021-08,Aug 2021,False,False
2021-08-15,20210815,False,2021,Q3,2021 Q3,8,Aug,2021-08,Aug 2021,False,False
2021-08-16,20210816,False,2021,Q3,2021 Q3,8,Aug,2021-08,Aug 2021,False,False
2021-08-17,20210817,False,2021,Q3,2021 Q3,8,Aug,2021-08,Aug 2021,False,False
2021-08-18,20210818,False,2021,Q3,2021 Q3,8,Aug,2021-08,Aug 2021,False,False
2021-08-19,20210819,False,2021,Q3,2021 Q3,8,Aug,2021-08,Aug 2021,False,False
2021-08-20,20210820,False,2021,Q3,2021 Q3,8,Aug,2021-08,Aug 2021,False,False
2021-08-21,20210821,False,2021,Q3,2021 Q3,8,Aug,2021-08,Aug 2021,False,False
2021-08-22,20210822,False,2021,Q3,2021 Q3,8,Aug,2021-08,Aug 2021,False,False
2021-08-23,20210823,False,2021,Q3,2021 Q3,8,Aug,2021-08,Aug 2021,False,False
2021-08-24,20210824,False,2021,Q3,2021 Q3,8,Aug,2021-08,Aug 2021,False,False
2021-08-25,20210825,False,2021,Q3,2021 Q3,8,Aug,2021-08,Aug 2021,False,False
2021-08-26,20210826,False,2021,Q3,2021 Q3,8,Aug,2021-08,Aug 2021,False,False
2021-08-27,20210827,False,2021,Q3,2021 Q3,8,Aug,2021-08,Aug 2021,False,False
2021-08-28,20210828,False,2021,Q3,2021 Q3,8,Aug,2021-08,Aug 2021,False,False
2021-08-29,20210829,False,2021,Q3,2021 Q3,8,Aug,2021-08,Aug 2021,False,False
2021-08-30,20210830,False,2021,Q3,2021 Q3,8,Aug,2021-08,Aug 2021,False,False
2021-08-31,20210831,False,2021,Q3,2021 Q3,8,Aug,2021-08,Aug 2021,False,False
2021-09-01,20210901,True,2021,Q3,2021 Q3,9,Sep,2021-09,Sep 2021,False,False
2021-09-02,20210902,False,2021,Q3,2021 Q3,9,Sep,2021-09,Sep 2021,False,False
2021-09-03,20210903,False,2021,Q3,2021 Q3,9,Sep,2021-09,Sep 2021,False,False
2021-09-04,20210904,False,2021,Q3,2021 Q3,9,Sep,2021-09,Sep 2021,False,False
2021-09-05,20210905,False,2021,Q3,2021 Q3,9,Sep,2021-09,Sep 2021,False,False
2021-09-06,20210906,False,2021,Q3,2021 Q3,9,Sep,2021-09,Sep 2021,False,False
2021-09-07,20210907,False,2021,Q3,2021 Q3,9,Sep,2021-09,Sep 2021,False,False
2021-09-08,20210908,False,2021,Q3,2021 Q3,9,Sep,2021-09,Sep 2021,False,False
2021-09-09,20210909,False,2021,Q3,2021 Q3,9,Sep,2021-09,Sep 2021,False,False
2021-09-10,20210910,False,2021,Q3,2021 Q3,9,Sep,2021-09,Sep 2021,False,False
2021-09-11,20210911,False,2021,Q3,2021 Q3,9,Sep,2021-09,Sep 2021,False,False
2021-09-12,20210912,False,2021,Q3,2021 Q3,9,Sep,2021-09,Sep 2021,False,False
2021-09-13,20210913,False,2021,Q3,2021 Q3,9,Sep,2021-09,Sep 2021,False,False
2021-09-14,20210914,False,2021,Q3,2021 Q3,9,Sep,2021-09,Sep 2021,False,False
2021-09-15,20210915,False,2021,Q3,2021 Q3,9,Sep,2021-09,Sep 2021,False,False
2021-09-16,20210916,False,2021,Q3,2021 Q3,9,Sep,2021-09,Sep 2021,False,False
2021-09-17,20210917,False,2021,Q3,2021 Q3,9,Sep,2021-09,Sep 2021,False,False
2021-09-18,20210918,False,2021,Q3,2021 Q3,9,Sep,2021-09,Sep 2021,False,False
2021-09-19,20210919,False,2021,Q3,2021 Q3,9,Sep,2021-09,Sep 2021,False,False
2021-09-20,20210920,False,2021,Q3,2021 Q3,9,Sep,2021-09,Sep 2021,False,False
2021-09-21,20210921,False,2021,Q3,2021 Q3,9,Sep,2021-09,Sep 2021,False,False
2021-09-22,20210922,False,2021,Q3,2021 Q3,9,Sep,2021-09,Sep 2021,False,False
2021-09-23,20210923,False,2021,Q3,2021 Q3,9,Sep,2021-09,Sep 2021,False,False
2021-09-24,20210924,False,2021,Q3,2021 Q3,9,Sep,2021-09,Sep 2021,False,False
2021-09-25,20210925,False,2021,Q3,2021 Q3,9,Sep,2021-09,Sep 2021,False,False
2021-09-26,20210926,False,2021,Q3,2021 Q3,9,Sep,2021-09,Sep 2021,False,False
2021-09-27,20210927,False,2021,Q3,2021 Q3,9,Sep,2021-09,Sep 2021,False,False
2021-09-28,20210928,False,2021,Q3,2021 Q3,9,Sep,2021-09,Sep 2021,False,False
2021-09-29,20210929,False,2021,Q3,2021 Q3,9,Sep,2021-09,Sep 2021,False,False
2021-09-30,20210930,False,2021,Q3,2021 Q3,9,Sep,2021-09,Sep 2021,False,False
2021-10-01,20211001,True,2021,Q4,2021 Q4,10,Oct,2021-10,Oct 2021,False,False
2021-10-02,20211002,False,2021,Q4,2021 Q4,10,Oct,2021-10,Oct 2021,False,False
2021-10-03,20211003,False,2021,Q4,2021 Q4,10,Oct,2021-10,Oct 2021,False,False
2021-10-04,20211004,False,2021,Q4,2021 Q4,10,Oct,2021-10,Oct 2021,False,False
2021-10-05,20211005,False,2021,Q4,2021 Q4,10,Oct,2021-10,Oct 2021,False,False
2021-10-06,20211006,False,2021,Q4,2021 Q4,10,Oct,2021-10,Oct 2021,False,False
2021-10-07,20211007,False,2021,Q4,2021 Q4,10,Oct,2021-10,Oct 2021,False,False
2021-10-08,20211008,False,2021,Q4,2021 Q4,10,Oct,2021-10,Oct 2021,False,False
2021-10-09,20211009,False,2021,Q4,2021 Q4,10,Oct,2021-10,Oct 2021,False,False
2021-10-10,20211010,False,2021,Q4,2021 Q4,10,Oct,2021-10,Oct 2021,False,False
2021-10-11,20211011,False,2021,Q4,2021 Q4,10,Oct,2021-10,Oct 2021,False,False
2021-10-12,20211012,False,2021,Q4,2021 Q4,10,Oct,2021-10,Oct 2021,False,False
2021-10-13,20211013,False,2021,Q4,2021 Q4,10,Oct,2021-10,Oct 2021,False,False
2021-10-14,20211014,False,2021,Q4,2021 Q4,10,Oct,2021-10,Oct 2021,False,False
2021-10-15,20211015,False,2021,Q4,2021 Q4,10,Oct,2021-10,Oct 2021,False,False
2021-10-16,20211016,False,2021,Q4,2021 Q4,10,Oct,2021-10,Oct 2021,False,False
2021-10-17,20211017,False,2021,Q4,2021 Q4,10,Oct,2021-10,Oct 2021,False,False
2021-10-18,20211018,False,2021,Q4,2021 Q4,10,Oct,2021-10,Oct 2021,False,False
2021-10-19,20211019,False,2021,Q4,2021 Q4,10,Oct,2021-10,Oct 2021,False,False
2021-10-20,20211020,False,2021,Q4,2021 Q4,10,Oct,2021-10,Oct 2021,False,False
2021-10-21,20211021,False,2021,Q4,2021 Q4,10,Oct,2021-10,Oct 2021,False,False
2021-10-22,20211022,False,2021,Q4,2021 Q4,10,Oct,2021-10,Oct 2021,False,False
2021-10-23,20211023,False,2021,Q4,2021 Q4,10,Oct,2021-10,Oct 2021,False,False
2021-10-24,20211024,False,2021,Q4,2021 Q4,10,Oct,2021-10,Oct 2021,False,False
2021-10-25,20211025,False,2021,Q4,2021 Q4,10,Oct,2021-10,Oct 2021,False,False
2021-10-26,20211026,False,2021,Q4,2021 Q4,10,Oct,2021-10,Oct 2021,False,False
2021-10-27,20211027,False,2021,Q4,2021 Q4,10,Oct,2021-10,Oct 2021,False,False
2021-10-28,20211028,False,2021,Q4,2021 Q4,10,Oct,2021-10,Oct 2021,False,False
2021-10-29,20211029,False,2021,Q4,2021 Q4,10,Oct,2021-10,Oct 2021,False,False
2021-10-30,20211030,False,2021,Q4,2021 Q4,10,Oct,2021-10,Oct 2021,False,False
2021-10-31,20211031,False,2021,Q4,2021 Q4,10,Oct,2021-10,Oct 2021,False,False
2021-11-01,20211101,True,2021,Q4,2021 Q4,11,Nov,2021-11,Nov 2021,False,False
2021-11-02,20211102,False,2021,Q4,2021 Q4,11,Nov,2021-11,Nov 2021,False,False
2021-11-03,20211103,False,2021,Q4,2021 Q4,11,Nov,2021-11,Nov 2021,False,False
2021-11-04,20211104,False,2021,Q4,2021 Q4,11,Nov,2021-11,Nov 2021,False,False
2021-11-05,20211105,False,2021,Q4,2021 Q4,11,Nov,2021-11,Nov 2021,False,False
2021-11-06,20211106,False,2021,Q4,2021 Q4,11,Nov,2021-11,Nov 2021,False,False
2021-11-07,20211107,False,2021,Q4,2021 Q4,11,Nov,2021-11,Nov 2021,False,False
2021-11-08,20211108,False,2021,Q4,2021 Q4,11,Nov,2021-11,Nov 2021,False,False
2021-11-09,20211109,False,2021,Q4,2021 Q4,11,Nov,2021-11,Nov 2021,False,False
2021-11-10,20211110,False,2021,Q4,2021 Q4,11,Nov,2021-11,Nov 2021,False,False
2021-11-11,20211111,False,2021,Q4,2021 Q4,11,Nov,2021-11,Nov 2021,False,False
2021-11-12,20211112,False,2021,Q4,2021 Q4,11,Nov,2021-11,Nov 2021,False,False
2021-11-13,20211113,False,2021,Q4,2021 Q4,11,Nov,2021-11,Nov 2021,False,False
2021-11-14,20211114,False,2021,Q4,2021 Q4,11,Nov,2021-11,Nov 2021,False,False
2021-11-15,20211115,False,2021,Q4,2021 Q4,11,Nov,2021-11,Nov 2021,False,False
2021-11-16,20211116,False,2021,Q4,2021 Q4,11,Nov,2021-11,Nov 2021,False,False
2021-11-17,20211117,False,2021,Q4,2021 Q4,11,Nov,2021-11,Nov 2021,False,False
2021-11-18,20211118,False,2021,Q4,2021 Q4,11,Nov,2021-11,Nov 2021,False,False
2021-11-19,20211119,False,2021,Q4,2021 Q4,11,Nov,2021-11,Nov 2021,False,False
2021-11-20,20211120,False,2021,Q4,2021 Q4,11,Nov,2021-11,Nov 2021,False,False
2021-11-21,20211121,False,2021,Q4,2021 Q4,11,Nov,2021-11,Nov 2021,False,False
2021-11-22,20211122,False,2021,Q4,2021 Q4,11,Nov,2021-11,Nov 2021,False,False
2021-11-23,20211123,False,2021,Q4,2021 Q4,11,Nov,2021-11,Nov 2021,False,False
2021-11-24,20211124,False,2021,Q4,2021 Q4,11,Nov,2021-11,Nov 2021,False,False
2021-11-25,20211125,False,2021,Q4,2021 Q4,11,Nov,2021-11,Nov 2021,False,False
2021-11-26,20211126,False,2021,Q4,2021 Q4,11,Nov,2021-11,Nov 2021,False,False
2021-11-27,20211127,False,2021,Q4,2021 Q4,11,Nov,2021-11,Nov 2021,False,False
2021-11-28,20211128,False,2021,Q4,2021 Q4,11,Nov,2021-11,Nov 2021,False,False
2021-11-29,20211129,False,2021,Q4,2021 Q4,11,Nov,2021-11,Nov 2021,False,False
2021-11-30,20211130,False,2021,Q4,2021 Q4,11,Nov,2021-11,Nov 2021,False,False
2021-12-01,20211201,True,2021,Q4,2021 Q4,12,Dec,2021-12,Dec 2021,False,False
2021-12-02,20211202,False,2021,Q4,2021 Q4,12,Dec,2021-12,Dec 2021,False,False
2021-12-03,20211203,False,2021,Q4,2021 Q4,12,Dec,2021-12,Dec 2021,False,False
2021-12-04,20211204,False,2021,Q4,2021 Q4,12,Dec,2021-12,Dec 2021,False,False
2021-12-05,20211205,False,2021,Q4,2021 Q4,12,Dec,2021-12,Dec 2021,False,False
2021-12-06,20211206,False,2021,Q4,2021 Q4,12,Dec,2021-12,Dec 2021,False,False
2021-12-07,20211207,False,2021,Q4,2021 Q4,12,Dec,2021-12,Dec 2021,False,False
2021-12-08,20211208,False,2021,Q4,2021 Q4,12,Dec,2021-12,Dec 2021,False,False
2021-12-09,20211209,False,2021,Q4,2021 Q4,12,Dec,2021-12,Dec 2021,False,False
2021-12-10,20211210,False,2021,Q4,2021 Q4,12,Dec,2021-12,Dec 2021,False,False
2021-12-11,20211211,False,2021,Q4,2021 Q4,12,Dec,2021-12,Dec 2021,False,False
2021-12-12,20211212,False,2021,Q4,2021 Q4,12,Dec,2021-12,Dec 2021,False,False
2021-12-13,20211213,False,2021,Q4,2021 Q4,12,Dec,2021-12,Dec 2021,False,False
2021-12-14,20211214,False,2021,Q4,2021 Q4,12,Dec,2021-12,Dec 2021,False,False
2021-12-15,20211215,False,2021,Q4,2021 Q4,12,Dec,2021-12,Dec 2021,False,False
2021-12-16,20211216,False,2021,Q4,2021 Q4,12,Dec,2021-12,Dec 2021,False,False
2021-12-17,20211217,False,2021,Q4,2021 Q4,12,Dec,2021-12,Dec 2021,False,False
2021-12-18,20211218,False,2021,Q4,2021 Q4,12,Dec,2021-12,Dec 2021,False,False
2021-12-19,20211219,False,2021,Q4,2021 Q4,12,Dec,2021-12,Dec 2021,False,False
2021-12-20,20211220,False,2021,Q4,2021 Q4,12,Dec,2021-12,Dec 2021,False,False
2021-12-21,20211221,False,2021,Q4,2021 Q4,12,Dec,2021-12,Dec 2021,False,False
2021-12-22,20211222,False,2021,Q4,2021 Q4,12,Dec,2021-12,Dec 2021,False,False
2021-12-23,20211223,False,2021,Q4,2021 Q4,12,Dec,2021-12,Dec 2021,False,False
2021-12-24,20211224,False,2021,Q4,2021 Q4,12,Dec,2021-12,Dec 2021,False,False
2021-12-25,20211225,False,2021,Q4,2021 Q4,12,Dec,2021-12,Dec 2021,False,False
2021-12-26,20211226,False,2021,Q4,2021 Q4,12,Dec,2021-12,Dec 2021,False,False
2021-12-27,20211227,False,2021,Q4,2021 Q4,12,Dec,2021-12,Dec 2021,False,False
2021-12-28,20211228,False,2021,Q4,2021 Q4,12,Dec,2021-12,Dec 2021,False,False
2021-12-29,20211229,False,2021,Q4,2021 Q4,12,Dec,2021-12,Dec 2021,False,False
2021-12-30,20211230,False,2021,Q4,2021 Q4,12,Dec,2021-12,Dec 2021,False,False
2021-12-31,20211231,False,2021,Q4,2021 Q4,12,Dec,2021-12,Dec 2021,False,False
2022-01-01,20220101,True,2022,Q1,2022 Q1,1,Jan,2022-01,Jan 2022,False,False
2022-01-02,20220102,False,2022,Q1,2022 Q1,1,Jan,2022-01,Jan 2022,False,False
2022-01-03,20220103,False,2022,Q1,2022 Q1,1,Jan,2022-01,Jan 2022,False,False
2022-01-04,20220104,False,2022,Q1,2022 Q1,1,Jan,2022-01,Jan 2022,False,False
2022-01-05,20220105,False,2022,Q1,2022 Q1,1,Jan,2022-01,Jan 2022,False,False
2022-01-06,20220106,False,2022,Q1,2022 Q1,1,Jan,2022-01,Jan 2022,False,False
2022-01-07,20220107,False,2022,Q1,2022 Q1,1,Jan,2022-01,Jan 2022,False,False
2022-01-08,20220108,False,2022,Q1,2022 Q1,1,Jan,2022-01,Jan 2022,False,False
2022-01-09,20220109,False,2022,Q1,2022 Q1,1,Jan,2022-01,Jan 2022,False,False
2022-01-10,20220110,False,2022,Q1,2022 Q1,1,Jan,2022-01,Jan 2022,False,False
2022-01-11,20220111,False,2022,Q1,2022 Q1,1,Jan,2022-01,Jan 2022,False,False
2022-01-12,20220112,False,2022,Q1,2022 Q1,1,Jan,2022-01,Jan 2022,False,False
2022-01-13,20220113,False,2022,Q1,2022 Q1,1,Jan,2022-01,Jan 2022,False,False
2022-01-14,20220114,False,2022,Q1,2022 Q1,1,Jan,2022-01,Jan 2022,False,False
2022-01-15,20220115,False,2022,Q1,2022 Q1,1,Jan,2022-01,Jan 2022,False,False
2022-01-16,20220116,False,2022,Q1,2022 Q1,1,Jan,2022-01,Jan 2022,False,False
2022-01-17,20220117,False,2022,Q1,2022 Q1,1,Jan,2022-01,Jan 2022,False,False
2022-01-18,20220118,False,2022,Q1,2022 Q1,1,Jan,2022-01,Jan 2022,False,False
2022-01-19,20220119,False,2022,Q1,2022 Q1,1,Jan,2022-01,Jan 2022,False,False
2022-01-20,20220120,False,2022,Q1,2022 Q1,1,Jan,2022-01,Jan 2022,False,False
2022-01-21,20220121,False,2022,Q1,2022 Q1,1,Jan,2022-01,Jan 2022,False,False
2022-01-22,20220122,False,2022,Q1,2022 Q1,1,Jan,2022-01,Jan 2022,False,False
2022-01-23,20220123,False,2022,Q1,2022 Q1,1,Jan,2022-01,Jan 2022,False,False
2022-01-24,20220124,False,2022,Q1,2022 Q1,1,Jan,2022-01,Jan 2022,False,False
2022-01-25,20220125,False,2022,Q1,2022 Q1,1,Jan,2022-01,Jan 2022,False,False
2022-01-26,20220126,False,2022,Q1,2022 Q1,1,Jan,2022-01,Jan 2022,False,False
2022-01-27,20220127,False,2022,Q1,2022 Q1,1,Jan,2022-01,Jan 2022,False,False
2022-01-28,20220128,False,2022,Q1,2022 Q1,1,Jan,2022-01,Jan 2022,False,False
2022-01-29,20220129,False,2022,Q1,2022 Q1,1,Jan,2022-01,Jan 2022,False,False
2022-01-30,20220130,False,2022,Q1,2022 Q1,1,Jan,2022-01,Jan 2022,False,False
2022-01-31,20220131,False,2022,Q1,2022 Q1,1,Jan,2022-01,Jan 2022,False,False
2022-02-01,20220201,True,2022,Q1,2022 Q1,2,Feb,2022-02,Feb 2022,False,False
2022-02-02,20220202,False,2022,Q1,2022 Q1,2,Feb,2022-02,Feb 2022,False,False
2022-02-03,20220203,False,2022,Q1,2022 Q1,2,Feb,2022-02,Feb 2022,False,False
2022-02-04,20220204,False,2022,Q1,2022 Q1,2,Feb,2022-02,Feb 2022,False,False
2022-02-05,20220205,False,2022,Q1,2022 Q1,2,Feb,2022-02,Feb 2022,False,False
2022-02-06,20220206,False,2022,Q1,2022 Q1,2,Feb,2022-02,Feb 2022,False,False
2022-02-07,20220207,False,2022,Q1,2022 Q1,2,Feb,2022-02,Feb 2022,False,False
2022-02-08,20220208,False,2022,Q1,2022 Q1,2,Feb,2022-02,Feb 2022,False,False
2022-02-09,20220209,False,2022,Q1,2022 Q1,2,Feb,2022-02,Feb 2022,False,False
2022-02-10,20220210,False,2022,Q1,2022 Q1,2,Feb,2022-02,Feb 2022,False,False
2022-02-11,20220211,False,2022,Q1,2022 Q1,2,Feb,2022-02,Feb 2022,False,False
2022-02-12,20220212,False,2022,Q1,2022 Q1,2,Feb,2022-02,Feb 2022,False,False
2022-02-13,20220213,False,2022,Q1,2022 Q1,2,Feb,2022-02,Feb 2022,False,False
2022-02-14,20220214,False,2022,Q1,2022 Q1,2,Feb,2022-02,Feb 2022,False,False
2022-02-15,20220215,False,2022,Q1,2022 Q1,2,Feb,2022-02,Feb 2022,False,False
2022-02-16,20220216,False,2022,Q1,2022 Q1,2,Feb,2022-02,Feb 2022,False,False
2022-02-17,20220217,False,2022,Q1,2022 Q1,2,Feb,2022-02,Feb 2022,False,False
2022-02-18,20220218,False,2022,Q1,2022 Q1,2,Feb,2022-02,Feb 2022,False,False
2022-02-19,20220219,False,2022,Q1,2022 Q1,2,Feb,2022-02,Feb 2022,False,False
2022-02-20,20220220,False,2022,Q1,2022 Q1,2,Feb,2022-02,Feb 2022,False,False
2022-02-21,20220221,False,2022,Q1,2022 Q1,2,Feb,2022-02,Feb 2022,False,False
2022-02-22,20220222,False,2022,Q1,2022 Q1,2,Feb,2022-02,Feb 2022,False,False
2022-02-23,20220223,False,2022,Q1,2022 Q1,2,Feb,2022-02,Feb 2022,False,False
2022-02-24,20220224,False,2022,Q1,2022 Q1,2,Feb,2022-02,Feb 2022,False,False
2022-02-25,20220225,False,2022,Q1,2022 Q1,2,Feb,2022-02,Feb 2022,False,False
2022-02-26,20220226,False,2022,Q1,2022 Q1,2,Feb,2022-02,Feb 2022,False,False
2022-02-27,20220227,False,2022,Q1,2022 Q1,2,Feb,2022-02,Feb 2022,False,False
2022-02-28,20220228,False,2022,Q1,2022 Q1,2,Feb,2022-02,Feb 2022,False,False
2022-03-01,20220301,True,2022,Q1,2022 Q1,3,Mar,2022-03,Mar 2022,False,False
2022-03-02,20220302,False,2022,Q1,2022 Q1,3,Mar,2022-03,Mar 2022,False,False
2022-03-03,20220303,False,2022,Q1,2022 Q1,3,Mar,2022-03,Mar 2022,False,False
2022-03-04,20220304,False,2022,Q1,2022 Q1,3,Mar,2022-03,Mar 2022,False,False
2022-03-05,20220305,False,2022,Q1,2022 Q1,3,Mar,2022-03,Mar 2022,False,False
2022-03-06,20220306,False,2022,Q1,2022 Q1,3,Mar,2022-03,Mar 2022,False,False
2022-03-07,20220307,False,2022,Q1,2022 Q1,3,Mar,2022-03,Mar 2022,False,False
2022-03-08,20220308,False,2022,Q1,2022 Q1,3,Mar,2022-03,Mar 2022,False,False
2022-03-09,20220309,False,2022,Q1,2022 Q1,3,Mar,2022-03,Mar 2022,False,False
2022-03-10,20220310,False,2022,Q1,2022 Q1,3,Mar,2022-03,Mar 2022,False,False
2022-03-11,20220311,False,2022,Q1,2022 Q1,3,Mar,2022-03,Mar 2022,False,False
2022-03-12,20220312,False,2022,Q1,2022 Q1,3,Mar,2022-03,Mar 2022,False,False
2022-03-13,20220313,False,2022,Q1,2022 Q1,3,Mar,2022-03,Mar 2022,False,False
2022-03-14,20220314,False,2022,Q1,2022 Q1,3,Mar,2022-03,Mar 2022,False,False
2022-03-15,20220315,False,2022,Q1,2022 Q1,3,Mar,2022-03,Mar 2022,False,False
2022-03-16,20220316,False,2022,Q1,2022 Q1,3,Mar,2022-03,Mar 2022,False,False
2022-03-17,20220317,False,2022,Q1,2022 Q1,3,Mar,2022-03,Mar 2022,False,False
2022-03-18,20220318,False,2022,Q1,2022 Q1,3,Mar,2022-03,Mar 2022,False,False
2022-03-19,20220319,False,2022,Q1,2022 Q1,3,Mar,2022-03,Mar 2022,False,False
2022-03-20,20220320,False,2022,Q1,2022 Q1,3,Mar,2022-03,Mar 2022,False,False
2022-03-21,20220321,False,2022,Q1,2022 Q1,3,Mar,2022-03,Mar 2022,False,False
2022-03-22,20220322,False,2022,Q1,2022 Q1,3,Mar,2022-03,Mar 2022,False,False
2022-03-23,20220323,False,2022,Q1,2022 Q1,3,Mar,2022-03,Mar 2022,False,False
2022-03-24,20220324,False,2022,Q1,2022 Q1,3,Mar,2022-03,Mar 2022,False,False
2022-03-25,20220325,False,2022,Q1,2022 Q1,3,Mar,2022-03,Mar 2022,False,False
2022-03-26,20220326,False,2022,Q1,2022 Q1,3,Mar,2022-03,Mar 2022,False,False
2022-03-27,20220327,False,2022,Q1,2022 Q1,3,Mar,2022-03,Mar 2022,False,False
2022-03-28,20220328,False,2022,Q1,2022 Q1,3,Mar,2022-03,Mar 2022,False,False
2022-03-29,20220329,False,2022,Q1,2022 Q1,3,Mar,2022-03,Mar 2022,False,False
2022-03-30,20220330,False,2022,Q1,2022 Q1,3,Mar,2022-03,Mar 2022,False,False
2022-03-31,20220331,False,2022,Q1,2022 Q1,3,Mar,2022-03,Mar 2022,False,False
2022-04-01,20220401,True,2022,Q2,2022 Q2,4,Apr,2022-04,Apr 2022,False,False
2022-04-02,20220402,False,2022,Q2,2022 Q2,4,Apr,2022-04,Apr 2022,False,False
2022-04-03,20220403,False,2022,Q2,2022 Q2,4,Apr,2022-04,Apr 2022,False,False
2022-04-04,20220404,False,2022,Q2,2022 Q2,4,Apr,2022-04,Apr 2022,False,False
2022-04-05,20220405,False,2022,Q2,2022 Q2,4,Apr,2022-04,Apr 2022,False,False
2022-04-06,20220406,False,2022,Q2,2022 Q2,4,Apr,2022-04,Apr 2022,False,False
2022-04-07,20220407,False,2022,Q2,2022 Q2,4,Apr,2022-04,Apr 2022,False,False
2022-04-08,20220408,False,2022,Q2,2022 Q2,4,Apr,2022-04,Apr 2022,False,False
2022-04-09,20220409,False,2022,Q2,2022 Q2,4,Apr,2022-04,Apr 2022,False,False
2022-04-10,20220410,False,2022,Q2,2022 Q2,4,Apr,2022-04,Apr 2022,False,False
2022-04-11,20220411,False,2022,Q2,2022 Q2,4,Apr,2022-04,Apr 2022,False,False
2022-04-12,20220412,False,2022,Q2,2022 Q2,4,Apr,2022-04,Apr 2022,False,False
2022-04-13,20220413,False,2022,Q2,2022 Q2,4,Apr,2022-04,Apr 2022,False,False
2022-04-14,20220414,False,2022,Q2,2022 Q2,4,Apr,2022-04,Apr 2022,False,False
2022-04-15,20220415,False,2022,Q2,2022 Q2,4,Apr,2022-04,Apr 2022,False,False
2022-04-16,20220416,False,2022,Q2,2022 Q2,4,Apr,2022-04,Apr 2022,False,False
2022-04-17,20220417,False,2022,Q2,2022 Q2,4,Apr,2022-04,Apr 2022,False,False
2022-04-18,20220418,False,2022,Q2,2022 Q2,4,Apr,2022-04,Apr 2022,False,False
2022-04-19,20220419,False,2022,Q2,2022 Q2,4,Apr,2022-04,Apr 2022,False,False
2022-04-20,20220420,False,2022,Q2,2022 Q2,4,Apr,2022-04,Apr 2022,False,False
2022-04-21,20220421,False,2022,Q2,2022 Q2,4,Apr,2022-04,Apr 2022,False,False
2022-04-22,20220422,False,2022,Q2,2022 Q2,4,Apr,2022-04,Apr 2022,False,False
2022-04-23,20220423,False,2022,Q2,2022 Q2,4,Apr,2022-04,Apr 2022,False,False
2022-04-24,20220424,False,2022,Q2,2022 Q2,4,Apr,2022-04,Apr 2022,False,False
2022-04-25,20220425,False,2022,Q2,2022 Q2,4,Apr,2022-04,Apr 2022,False,False
2022-04-26,20220426,False,2022,Q2,2022 Q2,4,Apr,2022-04,Apr 2022,False,False
2022-04-27,20220427,False,2022,Q2,2022 Q2,4,Apr,2022-04,Apr 2022,False,False
2022-04-28,20220428,False,2022,Q2,2022 Q2,4,Apr,2022-04,Apr 2022,False,False
2022-04-29,20220429,False,2022,Q2,2022 Q2,4,Apr,2022-04,Apr 2022,False,False
2022-04-30,20220430,False,2022,Q2,2022 Q2,4,Apr,2022-04,Apr 2022,False,False
2022-05-01,20220501,True,2022,Q2,2022 Q2,5,May,2022-05,May 2022,False,False
2022-05-02,20220502,False,2022,Q2,2022 Q2,5,May,2022-05,May 2022,False,False
2022-05-03,20220503,False,2022,Q2,2022 Q2,5,May,2022-05,May 2022,False,False
2022-05-04,20220504,False,2022,Q2,2022 Q2,5,May,2022-05,May 2022,False,False
2022-05-05,20220505,False,2022,Q2,2022 Q2,5,May,2022-05,May 2022,False,False
2022-05-06,20220506,False,2022,Q2,2022 Q2,5,May,2022-05,May 2022,False,False
2022-05-07,20220507,False,2022,Q2,2022 Q2,5,May,2022-05,May 2022,False,False
2022-05-08,20220508,False,2022,Q2,2022 Q2,5,May,2022-05,May 2022,False,False
2022-05-09,20220509,False,2022,Q2,2022 Q2,5,May,2022-05,May 2022,False,False
2022-05-10,20220510,False,2022,Q2,2022 Q2,5,May,2022-05,May 2022,False,False
2022-05-11,20220511,False,2022,Q2,2022 Q2,5,May,2022-05,May 2022,False,False
2022-05-12,20220512,False,2022,Q2,2022 Q2,5,May,2022-05,May 2022,False,False
2022-05-13,20220513,False,2022,Q2,2022 Q2,5,May,2022-05,May 2022,False,False
2022-05-14,20220514,False,2022,Q2,2022 Q2,5,May,2022-05,May 2022,False,False
2022-05-15,20220515,False,2022,Q2,2022 Q2,5,May,2022-05,May 2022,False,False
2022-05-16,20220516,False,2022,Q2,2022 Q2,5,May,2022-05,May 2022,False,False
2022-05-17,20220517,False,2022,Q2,2022 Q2,5,May,2022-05,May 2022,False,False
2022-05-18,20220518,False,2022,Q2,2022 Q2,5,May,2022-05,May 2022,False,False
2022-05-19,20220519,False,2022,Q2,2022 Q2,5,May,2022-05,May 2022,False,False
2022-05-20,20220520,False,2022,Q2,2022 Q2,5,May,2022-05,May 2022,False,False
2022-05-21,20220521,False,2022,Q2,2022 Q2,5,May,2022-05,May 2022,False,False
2022-05-22,20220522,False,2022,Q2,2022 Q2,5,May,2022-05,May 2022,False,False
2022-05-23,20220523,False,2022,Q2,2022 Q2,5,May,2022-05,May 2022,False,False
2022-05-24,20220524,False,2022,Q2,2022 Q2,5,May,2022-05,May 2022,False,False
2022-05-25,20220525,False,2022,Q2,2022 Q2,5,May,2022-05,May 2022,False,False
2022-05-26,20220526,False,2022,Q2,2022 Q2,5,May,2022-05,May 2022,False,False
2022-05-27,20220527,False,2022,Q2,2022 Q2,5,May,2022-05,May 2022,False,False
2022-05-28,20220528,False,2022,Q2,2022 Q2,5,May,2022-05,May 2022,False,False
2022-05-29,20220529,False,2022,Q2,2022 Q2,5,May,2022-05,May 2022,False,False
2022-05-30,20220530,False,2022,Q2,2022 Q2,5,May,2022-05,May 2022,False,False
2022-05-31,20220531,False,2022,Q2,2022 Q2,5,May,2022-05,May 2022,False,False
2022-06-01,20220601,True,2022,Q2,2022 Q2,6,Jun,2022-06,Jun 2022,False,False
2022-06-02,20220602,False,2022,Q2,2022 Q2,6,Jun,2022-06,Jun 2022,False,False
2022-06-03,20220603,False,2022,Q2,2022 Q2,6,Jun,2022-06,Jun 2022,False,False
2022-06-04,20220604,False,2022,Q2,2022 Q2,6,Jun,2022-06,Jun 2022,False,False
2022-06-05,20220605,False,2022,Q2,2022 Q2,6,Jun,2022-06,Jun 2022,False,False
2022-06-06,20220606,False,2022,Q2,2022 Q2,6,Jun,2022-06,Jun 2022,False,False
2022-06-07,20220607,False,2022,Q2,2022 Q2,6,Jun,2022-06,Jun 2022,False,False
2022-06-08,20220608,False,2022,Q2,2022 Q2,6,Jun,2022-06,Jun 2022,False,False
2022-06-09,20220609,False,2022,Q2,2022 Q2,6,Jun,2022-06,Jun 2022,False,False
2022-06-10,20220610,False,2022,Q2,2022 Q2,6,Jun,2022-06,Jun 2022,False,False
2022-06-11,20220611,False,2022,Q2,2022 Q2,6,Jun,2022-06,Jun 2022,False,False
2022-06-12,20220612,False,2022,Q2,2022 Q2,6,Jun,2022-06,Jun 2022,False,False
2022-06-13,20220613,False,2022,Q2,2022 Q2,6,Jun,2022-06,Jun 2022,False,False
2022-06-14,20220614,False,2022,Q2,2022 Q2,6,Jun,2022-06,Jun 2022,False,False
2022-06-15,20220615,False,2022,Q2,2022 Q2,6,Jun,2022-06,Jun 2022,False,False
2022-06-16,20220616,False,2022,Q2,2022 Q2,6,Jun,2022-06,Jun 2022,False,False
2022-06-17,20220617,False,2022,Q2,2022 Q2,6,Jun,2022-06,Jun 2022,False,False
2022-06-18,20220618,False,2022,Q2,2022 Q2,6,Jun,2022-06,Jun 2022,False,False
2022-06-19,20220619,False,2022,Q2,2022 Q2,6,Jun,2022-06,Jun 2022,False,False
2022-06-20,20220620,False,2022,Q2,2022 Q2,6,Jun,2022-06,Jun 2022,False,False
2022-06-21,20220621,False,2022,Q2,2022 Q2,6,Jun,2022-06,Jun 2022,False,False
2022-06-22,20220622,False,2022,Q2,2022 Q2,6,Jun,2022-06,Jun 2022,False,False
2022-06-23,20220623,False,2022,Q2,2022 Q2,6,Jun,2022-06,Jun 2022,False,False
2022-06-24,20220624,False,2022,Q2,2022 Q2,6,Jun,2022-06,Jun 2022,False,False
2022-06-25,20220625,False,2022,Q2,2022 Q2,6,Jun,2022-06,Jun 2022,False,False
2022-06-26,20220626,False,2022,Q2,2022 Q2,6,Jun,2022-06,Jun 2022,False,False
2022-06-27,20220627,False,2022,Q2,2022 Q2,6,Jun,2022-06,Jun 2022,False,False
2022-06-28,20220628,False,2022,Q2,2022 Q2,6,Jun,2022-06,Jun 2022,False,False
2022-06-29,20220629,False,2022,Q2,2022 Q2,6,Jun,2022-06,Jun 2022,False,False
2022-06-30,20220630,False,2022,Q2,2022 Q2,6,Jun,2022-06,Jun 2022,False,False
2022-07-01,20220701,True,2022,Q3,2022 Q3,7,Jul,2022-07,Jul 2022,False,False
2022-07-02,20220702,False,2022,Q3,2022 Q3,7,Jul,2022-07,Jul 2022,False,False
2022-07-03,20220703,False,2022,Q3,2022 Q3,7,Jul,2022-07,Jul 2022,False,False
2022-07-04,20220704,False,2022,Q3,2022 Q3,7,Jul,2022-07,Jul 2022,False,False
2022-07-05,20220705,False,2022,Q3,2022 Q3,7,Jul,2022-07,Jul 2022,False,False
2022-07-06,20220706,False,2022,Q3,2022 Q3,7,Jul,2022-07,Jul 2022,False,False
2022-07-07,20220707,False,2022,Q3,2022 Q3,7,Jul,2022-07,Jul 2022,False,False
2022-07-08,20220708,False,2022,Q3,2022 Q3,7,Jul,2022-07,Jul 2022,False,False
2022-07-09,20220709,False,2022,Q3,2022 Q3,7,Jul,2022-07,Jul 2022,False,False
2022-07-10,20220710,False,2022,Q3,2022 Q3,7,Jul,2022-07,Jul 2022,False,False
2022-07-11,20220711,False,2022,Q3,2022 Q3,7,Jul,2022-07,Jul 2022,False,False
2022-07-12,20220712,False,2022,Q3,2022 Q3,7,Jul,2022-07,Jul 2022,False,False
2022-07-13,20220713,False,2022,Q3,2022 Q3,7,Jul,2022-07,Jul 2022,False,False
2022-07-14,20220714,False,2022,Q3,2022 Q3,7,Jul,2022-07,Jul 2022,False,False
2022-07-15,20220715,False,2022,Q3,2022 Q3,7,Jul,2022-07,Jul 2022,False,False
2022-07-16,20220716,False,2022,Q3,2022 Q3,7,Jul,2022-07,Jul 2022,False,False
2022-07-17,20220717,False,2022,Q3,2022 Q3,7,Jul,2022-07,Jul 2022,False,False
2022-07-18,20220718,False,2022,Q3,2022 Q3,7,Jul,2022-07,Jul 2022,False,False
2022-07-19,20220719,False,2022,Q3,2022 Q3,7,Jul,2022-07,Jul 2022,False,False
2022-07-20,20220720,False,2022,Q3,2022 Q3,7,Jul,2022-07,Jul 2022,False,False
2022-07-21,20220721,False,2022,Q3,2022 Q3,7,Jul,2022-07,Jul 2022,False,False
2022-07-22,20220722,False,2022,Q3,2022 Q3,7,Jul,2022-07,Jul 2022,False,False
2022-07-23,20220723,False,2022,Q3,2022 Q3,7,Jul,2022-07,Jul 2022,False,False
2022-07-24,20220724,False,2022,Q3,2022 Q3,7,Jul,2022-07,Jul 2022,False,False
2022-07-25,20220725,False,2022,Q3,2022 Q3,7,Jul,2022-07,Jul 2022,False,False
2022-07-26,20220726,False,2022,Q3,2022 Q3,7,Jul,2022-07,Jul 2022,False,False
2022-07-27,20220727,False,2022,Q3,2022 Q3,7,Jul,2022-07,Jul 2022,False,False
2022-07-28,20220728,False,2022,Q3,2022 Q3,7,Jul,2022-07,Jul 2022,False,False
2022-07-29,20220729,False,2022,Q3,2022 Q3,7,Jul,2022-07,Jul 2022,False,False
2022-07-30,20220730,False,2022,Q3,2022 Q3,7,Jul,2022-07,Jul 2022,False,False
2022-07-31,20220731,False,2022,Q3,2022 Q3,7,Jul,2022-07,Jul 2022,False,False
2022-08-01,20220801,True,2022,Q3,2022 Q3,8,Aug,2022-08,Aug 2022,False,False
2022-08-02,20220802,False,2022,Q3,2022 Q3,8,Aug,2022-08,Aug 2022,False,False
2022-08-03,20220803,False,2022,Q3,2022 Q3,8,Aug,2022-08,Aug 2022,False,False
2022-08-04,20220804,False,2022,Q3,2022 Q3,8,Aug,2022-08,Aug 2022,False,False
2022-08-05,20220805,False,2022,Q3,2022 Q3,8,Aug,2022-08,Aug 2022,False,False
2022-08-06,20220806,False,2022,Q3,2022 Q3,8,Aug,2022-08,Aug 2022,False,False
2022-08-07,20220807,False,2022,Q3,2022 Q3,8,Aug,2022-08,Aug 2022,False,False
2022-08-08,20220808,False,2022,Q3,2022 Q3,8,Aug,2022-08,Aug 2022,False,False
2022-08-09,20220809,False,2022,Q3,2022 Q3,8,Aug,2022-08,Aug 2022,False,False
2022-08-10,20220810,False,2022,Q3,2022 Q3,8,Aug,2022-08,Aug 2022,False,False
2022-08-11,20220811,False,2022,Q3,2022 Q3,8,Aug,2022-08,Aug 2022,False,False
2022-08-12,20220812,False,2022,Q3,2022 Q3,8,Aug,2022-08,Aug 2022,False,False
2022-08-13,20220813,False,2022,Q3,2022 Q3,8,Aug,2022-08,Aug 2022,False,False
2022-08-14,20220814,False,2022,Q3,2022 Q3,8,Aug,2022-08,Aug 2022,False,False
2022-08-15,20220815,False,2022,Q3,2022 Q3,8,Aug,2022-08,Aug 2022,False,False
2022-08-16,20220816,False,2022,Q3,2022 Q3,8,Aug,2022-08,Aug 2022,False,False
2022-08-17,20220817,False,2022,Q3,2022 Q3,8,Aug,2022-08,Aug 2022,False,False
2022-08-18,20220818,False,2022,Q3,2022 Q3,8,Aug,2022-08,Aug 2022,False,False
2022-08-19,20220819,False,2022,Q3,2022 Q3,8,Aug,2022-08,Aug 2022,False,False
2022-08-20,20220820,False,2022,Q3,2022 Q3,8,Aug,2022-08,Aug 2022,False,False
2022-08-21,20220821,False,2022,Q3,2022 Q3,8,Aug,2022-08,Aug 2022,False,False
2022-08-22,20220822,False,2022,Q3,2022 Q3,8,Aug,2022-08,Aug 2022,False,False
2022-08-23,20220823,False,2022,Q3,2022 Q3,8,Aug,2022-08,Aug 2022,False,False
2022-08-24,20220824,False,2022,Q3,2022 Q3,8,Aug,2022-08,Aug 2022,False,False
2022-08-25,20220825,False,2022,Q3,2022 Q3,8,Aug,2022-08,Aug 2022,False,False
2022-08-26,20220826,False,2022,Q3,2022 Q3,8,Aug,2022-08,Aug 2022,False,False
2022-08-27,20220827,False,2022,Q3,2022 Q3,8,Aug,2022-08,Aug 2022,False,False
2022-08-28,20220828,False,2022,Q3,2022 Q3,8,Aug,2022-08,Aug 2022,False,False
2022-08-29,20220829,False,2022,Q3,2022 Q3,8,Aug,2022-08,Aug 2022,False,False
2022-08-30,20220830,False,2022,Q3,2022 Q3,8,Aug,2022-08,Aug 2022,False,False
2022-08-31,20220831,False,2022,Q3,2022 Q3,8,Aug,2022-08,Aug 2022,False,False
2022-09-01,20220901,True,2022,Q3,2022 Q3,9,Sep,2022-09,Sep 2022,False,False
2022-09-02,20220902,False,2022,Q3,2022 Q3,9,Sep,2022-09,Sep 2022,False,False
2022-09-03,20220903,False,2022,Q3,2022 Q3,9,Sep,2022-09,Sep 2022,False,False
2022-09-04,20220904,False,2022,Q3,2022 Q3,9,Sep,2022-09,Sep 2022,False,False
2022-09-05,20220905,False,2022,Q3,2022 Q3,9,Sep,2022-09,Sep 2022,False,False
2022-09-06,20220906,False,2022,Q3,2022 Q3,9,Sep,2022-09,Sep 2022,False,False
2022-09-07,20220907,False,2022,Q3,2022 Q3,9,Sep,2022-09,Sep 2022,False,False
2022-09-08,20220908,False,2022,Q3,2022 Q3,9,Sep,2022-09,Sep 2022,False,False
2022-09-09,20220909,False,2022,Q3,2022 Q3,9,Sep,2022-09,Sep 2022,False,False
2022-09-10,20220910,False,2022,Q3,2022 Q3,9,Sep,2022-09,Sep 2022,False,False
2022-09-11,20220911,False,2022,Q3,2022 Q3,9,Sep,2022-09,Sep 2022,False,False
2022-09-12,20220912,False,2022,Q3,2022 Q3,9,Sep,2022-09,Sep 2022,False,False
2022-09-13,20220913,False,2022,Q3,2022 Q3,9,Sep,2022-09,Sep 2022,False,False
2022-09-14,20220914,False,2022,Q3,2022 Q3,9,Sep,2022-09,Sep 2022,False,False
2022-09-15,20220915,False,2022,Q3,2022 Q3,9,Sep,2022-09,Sep 2022,False,False
2022-09-16,20220916,False,2022,Q3,2022 Q3,9,Sep,2022-09,Sep 2022,False,False
2022-09-17,20220917,False,2022,Q3,2022 Q3,9,Sep,2022-09,Sep 2022,False,False
2022-09-18,20220918,False,2022,Q3,2022 Q3,9,Sep,2022-09,Sep 2022,False,False
2022-09-19,20220919,False,2022,Q3,2022 Q3,9,Sep,2022-09,Sep 2022,False,False
2022-09-20,20220920,False,2022,Q3,2022 Q3,9,Sep,2022-09,Sep 2022,False,False
2022-09-21,20220921,False,2022,Q3,2022 Q3,9,Sep,2022-09,Sep 2022,False,False
2022-09-22,20220922,False,2022,Q3,2022 Q3,9,Sep,2022-09,Sep 2022,False,False
2022-09-23,20220923,False,2022,Q3,2022 Q3,9,Sep,2022-09,Sep 2022,False,False
2022-09-24,20220924,False,2022,Q3,2022 Q3,9,Sep,2022-09,Sep 2022,False,False
2022-09-25,20220925,False,2022,Q3,2022 Q3,9,Sep,2022-09,Sep 2022,False,False
2022-09-26,20220926,False,2022,Q3,2022 Q3,9,Sep,2022-09,Sep 2022,False,False
2022-09-27,20220927,False,2022,Q3,2022 Q3,9,Sep,2022-09,Sep 2022,False,False
2022-09-28,20220928,False,2022,Q3,2022 Q3,9,Sep,2022-09,Sep 2022,False,False
2022-09-29,20220929,False,2022,Q3,2022 Q3,9,Sep,2022-09,Sep 2022,False,False
2022-09-30,20220930,False,2022,Q3,2022 Q3,9,Sep,2022-09,Sep 2022,False,False
2022-10-01,20221001,True,2022,Q4,2022 Q4,10,Oct,2022-10,Oct 2022,False,False
2022-10-02,20221002,False,2022,Q4,2022 Q4,10,Oct,2022-10,Oct 2022,False,False
2022-10-03,20221003,False,2022,Q4,2022 Q4,10,Oct,2022-10,Oct 2022,False,False
2022-10-04,20221004,False,2022,Q4,2022 Q4,10,Oct,2022-10,Oct 2022,False,False
2022-10-05,20221005,False,2022,Q4,2022 Q4,10,Oct,2022-10,Oct 2022,False,False
2022-10-06,20221006,False,2022,Q4,2022 Q4,10,Oct,2022-10,Oct 2022,False,False
2022-10-07,20221007,False,2022,Q4,2022 Q4,10,Oct,2022-10,Oct 2022,False,False
2022-10-08,20221008,False,2022,Q4,2022 Q4,10,Oct,2022-10,Oct 2022,False,False
2022-10-09,20221009,False,2022,Q4,2022 Q4,10,Oct,2022-10,Oct 2022,False,False
2022-10-10,20221010,False,2022,Q4,2022 Q4,10,Oct,2022-10,Oct 2022,False,False
2022-10-11,20221011,False,2022,Q4,2022 Q4,10,Oct,2022-10,Oct 2022,False,False
2022-10-12,20221012,False,2022,Q4,2022 Q4,10,Oct,2022-10,Oct 2022,False,False
2022-10-13,20221013,False,2022,Q4,2022 Q4,10,Oct,2022-10,Oct 2022,False,False
2022-10-14,20221014,False,2022,Q4,2022 Q4,10,Oct,2022-10,Oct 2022,False,False
2022-10-15,20221015,False,2022,Q4,2022 Q4,10,Oct,2022-10,Oct 2022,False,False
2022-10-16,20221016,False,2022,Q4,2022 Q4,10,Oct,2022-10,Oct 2022,False,False
2022-10-17,20221017,False,2022,Q4,2022 Q4,10,Oct,2022-10,Oct 2022,False,False
2022-10-18,20221018,False,2022,Q4,2022 Q4,10,Oct,2022-10,Oct 2022,False,False
2022-10-19,20221019,False,2022,Q4,2022 Q4,10,Oct,2022-10,Oct 2022,False,False
2022-10-20,20221020,False,2022,Q4,2022 Q4,10,Oct,2022-10,Oct 2022,False,False
2022-10-21,20221021,False,2022,Q4,2022 Q4,10,Oct,2022-10,Oct 2022,False,False
2022-10-22,20221022,False,2022,Q4,2022 Q4,10,Oct,2022-10,Oct 2022,False,False
2022-10-23,20221023,False,2022,Q4,2022 Q4,10,Oct,2022-10,Oct 2022,False,False
2022-10-24,20221024,False,2022,Q4,2022 Q4,10,Oct,2022-10,Oct 2022,False,False
2022-10-25,20221025,False,2022,Q4,2022 Q4,10,Oct,2022-10,Oct 2022,False,False
2022-10-26,20221026,False,2022,Q4,2022 Q4,10,Oct,2022-10,Oct 2022,False,False
2022-10-27,20221027,False,2022,Q4,2022 Q4,10,Oct,2022-10,Oct 2022,False,False
2022-10-28,20221028,False,2022,Q4,2022 Q4,10,Oct,2022-10,Oct 2022,False,False
2022-10-29,20221029,False,2022,Q4,2022 Q4,10,Oct,2022-10,Oct 2022,False,False
2022-10-30,20221030,False,2022,Q4,2022 Q4,10,Oct,2022-10,Oct 2022,False,False
2022-10-31,20221031,False,2022,Q4,2022 Q4,10,Oct,2022-10,Oct 2022,False,False
2022-11-01,20221101,True,2022,Q4,2022 Q4,11,Nov,2022-11,Nov 2022,False,False
2022-11-02,20221102,False,2022,Q4,2022 Q4,11,Nov,2022-11,Nov 2022,False,False
2022-11-03,20221103,False,2022,Q4,2022 Q4,11,Nov,2022-11,Nov 2022,False,False
2022-11-04,20221104,False,2022,Q4,2022 Q4,11,Nov,2022-11,Nov 2022,False,False
2022-11-05,20221105,False,2022,Q4,2022 Q4,11,Nov,2022-11,Nov 2022,False,False
2022-11-06,20221106,False,2022,Q4,2022 Q4,11,Nov,2022-11,Nov 2022,False,False
2022-11-07,20221107,False,2022,Q4,2022 Q4,11,Nov,2022-11,Nov 2022,False,False
2022-11-08,20221108,False,2022,Q4,2022 Q4,11,Nov,2022-11,Nov 2022,False,False
2022-11-09,20221109,False,2022,Q4,2022 Q4,11,Nov,2022-11,Nov 2022,False,False
2022-11-10,20221110,False,2022,Q4,2022 Q4,11,Nov,2022-11,Nov 2022,False,False
2022-11-11,20221111,False,2022,Q4,2022 Q4,11,Nov,2022-11,Nov 2022,False,False
2022-11-12,20221112,False,2022,Q4,2022 Q4,11,Nov,2022-11,Nov 2022,False,False
2022-11-13,20221113,False,2022,Q4,2022 Q4,11,Nov,2022-11,Nov 2022,False,False
2022-11-14,20221114,False,2022,Q4,2022 Q4,11,Nov,2022-11,Nov 2022,False,False
2022-11-15,20221115,False,2022,Q4,2022 Q4,11,Nov,2022-11,Nov 2022,False,False
2022-11-16,20221116,False,2022,Q4,2022 Q4,11,Nov,2022-11,Nov 2022,False,False
2022-11-17,20221117,False,2022,Q4,2022 Q4,11,Nov,2022-11,Nov 2022,False,False
2022-11-18,20221118,False,2022,Q4,2022 Q4,11,Nov,2022-11,Nov 2022,False,False
2022-11-19,20221119,False,2022,Q4,2022 Q4,11,Nov,2022-11,Nov 2022,False,False
2022-11-20,20221120,False,2022,Q4,2022 Q4,11,Nov,2022-11,Nov 2022,False,False
2022-11-21,20221121,False,2022,Q4,2022 Q4,11,Nov,2022-11,Nov 2022,False,False
2022-11-22,20221122,False,2022,Q4,2022 Q4,11,Nov,2022-11,Nov 2022,False,False
2022-11-23,20221123,False,2022,Q4,2022 Q4,11,Nov,2022-11,Nov 2022,False,False
2022-11-24,20221124,False,2022,Q4,2022 Q4,11,Nov,2022-11,Nov 2022,False,False
2022-11-25,20221125,False,2022,Q4,2022 Q4,11,Nov,2022-11,Nov 2022,False,False
2022-11-26,20221126,False,2022,Q4,2022 Q4,11,Nov,2022-11,Nov 2022,False,False
2022-11-27,20221127,False,2022,Q4,2022 Q4,11,Nov,2022-11,Nov 2022,False,False
2022-11-28,20221128,False,2022,Q4,2022 Q4,11,Nov,2022-11,Nov 2022,False,False
2022-11-29,20221129,False,2022,Q4,2022 Q4,11,Nov,2022-11,Nov 2022,False,False
2022-11-30,20221130,False,2022,Q4,2022 Q4,11,Nov,2022-11,Nov 2022,False,False
2022-12-01,20221201,True,2022,Q4,2022 Q4,12,Dec,2022-12,Dec 2022,False,False
2022-12-02,20221202,False,2022,Q4,2022 Q4,12,Dec,2022-12,Dec 2022,False,False
2022-12-03,20221203,False,2022,Q4,2022 Q4,12,Dec,2022-12,Dec 2022,False,False
2022-12-04,20221204,False,2022,Q4,2022 Q4,12,Dec,2022-12,Dec 2022,False,False
2022-12-05,20221205,False,2022,Q4,2022 Q4,12,Dec,2022-12,Dec 2022,False,False
2022-12-06,20221206,False,2022,Q4,2022 Q4,12,Dec,2022-12,Dec 2022,False,False
2022-12-07,20221207,False,2022,Q4,2022 Q4,12,Dec,2022-12,Dec 2022,False,False
2022-12-08,20221208,False,2022,Q4,2022 Q4,12,Dec,2022-12,Dec 2022,False,False
2022-12-09,20221209,False,2022,Q4,2022 Q4,12,Dec,2022-12,Dec 2022,False,False
2022-12-10,20221210,False,2022,Q4,2022 Q4,12,Dec,2022-12,Dec 2022,False,False
2022-12-11,20221211,False,2022,Q4,2022 Q4,12,Dec,2022-12,Dec 2022,False,False
2022-12-12,20221212,False,2022,Q4,2022 Q4,12,Dec,2022-12,Dec 2022,False,False
2022-12-13,20221213,False,2022,Q4,2022 Q4,12,Dec,2022-12,Dec 2022,False,False
2022-12-14,20221214,False,2022,Q4,2022 Q4,12,Dec,2022-12,Dec 2022,False,False
2022-12-15,20221215,False,2022,Q4,2022 Q4,12,Dec,2022-12,Dec 2022,False,False
2022-12-16,20221216,False,2022,Q4,2022 Q4,12,Dec,2022-12,Dec 2022,False,False
2022-12-17,20221217,False,2022,Q4,2022 Q4,12,Dec,2022-12,Dec 2022,False,False
2022-12-18,20221218,False,2022,Q4,2022 Q4,12,Dec,2022-12,Dec 2022,False,False
2022-12-19,20221219,False,2022,Q4,2022 Q4,12,Dec,2022-12,Dec 2022,False,False
2022-12-20,20221220,False,2022,Q4,2022 Q4,12,Dec,2022-12,Dec 2022,False,False
2022-12-21,20221221,False,2022,Q4,2022 Q4,12,Dec,2022-12,Dec 2022,False,False
2022-12-22,20221222,False,2022,Q4,2022 Q4,12,Dec,2022-12,Dec 2022,False,False
2022-12-23,20221223,False,2022,Q4,2022 Q4,12,Dec,2022-12,Dec 2022,False,False
2022-12-24,20221224,False,2022,Q4,2022 Q4,12,Dec,2022-12,Dec 2022,False,False
2022-12-25,20221225,False,2022,Q4,2022 Q4,12,Dec,2022-12,Dec 2022,False,False
2022-12-26,20221226,False,2022,Q4,2022 Q4,12,Dec,2022-12,Dec 2022,False,False
2022-12-27,20221227,False,2022,Q4,2022 Q4,12,Dec,2022-12,Dec 2022,False,False
2022-12-28,20221228,False,2022,Q4,2022 Q4,12,Dec,2022-12,Dec 2022,False,False
2022-12-29,20221229,False,2022,Q4,2022 Q4,12,Dec,2022-12,Dec 2022,False,False
2022-12-30,20221230,False,2022,Q4,2022 Q4,12,Dec,2022-12,Dec 2022,False,False
2022-12-31,20221231,False,2022,Q4,2022 Q4,12,Dec,2022-12,Dec 2022,False,False
2023-01-01,20230101,True,2023,Q1,2023 Q1,1,Jan,2023-01,Jan 2023,False,False
2023-01-02,20230102,False,2023,Q1,2023 Q1,1,Jan,2023-01,Jan 2023,False,False
2023-01-03,20230103,False,2023,Q1,2023 Q1,1,Jan,2023-01,Jan 2023,False,False
2023-01-04,20230104,False,2023,Q1,2023 Q1,1,Jan,2023-01,Jan 2023,False,False
2023-01-05,20230105,False,2023,Q1,2023 Q1,1,Jan,2023-01,Jan 2023,False,False
2023-01-06,20230106,False,2023,Q1,2023 Q1,1,Jan,2023-01,Jan 2023,False,False
2023-01-07,20230107,False,2023,Q1,2023 Q1,1,Jan,2023-01,Jan 2023,False,False
2023-01-08,20230108,False,2023,Q1,2023 Q1,1,Jan,2023-01,Jan 2023,False,False
2023-01-09,20230109,False,2023,Q1,2023 Q1,1,Jan,2023-01,Jan 2023,False,False
2023-01-10,20230110,False,2023,Q1,2023 Q1,1,Jan,2023-01,Jan 2023,False,False
2023-01-11,20230111,False,2023,Q1,2023 Q1,1,Jan,2023-01,Jan 2023,False,False
2023-01-12,20230112,False,2023,Q1,2023 Q1,1,Jan,2023-01,Jan 2023,False,False
2023-01-13,20230113,False,2023,Q1,2023 Q1,1,Jan,2023-01,Jan 2023,False,False
2023-01-14,20230114,False,2023,Q1,2023 Q1,1,Jan,2023-01,Jan 2023,False,False
2023-01-15,20230115,False,2023,Q1,2023 Q1,1,Jan,2023-01,Jan 2023,False,False
2023-01-16,20230116,False,2023,Q1,2023 Q1,1,Jan,2023-01,Jan 2023,False,False
2023-01-17,20230117,False,2023,Q1,2023 Q1,1,Jan,2023-01,Jan 2023,False,False
2023-01-18,20230118,False,2023,Q1,2023 Q1,1,Jan,2023-01,Jan 2023,False,False
2023-01-19,20230119,False,2023,Q1,2023 Q1,1,Jan,2023-01,Jan 2023,False,False
2023-01-20,20230120,False,2023,Q1,2023 Q1,1,Jan,2023-01,Jan 2023,False,False
2023-01-21,20230121,False,2023,Q1,2023 Q1,1,Jan,2023-01,Jan 2023,False,False
2023-01-22,20230122,False,2023,Q1,2023 Q1,1,Jan,2023-01,Jan 2023,False,False
2023-01-23,20230123,False,2023,Q1,2023 Q1,1,Jan,2023-01,Jan 2023,False,False
2023-01-24,20230124,False,2023,Q1,2023 Q1,1,Jan,2023-01,Jan 2023,False,False
2023-01-25,20230125,False,2023,Q1,2023 Q1,1,Jan,2023-01,Jan 2023,False,False
2023-01-26,20230126,False,2023,Q1,2023 Q1,1,Jan,2023-01,Jan 2023,False,False
2023-01-27,20230127,False,2023,Q1,2023 Q1,1,Jan,2023-01,Jan 2023,False,False
2023-01-28,20230128,False,2023,Q1,2023 Q1,1,Jan,2023-01,Jan 2023,False,False
2023-01-29,20230129,False,2023,Q1,2023 Q1,1,Jan,2023-01,Jan 2023,False,False
2023-01-30,20230130,False,2023,Q1,2023 Q1,1,Jan,2023-01,Jan 2023,False,False
2023-01-31,20230131,False,2023,Q1,2023 Q1,1,Jan,2023-01,Jan 2023,False,False
2023-02-01,20230201,True,2023,Q1,2023 Q1,2,Feb,2023-02,Feb 2023,False,False
2023-02-02,20230202,False,2023,Q1,2023 Q1,2,Feb,2023-02,Feb 2023,False,False
2023-02-03,20230203,False,2023,Q1,2023 Q1,2,Feb,2023-02,Feb 2023,False,False
2023-02-04,20230204,False,2023,Q1,2023 Q1,2,Feb,2023-02,Feb 2023,False,False
2023-02-05,20230205,False,2023,Q1,2023 Q1,2,Feb,2023-02,Feb 2023,False,False
2023-02-06,20230206,False,2023,Q1,2023 Q1,2,Feb,2023-02,Feb 2023,False,False
2023-02-07,20230207,False,2023,Q1,2023 Q1,2,Feb,2023-02,Feb 2023,False,False
2023-02-08,20230208,False,2023,Q1,2023 Q1,2,Feb,2023-02,Feb 2023,False,False
2023-02-09,20230209,False,2023,Q1,2023 Q1,2,Feb,2023-02,Feb 2023,False,False
2023-02-10,20230210,False,2023,Q1,2023 Q1,2,Feb,2023-02,Feb 2023,False,False
2023-02-11,20230211,False,2023,Q1,2023 Q1,2,Feb,2023-02,Feb 2023,False,False
2023-02-12,20230212,False,2023,Q1,2023 Q1,2,Feb,2023-02,Feb 2023,False,False
2023-02-13,20230213,False,2023,Q1,2023 Q1,2,Feb,2023-02,Feb 2023,False,False
2023-02-14,20230214,False,2023,Q1,2023 Q1,2,Feb,2023-02,Feb 2023,False,False
2023-02-15,20230215,False,2023,Q1,2023 Q1,2,Feb,2023-02,Feb 2023,False,False
2023-02-16,20230216,False,2023,Q1,2023 Q1,2,Feb,2023-02,Feb 2023,False,False
2023-02-17,20230217,False,2023,Q1,2023 Q1,2,Feb,2023-02,Feb 2023,False,False
2023-02-18,20230218,False,2023,Q1,2023 Q1,2,Feb,2023-02,Feb 2023,False,False
2023-02-19,20230219,False,2023,Q1,2023 Q1,2,Feb,2023-02,Feb 2023,False,False
2023-02-20,20230220,False,2023,Q1,2023 Q1,2,Feb,2023-02,Feb 2023,False,False
2023-02-21,20230221,False,2023,Q1,2023 Q1,2,Feb,2023-02,Feb 2023,False,False
2023-02-22,20230222,False,2023,Q1,2023 Q1,2,Feb,2023-02,Feb 2023,False,False
2023-02-23,20230223,False,2023,Q1,2023 Q1,2,Feb,2023-02,Feb 2023,False,False
2023-02-24,20230224,False,2023,Q1,2023 Q1,2,Feb,2023-02,Feb 2023,False,False
2023-02-25,20230225,False,2023,Q1,2023 Q1,2,Feb,2023-02,Feb 2023,False,False
2023-02-26,20230226,False,2023,Q1,2023 Q1,2,Feb,2023-02,Feb 2023,False,False
2023-02-27,20230227,False,2023,Q1,2023 Q1,2,Feb,2023-02,Feb 2023,False,False
2023-02-28,20230228,False,2023,Q1,2023 Q1,2,Feb,2023-02,Feb 2023,False,False
2023-03-01,20230301,True,2023,Q1,2023 Q1,3,Mar,2023-03,Mar 2023,False,False
2023-03-02,20230302,False,2023,Q1,2023 Q1,3,Mar,2023-03,Mar 2023,False,False
2023-03-03,20230303,False,2023,Q1,2023 Q1,3,Mar,2023-03,Mar 2023,False,False
2023-03-04,20230304,False,2023,Q1,2023 Q1,3,Mar,2023-03,Mar 2023,False,False
2023-03-05,20230305,False,2023,Q1,2023 Q1,3,Mar,2023-03,Mar 2023,False,False
2023-03-06,20230306,False,2023,Q1,2023 Q1,3,Mar,2023-03,Mar 2023,False,False
2023-03-07,20230307,False,2023,Q1,2023 Q1,3,Mar,2023-03,Mar 2023,False,False
2023-03-08,20230308,False,2023,Q1,2023 Q1,3,Mar,2023-03,Mar 2023,False,False
2023-03-09,20230309,False,2023,Q1,2023 Q1,3,Mar,2023-03,Mar 2023,False,False
2023-03-10,20230310,False,2023,Q1,2023 Q1,3,Mar,2023-03,Mar 2023,False,False
2023-03-11,20230311,False,2023,Q1,2023 Q1,3,Mar,2023-03,Mar 2023,False,False
2023-03-12,20230312,False,2023,Q1,2023 Q1,3,Mar,2023-03,Mar 2023,False,False
2023-03-13,20230313,False,2023,Q1,2023 Q1,3,Mar,2023-03,Mar 2023,False,False
2023-03-14,20230314,False,2023,Q1,2023 Q1,3,Mar,2023-03,Mar 2023,False,False
2023-03-15,20230315,False,2023,Q1,2023 Q1,3,Mar,2023-03,Mar 2023,False,False
2023-03-16,20230316,False,2023,Q1,2023 Q1,3,Mar,2023-03,Mar 2023,False,False
2023-03-17,20230317,False,2023,Q1,2023 Q1,3,Mar,2023-03,Mar 2023,False,False
2023-03-18,20230318,False,2023,Q1,2023 Q1,3,Mar,2023-03,Mar 2023,False,False
2023-03-19,20230319,False,2023,Q1,2023 Q1,3,Mar,2023-03,Mar 2023,False,False
2023-03-20,20230320,False,2023,Q1,2023 Q1,3,Mar,2023-03,Mar 2023,False,False
2023-03-21,20230321,False,2023,Q1,2023 Q1,3,Mar,2023-03,Mar 2023,False,False
2023-03-22,20230322,False,2023,Q1,2023 Q1,3,Mar,2023-03,Mar 2023,False,False
2023-03-23,20230323,False,2023,Q1,2023 Q1,3,Mar,2023-03,Mar 2023,False,False
2023-03-24,20230324,False,2023,Q1,2023 Q1,3,Mar,2023-03,Mar 2023,False,False
2023-03-25,20230325,False,2023,Q1,2023 Q1,3,Mar,2023-03,Mar 2023,False,False
2023-03-26,20230326,False,2023,Q1,2023 Q1,3,Mar,2023-03,Mar 2023,False,False
2023-03-27,20230327,False,2023,Q1,2023 Q1,3,Mar,2023-03,Mar 2023,False,False
2023-03-28,20230328,False,2023,Q1,2023 Q1,3,Mar,2023-03,Mar 2023,False,False
2023-03-29,20230329,False,2023,Q1,2023 Q1,3,Mar,2023-03,Mar 2023,False,False
2023-03-30,20230330,False,2023,Q1,2023 Q1,3,Mar,2023-03,Mar 2023,False,False
2023-03-31,20230331,False,2023,Q1,2023 Q1,3,Mar,2023-03,Mar 2023,False,False
2023-04-01,20230401,True,2023,Q2,2023 Q2,4,Apr,2023-04,Apr 2023,False,False
2023-04-02,20230402,False,2023,Q2,2023 Q2,4,Apr,2023-04,Apr 2023,False,False
2023-04-03,20230403,False,2023,Q2,2023 Q2,4,Apr,2023-04,Apr 2023,False,False
2023-04-04,20230404,False,2023,Q2,2023 Q2,4,Apr,2023-04,Apr 2023,False,False
2023-04-05,20230405,False,2023,Q2,2023 Q2,4,Apr,2023-04,Apr 2023,False,False
2023-04-06,20230406,False,2023,Q2,2023 Q2,4,Apr,2023-04,Apr 2023,False,False
2023-04-07,20230407,False,2023,Q2,2023 Q2,4,Apr,2023-04,Apr 2023,False,False
2023-04-08,20230408,False,2023,Q2,2023 Q2,4,Apr,2023-04,Apr 2023,False,False
2023-04-09,20230409,False,2023,Q2,2023 Q2,4,Apr,2023-04,Apr 2023,False,False
2023-04-10,20230410,False,2023,Q2,2023 Q2,4,Apr,2023-04,Apr 2023,False,False
2023-04-11,20230411,False,2023,Q2,2023 Q2,4,Apr,2023-04,Apr 2023,False,False
2023-04-12,20230412,False,2023,Q2,2023 Q2,4,Apr,2023-04,Apr 2023,False,False
2023-04-13,20230413,False,2023,Q2,2023 Q2,4,Apr,2023-04,Apr 2023,False,False
2023-04-14,20230414,False,2023,Q2,2023 Q2,4,Apr,2023-04,Apr 2023,False,False
2023-04-15,20230415,False,2023,Q2,2023 Q2,4,Apr,2023-04,Apr 2023,False,False
2023-04-16,20230416,False,2023,Q2,2023 Q2,4,Apr,2023-04,Apr 2023,False,False
2023-04-17,20230417,False,2023,Q2,2023 Q2,4,Apr,2023-04,Apr 2023,False,False
2023-04-18,20230418,False,2023,Q2,2023 Q2,4,Apr,2023-04,Apr 2023,False,False
2023-04-19,20230419,False,2023,Q2,2023 Q2,4,Apr,2023-04,Apr 2023,False,False
2023-04-20,20230420,False,2023,Q2,2023 Q2,4,Apr,2023-04,Apr 2023,False,False
2023-04-21,20230421,False,2023,Q2,2023 Q2,4,Apr,2023-04,Apr 2023,False,False
2023-04-22,20230422,False,2023,Q2,2023 Q2,4,Apr,2023-04,Apr 2023,False,False
2023-04-23,20230423,False,2023,Q2,2023 Q2,4,Apr,2023-04,Apr 2023,False,False
2023-04-24,20230424,False,2023,Q2,2023 Q2,4,Apr,2023-04,Apr 2023,False,False
2023-04-25,20230425,False,2023,Q2,2023 Q2,4,Apr,2023-04,Apr 2023,False,False
2023-04-26,20230426,False,2023,Q2,2023 Q2,4,Apr,2023-04,Apr 2023,False,False
2023-04-27,20230427,False,2023,Q2,2023 Q2,4,Apr,2023-04,Apr 2023,False,False
2023-04-28,20230428,False,2023,Q2,2023 Q2,4,Apr,2023-04,Apr 2023,False,False
2023-04-29,20230429,False,2023,Q2,2023 Q2,4,Apr,2023-04,Apr 2023,False,False
2023-04-30,20230430,False,2023,Q2,2023 Q2,4,Apr,2023-04,Apr 2023,False,False
2023-05-01,20230501,True,2023,Q2,2023 Q2,5,May,2023-05,May 2023,False,False
2023-05-02,20230502,False,2023,Q2,2023 Q2,5,May,2023-05,May 2023,False,False
2023-05-03,20230503,False,2023,Q2,2023 Q2,5,May,2023-05,May 2023,False,False
2023-05-04,20230504,False,2023,Q2,2023 Q2,5,May,2023-05,May 2023,False,False
2023-05-05,20230505,False,2023,Q2,2023 Q2,5,May,2023-05,May 2023,False,False
2023-05-06,20230506,False,2023,Q2,2023 Q2,5,May,2023-05,May 2023,False,False
2023-05-07,20230507,False,2023,Q2,2023 Q2,5,May,2023-05,May 2023,False,False
2023-05-08,20230508,False,2023,Q2,2023 Q2,5,May,2023-05,May 2023,False,False
2023-05-09,20230509,False,2023,Q2,2023 Q2,5,May,2023-05,May 2023,False,False
2023-05-10,20230510,False,2023,Q2,2023 Q2,5,May,2023-05,May 2023,False,False
2023-05-11,20230511,False,2023,Q2,2023 Q2,5,May,2023-05,May 2023,False,False
2023-05-12,20230512,False,2023,Q2,2023 Q2,5,May,2023-05,May 2023,False,False
2023-05-13,20230513,False,2023,Q2,2023 Q2,5,May,2023-05,May 2023,False,False
2023-05-14,20230514,False,2023,Q2,2023 Q2,5,May,2023-05,May 2023,False,False
2023-05-15,20230515,False,2023,Q2,2023 Q2,5,May,2023-05,May 2023,False,False
2023-05-16,20230516,False,2023,Q2,2023 Q2,5,May,2023-05,May 2023,False,False
2023-05-17,20230517,False,2023,Q2,2023 Q2,5,May,2023-05,May 2023,False,False
2023-05-18,20230518,False,2023,Q2,2023 Q2,5,May,2023-05,May 2023,False,False
2023-05-19,20230519,False,2023,Q2,2023 Q2,5,May,2023-05,May 2023,False,False
2023-05-20,20230520,False,2023,Q2,2023 Q2,5,May,2023-05,May 2023,False,False
2023-05-21,20230521,False,2023,Q2,2023 Q2,5,May,2023-05,May 2023,False,False
2023-05-22,20230522,False,2023,Q2,2023 Q2,5,May,2023-05,May 2023,False,False
2023-05-23,20230523,False,2023,Q2,2023 Q2,5,May,2023-05,May 2023,False,False
2023-05-24,20230524,False,2023,Q2,2023 Q2,5,May,2023-05,May 2023,False,False
2023-05-25,20230525,False,2023,Q2,2023 Q2,5,May,2023-05,May 2023,False,False
2023-05-26,20230526,False,2023,Q2,2023 Q2,5,May,2023-05,May 2023,False,False
2023-05-27,20230527,False,2023,Q2,2023 Q2,5,May,2023-05,May 2023,False,False
2023-05-28,20230528,False,2023,Q2,2023 Q2,5,May,2023-05,May 2023,False,False
2023-05-29,20230529,False,2023,Q2,2023 Q2,5,May,2023-05,May 2023,False,False
2023-05-30,20230530,False,2023,Q2,2023 Q2,5,May,2023-05,May 2023,False,False
2023-05-31,20230531,False,2023,Q2,2023 Q2,5,May,2023-05,May 2023,False,False
2023-06-01,20230601,True,2023,Q2,2023 Q2,6,Jun,2023-06,Jun 2023,False,False
2023-06-02,20230602,False,2023,Q2,2023 Q2,6,Jun,2023-06,Jun 2023,False,False
2023-06-03,20230603,False,2023,Q2,2023 Q2,6,Jun,2023-06,Jun 2023,False,False
2023-06-04,20230604,False,2023,Q2,2023 Q2,6,Jun,2023-06,Jun 2023,False,False
2023-06-05,20230605,False,2023,Q2,2023 Q2,6,Jun,2023-06,Jun 2023,False,False
2023-06-06,20230606,False,2023,Q2,2023 Q2,6,Jun,2023-06,Jun 2023,False,False
2023-06-07,20230607,False,2023,Q2,2023 Q2,6,Jun,2023-06,Jun 2023,False,False
2023-06-08,20230608,False,2023,Q2,2023 Q2,6,Jun,2023-06,Jun 2023,False,False
2023-06-09,20230609,False,2023,Q2,2023 Q2,6,Jun,2023-06,Jun 2023,False,False
2023-06-10,20230610,False,2023,Q2,2023 Q2,6,Jun,2023-06,Jun 2023,False,False
2023-06-11,20230611,False,2023,Q2,2023 Q2,6,Jun,2023-06,Jun 2023,False,False
2023-06-12,20230612,False,2023,Q2,2023 Q2,6,Jun,2023-06,Jun 2023,False,False
2023-06-13,20230613,False,2023,Q2,2023 Q2,6,Jun,2023-06,Jun 2023,False,False
2023-06-14,20230614,False,2023,Q2,2023 Q2,6,Jun,2023-06,Jun 2023,False,False
2023-06-15,20230615,False,2023,Q2,2023 Q2,6,Jun,2023-06,Jun 2023,False,False
2023-06-16,20230616,False,2023,Q2,2023 Q2,6,Jun,2023-06,Jun 2023,False,False
2023-06-17,20230617,False,2023,Q2,2023 Q2,6,Jun,2023-06,Jun 2023,False,False
2023-06-18,20230618,False,2023,Q2,2023 Q2,6,Jun,2023-06,Jun 2023,False,False
2023-06-19,20230619,False,2023,Q2,2023 Q2,6,Jun,2023-06,Jun 2023,False,False
2023-06-20,20230620,False,2023,Q2,2023 Q2,6,Jun,2023-06,Jun 2023,False,False
2023-06-21,20230621,False,2023,Q2,2023 Q2,6,Jun,2023-06,Jun 2023,False,False
2023-06-22,20230622,False,2023,Q2,2023 Q2,6,Jun,2023-06,Jun 2023,False,False
2023-06-23,20230623,False,2023,Q2,2023 Q2,6,Jun,2023-06,Jun 2023,False,False
2023-06-24,20230624,False,2023,Q2,2023 Q2,6,Jun,2023-06,Jun 2023,False,False
2023-06-25,20230625,False,2023,Q2,2023 Q2,6,Jun,2023-06,Jun 2023,False,False
2023-06-26,20230626,False,2023,Q2,2023 Q2,6,Jun,2023-06,Jun 2023,False,False
2023-06-27,20230627,False,2023,Q2,2023 Q2,6,Jun,2023-06,Jun 2023,False,False
2023-06-28,20230628,False,2023,Q2,2023 Q2,6,Jun,2023-06,Jun 2023,False,False
2023-06-29,20230629,False,2023,Q2,2023 Q2,6,Jun,2023-06,Jun 2023,False,False
2023-06-30,20230630,False,2023,Q2,2023 Q2,6,Jun,2023-06,Jun 2023,False,False
2023-07-01,20230701,True,2023,Q3,2023 Q3,7,Jul,2023-07,Jul 2023,False,False
2023-07-02,20230702,False,2023,Q3,2023 Q3,7,Jul,2023-07,Jul 2023,False,False
2023-07-03,20230703,False,2023,Q3,2023 Q3,7,Jul,2023-07,Jul 2023,False,False
2023-07-04,20230704,False,2023,Q3,2023 Q3,7,Jul,2023-07,Jul 2023,False,False
2023-07-05,20230705,False,2023,Q3,2023 Q3,7,Jul,2023-07,Jul 2023,False,False
2023-07-06,20230706,False,2023,Q3,2023 Q3,7,Jul,2023-07,Jul 2023,False,False
2023-07-07,20230707,False,2023,Q3,2023 Q3,7,Jul,2023-07,Jul 2023,False,False
2023-07-08,20230708,False,2023,Q3,2023 Q3,7,Jul,2023-07,Jul 2023,False,False
2023-07-09,20230709,False,2023,Q3,2023 Q3,7,Jul,2023-07,Jul 2023,False,False
2023-07-10,20230710,False,2023,Q3,2023 Q3,7,Jul,2023-07,Jul 2023,False,False
2023-07-11,20230711,False,2023,Q3,2023 Q3,7,Jul,2023-07,Jul 2023,False,False
2023-07-12,20230712,False,2023,Q3,2023 Q3,7,Jul,2023-07,Jul 2023,False,False
2023-07-13,20230713,False,2023,Q3,2023 Q3,7,Jul,2023-07,Jul 2023,False,False
2023-07-14,20230714,False,2023,Q3,2023 Q3,7,Jul,2023-07,Jul 2023,False,False
2023-07-15,20230715,False,2023,Q3,2023 Q3,7,Jul,2023-07,Jul 2023,False,False
2023-07-16,20230716,False,2023,Q3,2023 Q3,7,Jul,2023-07,Jul 2023,False,False
2023-07-17,20230717,False,2023,Q3,2023 Q3,7,Jul,2023-07,Jul 2023,False,False
2023-07-18,20230718,False,2023,Q3,2023 Q3,7,Jul,2023-07,Jul 2023,False,False
2023-07-19,20230719,False,2023,Q3,2023 Q3,7,Jul,2023-07,Jul 2023,False,False
2023-07-20,20230720,False,2023,Q3,2023 Q3,7,Jul,2023-07,Jul 2023,False,False
2023-07-21,20230721,False,2023,Q3,2023 Q3,7,Jul,2023-07,Jul 2023,False,False
2023-07-22,20230722,False,2023,Q3,2023 Q3,7,Jul,2023-07,Jul 2023,False,False
2023-07-23,20230723,False,2023,Q3,2023 Q3,7,Jul,2023-07,Jul 2023,False,False
2023-07-24,20230724,False,2023,Q3,2023 Q3,7,Jul,2023-07,Jul 2023,False,False
2023-07-25,20230725,False,2023,Q3,2023 Q3,7,Jul,2023-07,Jul 2023,False,False
2023-07-26,20230726,False,2023,Q3,2023 Q3,7,Jul,2023-07,Jul 2023,False,False
2023-07-27,20230727,False,2023,Q3,2023 Q3,7,Jul,2023-07,Jul 2023,False,False
2023-07-28,20230728,False,2023,Q3,2023 Q3,7,Jul,2023-07,Jul 2023,False,False
2023-07-29,20230729,False,2023,Q3,2023 Q3,7,Jul,2023-07,Jul 2023,False,False
2023-07-30,20230730,False,2023,Q3,2023 Q3,7,Jul,2023-07,Jul 2023,False,False
2023-07-31,20230731,False,2023,Q3,2023 Q3,7,Jul,2023-07,Jul 2023,False,False
2023-08-01,20230801,True,2023,Q3,2023 Q3,8,Aug,2023-08,Aug 2023,False,False
2023-08-02,20230802,False,2023,Q3,2023 Q3,8,Aug,2023-08,Aug 2023,False,False
2023-08-03,20230803,False,2023,Q3,2023 Q3,8,Aug,2023-08,Aug 2023,False,False
2023-08-04,20230804,False,2023,Q3,2023 Q3,8,Aug,2023-08,Aug 2023,False,False
2023-08-05,20230805,False,2023,Q3,2023 Q3,8,Aug,2023-08,Aug 2023,False,False
2023-08-06,20230806,False,2023,Q3,2023 Q3,8,Aug,2023-08,Aug 2023,False,False
2023-08-07,20230807,False,2023,Q3,2023 Q3,8,Aug,2023-08,Aug 2023,False,False
2023-08-08,20230808,False,2023,Q3,2023 Q3,8,Aug,2023-08,Aug 2023,False,False
2023-08-09,20230809,False,2023,Q3,2023 Q3,8,Aug,2023-08,Aug 2023,False,False
2023-08-10,20230810,False,2023,Q3,2023 Q3,8,Aug,2023-08,Aug 2023,False,False
2023-08-11,20230811,False,2023,Q3,2023 Q3,8,Aug,2023-08,Aug 2023,False,False
2023-08-12,20230812,False,2023,Q3,2023 Q3,8,Aug,2023-08,Aug 2023,False,False
2023-08-13,20230813,False,2023,Q3,2023 Q3,8,Aug,2023-08,Aug 2023,False,False
2023-08-14,20230814,False,2023,Q3,2023 Q3,8,Aug,2023-08,Aug 2023,False,False
2023-08-15,20230815,False,2023,Q3,2023 Q3,8,Aug,2023-08,Aug 2023,False,False
2023-08-16,20230816,False,2023,Q3,2023 Q3,8,Aug,2023-08,Aug 2023,False,False
2023-08-17,20230817,False,2023,Q3,2023 Q3,8,Aug,2023-08,Aug 2023,False,False
2023-08-18,20230818,False,2023,Q3,2023 Q3,8,Aug,2023-08,Aug 2023,False,False
2023-08-19,20230819,False,2023,Q3,2023 Q3,8,Aug,2023-08,Aug 2023,False,False
2023-08-20,20230820,False,2023,Q3,2023 Q3,8,Aug,2023-08,Aug 2023,False,False
2023-08-21,20230821,False,2023,Q3,2023 Q3,8,Aug,2023-08,Aug 2023,False,False
2023-08-22,20230822,False,2023,Q3,2023 Q3,8,Aug,2023-08,Aug 2023,False,False
2023-08-23,20230823,False,2023,Q3,2023 Q3,8,Aug,2023-08,Aug 2023,False,False
2023-08-24,20230824,False,2023,Q3,2023 Q3,8,Aug,2023-08,Aug 2023,False,False
2023-08-25,20230825,False,2023,Q3,2023 Q3,8,Aug,2023-08,Aug 2023,False,False
2023-08-26,20230826,False,2023,Q3,2023 Q3,8,Aug,2023-08,Aug 2023,False,False
2023-08-27,20230827,False,2023,Q3,2023 Q3,8,Aug,2023-08,Aug 2023,False,False
2023-08-28,20230828,False,2023,Q3,2023 Q3,8,Aug,2023-08,Aug 2023,False,False
2023-08-29,20230829,False,2023,Q3,2023 Q3,8,Aug,2023-08,Aug 2023,False,False
2023-08-30,20230830,False,2023,Q3,2023 Q3,8,Aug,2023-08,Aug 2023,False,False
2023-08-31,20230831,False,2023,Q3,2023 Q3,8,Aug,2023-08,Aug 2023,False,False
2023-09-01,20230901,True,2023,Q3,2023 Q3,9,Sep,2023-09,Sep 2023,False,False
2023-09-02,20230902,False,2023,Q3,2023 Q3,9,Sep,2023-09,Sep 2023,False,False
2023-09-03,20230903,False,2023,Q3,2023 Q3,9,Sep,2023-09,Sep 2023,False,False
2023-09-04,20230904,False,2023,Q3,2023 Q3,9,Sep,2023-09,Sep 2023,False,False
2023-09-05,20230905,False,2023,Q3,2023 Q3,9,Sep,2023-09,Sep 2023,False,False
2023-09-06,20230906,False,2023,Q3,2023 Q3,9,Sep,2023-09,Sep 2023,False,False
2023-09-07,20230907,False,2023,Q3,2023 Q3,9,Sep,2023-09,Sep 2023,False,False
2023-09-08,20230908,False,2023,Q3,2023 Q3,9,Sep,2023-09,Sep 2023,False,False
2023-09-09,20230909,False,2023,Q3,2023 Q3,9,Sep,2023-09,Sep 2023,False,False
2023-09-10,20230910,False,2023,Q3,2023 Q3,9,Sep,2023-09,Sep 2023,False,False
2023-09-11,20230911,False,2023,Q3,2023 Q3,9,Sep,2023-09,Sep 2023,False,False
2023-09-12,20230912,False,2023,Q3,2023 Q3,9,Sep,2023-09,Sep 2023,False,False
2023-09-13,20230913,False,2023,Q3,2023 Q3,9,Sep,2023-09,Sep 2023,False,False
2023-09-14,20230914,False,2023,Q3,2023 Q3,9,Sep,2023-09,Sep 2023,False,False
2023-09-15,20230915,False,2023,Q3,2023 Q3,9,Sep,2023-09,Sep 2023,False,False
2023-09-16,20230916,False,2023,Q3,2023 Q3,9,Sep,2023-09,Sep 2023,False,False
2023-09-17,20230917,False,2023,Q3,2023 Q3,9,Sep,2023-09,Sep 2023,False,False
2023-09-18,20230918,False,2023,Q3,2023 Q3,9,Sep,2023-09,Sep 2023,False,False
2023-09-19,20230919,False,2023,Q3,2023 Q3,9,Sep,2023-09,Sep 2023,False,False
2023-09-20,20230920,False,2023,Q3,2023 Q3,9,Sep,2023-09,Sep 2023,False,False
2023-09-21,20230921,False,2023,Q3,2023 Q3,9,Sep,2023-09,Sep 2023,False,False
2023-09-22,20230922,False,2023,Q3,2023 Q3,9,Sep,2023-09,Sep 2023,False,False
2023-09-23,20230923,False,2023,Q3,2023 Q3,9,Sep,2023-09,Sep 2023,False,False
2023-09-24,20230924,False,2023,Q3,2023 Q3,9,Sep,2023-09,Sep 2023,False,False
2023-09-25,20230925,False,2023,Q3,2023 Q3,9,Sep,2023-09,Sep 2023,False,False
2023-09-26,20230926,False,2023,Q3,2023 Q3,9,Sep,2023-09,Sep 2023,False,False
2023-09-27,20230927,False,2023,Q3,2023 Q3,9,Sep,2023-09,Sep 2023,False,False
2023-09-28,20230928,False,2023,Q3,2023 Q3,9,Sep,2023-09,Sep 2023,False,False
2023-09-29,20230929,False,2023,Q3,2023 Q3,9,Sep,2023-09,Sep 2023,False,False
2023-09-30,20230930,False,2023,Q3,2023 Q3,9,Sep,2023-09,Sep 2023,False,False
2023-10-01,20231001,True,2023,Q4,2023 Q4,10,Oct,2023-10,Oct 2023,False,False
2023-10-02,20231002,False,2023,Q4,2023 Q4,10,Oct,2023-10,Oct 2023,False,False
2023-10-03,20231003,False,2023,Q4,2023 Q4,10,Oct,2023-10,Oct 2023,False,False
2023-10-04,20231004,False,2023,Q4,2023 Q4,10,Oct,2023-10,Oct 2023,False,False
2023-10-05,20231005,False,2023,Q4,2023 Q4,10,Oct,2023-10,Oct 2023,False,False
2023-10-06,20231006,False,2023,Q4,2023 Q4,10,Oct,2023-10,Oct 2023,False,False
2023-10-07,20231007,False,2023,Q4,2023 Q4,10,Oct,2023-10,Oct 2023,False,False
2023-10-08,20231008,False,2023,Q4,2023 Q4,10,Oct,2023-10,Oct 2023,False,False
2023-10-09,20231009,False,2023,Q4,2023 Q4,10,Oct,2023-10,Oct 2023,False,False
2023-10-10,20231010,False,2023,Q4,2023 Q4,10,Oct,2023-10,Oct 2023,False,False
2023-10-11,20231011,False,2023,Q4,2023 Q4,10,Oct,2023-10,Oct 2023,False,False
2023-10-12,20231012,False,2023,Q4,2023 Q4,10,Oct,2023-10,Oct 2023,False,False
2023-10-13,20231013,False,2023,Q4,2023 Q4,10,Oct,2023-10,Oct 2023,False,False
2023-10-14,20231014,False,2023,Q4,2023 Q4,10,Oct,2023-10,Oct 2023,False,False
2023-10-15,20231015,False,2023,Q4,2023 Q4,10,Oct,2023-10,Oct 2023,False,False
2023-10-16,20231016,False,2023,Q4,2023 Q4,10,Oct,2023-10,Oct 2023,False,False
2023-10-17,20231017,False,2023,Q4,2023 Q4,10,Oct,2023-10,Oct 2023,False,False
2023-10-18,20231018,False,2023,Q4,2023 Q4,10,Oct,2023-10,Oct 2023,False,False
2023-10-19,20231019,False,2023,Q4,2023 Q4,10,Oct,2023-10,Oct 2023,False,False
2023-10-20,20231020,False,2023,Q4,2023 Q4,10,Oct,2023-10,Oct 2023,False,False
2023-10-21,20231021,False,2023,Q4,2023 Q4,10,Oct,2023-10,Oct 2023,False,False
2023-10-22,20231022,False,2023,Q4,2023 Q4,10,Oct,2023-10,Oct 2023,False,False
2023-10-23,20231023,False,2023,Q4,2023 Q4,10,Oct,2023-10,Oct 2023,False,False
2023-10-24,20231024,False,2023,Q4,2023 Q4,10,Oct,2023-10,Oct 2023,False,False
2023-10-25,20231025,False,2023,Q4,2023 Q4,10,Oct,2023-10,Oct 2023,False,False
2023-10-26,20231026,False,2023,Q4,2023 Q4,10,Oct,2023-10,Oct 2023,False,False
2023-10-27,20231027,False,2023,Q4,2023 Q4,10,Oct,2023-10,Oct 2023,False,False
2023-10-28,20231028,False,2023,Q4,2023 Q4,10,Oct,2023-10,Oct 2023,False,False
2023-10-29,20231029,False,2023,Q4,2023 Q4,10,Oct,2023-10,Oct 2023,False,False
2023-10-30,20231030,False,2023,Q4,2023 Q4,10,Oct,2023-10,Oct 2023,False,False
2023-10-31,20231031,False,2023,Q4,2023 Q4,10,Oct,2023-10,Oct 2023,False,False
2023-11-01,20231101,True,2023,Q4,2023 Q4,11,Nov,2023-11,Nov 2023,False,False
2023-11-02,20231102,False,2023,Q4,2023 Q4,11,Nov,2023-11,Nov 2023,False,False
2023-11-03,20231103,False,2023,Q4,2023 Q4,11,Nov,2023-11,Nov 2023,False,False
2023-11-04,20231104,False,2023,Q4,2023 Q4,11,Nov,2023-11,Nov 2023,False,False
2023-11-05,20231105,False,2023,Q4,2023 Q4,11,Nov,2023-11,Nov 2023,False,False
2023-11-06,20231106,False,2023,Q4,2023 Q4,11,Nov,2023-11,Nov 2023,False,False
2023-11-07,20231107,False,2023,Q4,2023 Q4,11,Nov,2023-11,Nov 2023,False,False
2023-11-08,20231108,False,2023,Q4,2023 Q4,11,Nov,2023-11,Nov 2023,False,False
2023-11-09,20231109,False,2023,Q4,2023 Q4,11,Nov,2023-11,Nov 2023,False,False
2023-11-10,20231110,False,2023,Q4,2023 Q4,11,Nov,2023-11,Nov 2023,False,False
2023-11-11,20231111,False,2023,Q4,2023 Q4,11,Nov,2023-11,Nov 2023,False,False
2023-11-12,20231112,False,2023,Q4,2023 Q4,11,Nov,2023-11,Nov 2023,False,False
2023-11-13,20231113,False,2023,Q4,2023 Q4,11,Nov,2023-11,Nov 2023,False,False
2023-11-14,20231114,False,2023,Q4,2023 Q4,11,Nov,2023-11,Nov 2023,False,False
2023-11-15,20231115,False,2023,Q4,2023 Q4,11,Nov,2023-11,Nov 2023,False,False
2023-11-16,20231116,False,2023,Q4,2023 Q4,11,Nov,2023-11,Nov 2023,False,False
2023-11-17,20231117,False,2023,Q4,2023 Q4,11,Nov,2023-11,Nov 2023,False,False
2023-11-18,20231118,False,2023,Q4,2023 Q4,11,Nov,2023-11,Nov 2023,False,False
2023-11-19,20231119,False,2023,Q4,2023 Q4,11,Nov,2023-11,Nov 2023,False,False
2023-11-20,20231120,False,2023,Q4,2023 Q4,11,Nov,2023-11,Nov 2023,False,False
2023-11-21,20231121,False,2023,Q4,2023 Q4,11,Nov,2023-11,Nov 2023,False,False
2023-11-22,20231122,False,2023,Q4,2023 Q4,11,Nov,2023-11,Nov 2023,False,False
2023-11-23,20231123,False,2023,Q4,2023 Q4,11,Nov,2023-11,Nov 2023,False,False
2023-11-24,20231124,False,2023,Q4,2023 Q4,11,Nov,2023-11,Nov 2023,False,False
2023-11-25,20231125,False,2023,Q4,2023 Q4,11,Nov,2023-11,Nov 2023,False,False
2023-11-26,20231126,False,2023,Q4,2023 Q4,11,Nov,2023-11,Nov 2023,False,False
2023-11-27,20231127,False,2023,Q4,2023 Q4,11,Nov,2023-11,Nov 2023,False,False
2023-11-28,20231128,False,2023,Q4,2023 Q4,11,Nov,2023-11,Nov 2023,False,False
2023-11-29,20231129,False,2023,Q4,2023 Q4,11,Nov,2023-11,Nov 2023,False,False
2023-11-30,20231130,False,2023,Q4,2023 Q4,11,Nov,2023-11,Nov 2023,False,False
2023-12-01,20231201,True,2023,Q4,2023 Q4,12,Dec,2023-12,Dec 2023,False,False
2023-12-02,20231202,False,2023,Q4,2023 Q4,12,Dec,2023-12,Dec 2023,False,False
2023-12-03,20231203,False,2023,Q4,2023 Q4,12,Dec,2023-12,Dec 2023,False,False
2023-12-04,20231204,False,2023,Q4,2023 Q4,12,Dec,2023-12,Dec 2023,False,False
2023-12-05,20231205,False,2023,Q4,2023 Q4,12,Dec,2023-12,Dec 2023,False,False
2023-12-06,20231206,False,2023,Q4,2023 Q4,12,Dec,2023-12,Dec 2023,False,False
2023-12-07,20231207,False,2023,Q4,2023 Q4,12,Dec,2023-12,Dec 2023,False,False
2023-12-08,20231208,False,2023,Q4,2023 Q4,12,Dec,2023-12,Dec 2023,False,False
2023-12-09,20231209,False,2023,Q4,2023 Q4,12,Dec,2023-12,Dec 2023,False,False
2023-12-10,20231210,False,2023,Q4,2023 Q4,12,Dec,2023-12,Dec 2023,False,False
2023-12-11,20231211,False,2023,Q4,2023 Q4,12,Dec,2023-12,Dec 2023,False,False
2023-12-12,20231212,False,2023,Q4,2023 Q4,12,Dec,2023-12,Dec 2023,False,False
2023-12-13,20231213,False,2023,Q4,2023 Q4,12,Dec,2023-12,Dec 2023,False,False
2023-12-14,20231214,False,2023,Q4,2023 Q4,12,Dec,2023-12,Dec 2023,False,False
2023-12-15,20231215,False,2023,Q4,2023 Q4,12,Dec,2023-12,Dec 2023,False,False
2023-12-16,20231216,False,2023,Q4,2023 Q4,12,Dec,2023-12,Dec 2023,False,False
2023-12-17,20231217,False,2023,Q4,2023 Q4,12,Dec,2023-12,Dec 2023,False,False
2023-12-18,20231218,False,2023,Q4,2023 Q4,12,Dec,2023-12,Dec 2023,False,False
2023-12-19,20231219,False,2023,Q4,2023 Q4,12,Dec,2023-12,Dec 2023,False,False
2023-12-20,20231220,False,2023,Q4,2023 Q4,12,Dec,2023-12,Dec 2023,False,False
2023-12-21,20231221,False,2023,Q4,2023 Q4,12,Dec,2023-12,Dec 2023,False,False
2023-12-22,20231222,False,2023,Q4,2023 Q4,12,Dec,2023-12,Dec 2023,False,False
2023-12-23,20231223,False,2023,Q4,2023 Q4,12,Dec,2023-12,Dec 2023,False,False
2023-12-24,20231224,False,2023,Q4,2023 Q4,12,Dec,2023-12,Dec 2023,False,False
2023-12-25,20231225,False,2023,Q4,2023 Q4,12,Dec,2023-12,Dec 2023,False,False
2023-12-26,20231226,False,2023,Q4,2023 Q4,12,Dec,2023-12,Dec 2023,False,False
2023-12-27,20231227,False,2023,Q4,2023 Q4,12,Dec,2023-12,Dec 2023,False,False
2023-12-28,20231228,False,2023,Q4,2023 Q4,12,Dec,2023-12,Dec 2023,False,False
2023-12-29,20231229,False,2023,Q4,2023 Q4,12,Dec,2023-12,Dec 2023,False,False
2023-12-30,20231230,False,2023,Q4,2023 Q4,12,Dec,2023-12,Dec 2023,False,False
2023-12-31,20231231,False,2023,Q4,2023 Q4,12,Dec,2023-12,Dec 2023,False,False
2024-01-01,20240101,True,2024,Q1,2024 Q1,1,Jan,2024-01,Jan 2024,False,False
2024-01-02,20240102,False,2024,Q1,2024 Q1,1,Jan,2024-01,Jan 2024,False,False
2024-01-03,20240103,False,2024,Q1,2024 Q1,1,Jan,2024-01,Jan 2024,False,False
2024-01-04,20240104,False,2024,Q1,2024 Q1,1,Jan,2024-01,Jan 2024,False,False
2024-01-05,20240105,False,2024,Q1,2024 Q1,1,Jan,2024-01,Jan 2024,False,False
2024-01-06,20240106,False,2024,Q1,2024 Q1,1,Jan,2024-01,Jan 2024,False,False
2024-01-07,20240107,False,2024,Q1,2024 Q1,1,Jan,2024-01,Jan 2024,False,False
2024-01-08,20240108,False,2024,Q1,2024 Q1,1,Jan,2024-01,Jan 2024,False,False
2024-01-09,20240109,False,2024,Q1,2024 Q1,1,Jan,2024-01,Jan 2024,False,False
2024-01-10,20240110,False,2024,Q1,2024 Q1,1,Jan,2024-01,Jan 2024,False,False
2024-01-11,20240111,False,2024,Q1,2024 Q1,1,Jan,2024-01,Jan 2024,False,False
2024-01-12,20240112,False,2024,Q1,2024 Q1,1,Jan,2024-01,Jan 2024,False,False
2024-01-13,20240113,False,2024,Q1,2024 Q1,1,Jan,2024-01,Jan 2024,False,False
2024-01-14,20240114,False,2024,Q1,2024 Q1,1,Jan,2024-01,Jan 2024,False,False
2024-01-15,20240115,False,2024,Q1,2024 Q1,1,Jan,2024-01,Jan 2024,False,False
2024-01-16,20240116,False,2024,Q1,2024 Q1,1,Jan,2024-01,Jan 2024,False,False
2024-01-17,20240117,False,2024,Q1,2024 Q1,1,Jan,2024-01,Jan 2024,False,False
2024-01-18,20240118,False,2024,Q1,2024 Q1,1,Jan,2024-01,Jan 2024,False,False
2024-01-19,20240119,False,2024,Q1,2024 Q1,1,Jan,2024-01,Jan 2024,False,False
2024-01-20,20240120,False,2024,Q1,2024 Q1,1,Jan,2024-01,Jan 2024,False,False
2024-01-21,20240121,False,2024,Q1,2024 Q1,1,Jan,2024-01,Jan 2024,False,False
2024-01-22,20240122,False,2024,Q1,2024 Q1,1,Jan,2024-01,Jan 2024,False,False
2024-01-23,20240123,False,2024,Q1,2024 Q1,1,Jan,2024-01,Jan 2024,False,False
2024-01-24,20240124,False,2024,Q1,2024 Q1,1,Jan,2024-01,Jan 2024,False,False
2024-01-25,20240125,False,2024,Q1,2024 Q1,1,Jan,2024-01,Jan 2024,False,False
2024-01-26,20240126,False,2024,Q1,2024 Q1,1,Jan,2024-01,Jan 2024,False,False
2024-01-27,20240127,False,2024,Q1,2024 Q1,1,Jan,2024-01,Jan 2024,False,False
2024-01-28,20240128,False,2024,Q1,2024 Q1,1,Jan,2024-01,Jan 2024,False,False
2024-01-29,20240129,False,2024,Q1,2024 Q1,1,Jan,2024-01,Jan 2024,False,False
2024-01-30,20240130,False,2024,Q1,2024 Q1,1,Jan,2024-01,Jan 2024,False,False
2024-01-31,20240131,False,2024,Q1,2024 Q1,1,Jan,2024-01,Jan 2024,False,False
2024-02-01,20240201,True,2024,Q1,2024 Q1,2,Feb,2024-02,Feb 2024,False,False
2024-02-02,20240202,False,2024,Q1,2024 Q1,2,Feb,2024-02,Feb 2024,False,False
2024-02-03,20240203,False,2024,Q1,2024 Q1,2,Feb,2024-02,Feb 2024,False,False
2024-02-04,20240204,False,2024,Q1,2024 Q1,2,Feb,2024-02,Feb 2024,False,False
2024-02-05,20240205,False,2024,Q1,2024 Q1,2,Feb,2024-02,Feb 2024,False,False
2024-02-06,20240206,False,2024,Q1,2024 Q1,2,Feb,2024-02,Feb 2024,False,False
2024-02-07,20240207,False,2024,Q1,2024 Q1,2,Feb,2024-02,Feb 2024,False,False
2024-02-08,20240208,False,2024,Q1,2024 Q1,2,Feb,2024-02,Feb 2024,False,False
2024-02-09,20240209,False,2024,Q1,2024 Q1,2,Feb,2024-02,Feb 2024,False,False
2024-02-10,20240210,False,2024,Q1,2024 Q1,2,Feb,2024-02,Feb 2024,False,False
2024-02-11,20240211,False,2024,Q1,2024 Q1,2,Feb,2024-02,Feb 2024,False,False
2024-02-12,20240212,False,2024,Q1,2024 Q1,2,Feb,2024-02,Feb 2024,False,False
2024-02-13,20240213,False,2024,Q1,2024 Q1,2,Feb,2024-02,Feb 2024,False,False
2024-02-14,20240214,False,2024,Q1,2024 Q1,2,Feb,2024-02,Feb 2024,False,False
2024-02-15,20240215,False,2024,Q1,2024 Q1,2,Feb,2024-02,Feb 2024,False,False
2024-02-16,20240216,False,2024,Q1,2024 Q1,2,Feb,2024-02,Feb 2024,False,False
2024-02-17,20240217,False,2024,Q1,2024 Q1,2,Feb,2024-02,Feb 2024,False,False
2024-02-18,20240218,False,2024,Q1,2024 Q1,2,Feb,2024-02,Feb 2024,False,False
2024-02-19,20240219,False,2024,Q1,2024 Q1,2,Feb,2024-02,Feb 2024,False,False
2024-02-20,20240220,False,2024,Q1,2024 Q1,2,Feb,2024-02,Feb 2024,False,False
2024-02-21,20240221,False,2024,Q1,2024 Q1,2,Feb,2024-02,Feb 2024,False,False
2024-02-22,20240222,False,2024,Q1,2024 Q1,2,Feb,2024-02,Feb 2024,False,False
2024-02-23,20240223,False,2024,Q1,2024 Q1,2,Feb,2024-02,Feb 2024,False,False
2024-02-24,20240224,False,2024,Q1,2024 Q1,2,Feb,2024-02,Feb 2024,False,False
2024-02-25,20240225,False,2024,Q1,2024 Q1,2,Feb,2024-02,Feb 2024,False,False
2024-02-26,20240226,False,2024,Q1,2024 Q1,2,Feb,2024-02,Feb 2024,False,False
2024-02-27,20240227,False,2024,Q1,2024 Q1,2,Feb,2024-02,Feb 2024,False,False
2024-02-28,20240228,False,2024,Q1,2024 Q1,2,Feb,2024-02,Feb 2024,False,False
2024-02-29,20240229,False,2024,Q1,2024 Q1,2,Feb,2024-02,Feb 2024,False,False
2024-03-01,20240301,True,2024,Q1,2024 Q1,3,Mar,2024-03,Mar 2024,False,False
2024-03-02,20240302,False,2024,Q1,2024 Q1,3,Mar,2024-03,Mar 2024,False,False
2024-03-03,20240303,False,2024,Q1,2024 Q1,3,Mar,2024-03,Mar 2024,False,False
2024-03-04,20240304,False,2024,Q1,2024 Q1,3,Mar,2024-03,Mar 2024,False,False
2024-03-05,20240305,False,2024,Q1,2024 Q1,3,Mar,2024-03,Mar 2024,False,False
2024-03-06,20240306,False,2024,Q1,2024 Q1,3,Mar,2024-03,Mar 2024,False,False
2024-03-07,20240307,False,2024,Q1,2024 Q1,3,Mar,2024-03,Mar 2024,False,False
2024-03-08,20240308,False,2024,Q1,2024 Q1,3,Mar,2024-03,Mar 2024,False,False
2024-03-09,20240309,False,2024,Q1,2024 Q1,3,Mar,2024-03,Mar 2024,False,False
2024-03-10,20240310,False,2024,Q1,2024 Q1,3,Mar,2024-03,Mar 2024,False,False
2024-03-11,20240311,False,2024,Q1,2024 Q1,3,Mar,2024-03,Mar 2024,False,False
2024-03-12,20240312,False,2024,Q1,2024 Q1,3,Mar,2024-03,Mar 2024,False,False
2024-03-13,20240313,False,2024,Q1,2024 Q1,3,Mar,2024-03,Mar 2024,False,False
2024-03-14,20240314,False,2024,Q1,2024 Q1,3,Mar,2024-03,Mar 2024,False,False
2024-03-15,20240315,False,2024,Q1,2024 Q1,3,Mar,2024-03,Mar 2024,False,False
2024-03-16,20240316,False,2024,Q1,2024 Q1,3,Mar,2024-03,Mar 2024,False,False
2024-03-17,20240317,False,2024,Q1,2024 Q1,3,Mar,2024-03,Mar 2024,False,False
2024-03-18,20240318,False,2024,Q1,2024 Q1,3,Mar,2024-03,Mar 2024,False,False
2024-03-19,20240319,False,2024,Q1,2024 Q1,3,Mar,2024-03,Mar 2024,False,False
2024-03-20,20240320,False,2024,Q1,2024 Q1,3,Mar,2024-03,Mar 2024,False,False
2024-03-21,20240321,False,2024,Q1,2024 Q1,3,Mar,2024-03,Mar 2024,False,False
2024-03-22,20240322,False,2024,Q1,2024 Q1,3,Mar,2024-03,Mar 2024,False,False
2024-03-23,20240323,False,2024,Q1,2024 Q1,3,Mar,2024-03,Mar 2024,False,False
2024-03-24,20240324,False,2024,Q1,2024 Q1,3,Mar,2024-03,Mar 2024,False,False
2024-03-25,20240325,False,2024,Q1,2024 Q1,3,Mar,2024-03,Mar 2024,False,False
2024-03-26,20240326,False,2024,Q1,2024 Q1,3,Mar,2024-03,Mar 2024,False,False
2024-03-27,20240327,False,2024,Q1,2024 Q1,3,Mar,2024-03,Mar 2024,False,False
2024-03-28,20240328,False,2024,Q1,2024 Q1,3,Mar,2024-03,Mar 2024,False,False
2024-03-29,20240329,False,2024,Q1,2024 Q1,3,Mar,2024-03,Mar 2024,False,False
2024-03-30,20240330,False,2024,Q1,2024 Q1,3,Mar,2024-03,Mar 2024,False,False
2024-03-31,20240331,False,2024,Q1,2024 Q1,3,Mar,2024-03,Mar 2024,False,False
2024-04-01,20240401,True,2024,Q2,2024 Q2,4,Apr,2024-04,Apr 2024,False,False
2024-04-02,20240402,False,2024,Q2,2024 Q2,4,Apr,2024-04,Apr 2024,False,False
2024-04-03,20240403,False,2024,Q2,2024 Q2,4,Apr,2024-04,Apr 2024,False,False
2024-04-04,20240404,False,2024,Q2,2024 Q2,4,Apr,2024-04,Apr 2024,False,False
2024-04-05,20240405,False,2024,Q2,2024 Q2,4,Apr,2024-04,Apr 2024,False,False
2024-04-06,20240406,False,2024,Q2,2024 Q2,4,Apr,2024-04,Apr 2024,False,False
2024-04-07,20240407,False,2024,Q2,2024 Q2,4,Apr,2024-04,Apr 2024,False,False
2024-04-08,20240408,False,2024,Q2,2024 Q2,4,Apr,2024-04,Apr 2024,False,False
2024-04-09,20240409,False,2024,Q2,2024 Q2,4,Apr,2024-04,Apr 2024,False,False
2024-04-10,20240410,False,2024,Q2,2024 Q2,4,Apr,2024-04,Apr 2024,False,False
2024-04-11,20240411,False,2024,Q2,2024 Q2,4,Apr,2024-04,Apr 2024,False,False
2024-04-12,20240412,False,2024,Q2,2024 Q2,4,Apr,2024-04,Apr 2024,False,False
2024-04-13,20240413,False,2024,Q2,2024 Q2,4,Apr,2024-04,Apr 2024,False,False
2024-04-14,20240414,False,2024,Q2,2024 Q2,4,Apr,2024-04,Apr 2024,False,False
2024-04-15,20240415,False,2024,Q2,2024 Q2,4,Apr,2024-04,Apr 2024,False,False
2024-04-16,20240416,False,2024,Q2,2024 Q2,4,Apr,2024-04,Apr 2024,False,False
2024-04-17,20240417,False,2024,Q2,2024 Q2,4,Apr,2024-04,Apr 2024,False,False
2024-04-18,20240418,False,2024,Q2,2024 Q2,4,Apr,2024-04,Apr 2024,False,False
2024-04-19,20240419,False,2024,Q2,2024 Q2,4,Apr,2024-04,Apr 2024,False,False
2024-04-20,20240420,False,2024,Q2,2024 Q2,4,Apr,2024-04,Apr 2024,False,False
2024-04-21,20240421,False,2024,Q2,2024 Q2,4,Apr,2024-04,Apr 2024,False,False
2024-04-22,20240422,False,2024,Q2,2024 Q2,4,Apr,2024-04,Apr 2024,False,False
2024-04-23,20240423,False,2024,Q2,2024 Q2,4,Apr,2024-04,Apr 2024,False,False
2024-04-24,20240424,False,2024,Q2,2024 Q2,4,Apr,2024-04,Apr 2024,False,False
2024-04-25,20240425,False,2024,Q2,2024 Q2,4,Apr,2024-04,Apr 2024,False,False
2024-04-26,20240426,False,2024,Q2,2024 Q2,4,Apr,2024-04,Apr 2024,False,False
2024-04-27,20240427,False,2024,Q2,2024 Q2,4,Apr,2024-04,Apr 2024,False,False
2024-04-28,20240428,False,2024,Q2,2024 Q2,4,Apr,2024-04,Apr 2024,False,False
2024-04-29,20240429,False,2024,Q2,2024 Q2,4,Apr,2024-04,Apr 2024,False,False
2024-04-30,20240430,False,2024,Q2,2024 Q2,4,Apr,2024-04,Apr 2024,False,False
2024-05-01,20240501,True,2024,Q2,2024 Q2,5,May,2024-05,May 2024,False,False
2024-05-02,20240502,False,2024,Q2,2024 Q2,5,May,2024-05,May 2024,False,False
2024-05-03,20240503,False,2024,Q2,2024 Q2,5,May,2024-05,May 2024,False,False
2024-05-04,20240504,False,2024,Q2,2024 Q2,5,May,2024-05,May 2024,False,False
2024-05-05,20240505,False,2024,Q2,2024 Q2,5,May,2024-05,May 2024,False,False
2024-05-06,20240506,False,2024,Q2,2024 Q2,5,May,2024-05,May 2024,False,False
2024-05-07,20240507,False,2024,Q2,2024 Q2,5,May,2024-05,May 2024,False,False
2024-05-08,20240508,False,2024,Q2,2024 Q2,5,May,2024-05,May 2024,False,False
2024-05-09,20240509,False,2024,Q2,2024 Q2,5,May,2024-05,May 2024,False,False
2024-05-10,20240510,False,2024,Q2,2024 Q2,5,May,2024-05,May 2024,False,False
2024-05-11,20240511,False,2024,Q2,2024 Q2,5,May,2024-05,May 2024,False,False
2024-05-12,20240512,False,2024,Q2,2024 Q2,5,May,2024-05,May 2024,False,False
2024-05-13,20240513,False,2024,Q2,2024 Q2,5,May,2024-05,May 2024,False,False
2024-05-14,20240514,False,2024,Q2,2024 Q2,5,May,2024-05,May 2024,False,False
2024-05-15,20240515,False,2024,Q2,2024 Q2,5,May,2024-05,May 2024,False,False
2024-05-16,20240516,False,2024,Q2,2024 Q2,5,May,2024-05,May 2024,False,False
2024-05-17,20240517,False,2024,Q2,2024 Q2,5,May,2024-05,May 2024,False,False
2024-05-18,20240518,False,2024,Q2,2024 Q2,5,May,2024-05,May 2024,False,False
2024-05-19,20240519,False,2024,Q2,2024 Q2,5,May,2024-05,May 2024,False,False
2024-05-20,20240520,False,2024,Q2,2024 Q2,5,May,2024-05,May 2024,False,False
2024-05-21,20240521,False,2024,Q2,2024 Q2,5,May,2024-05,May 2024,False,False
2024-05-22,20240522,False,2024,Q2,2024 Q2,5,May,2024-05,May 2024,False,False
2024-05-23,20240523,False,2024,Q2,2024 Q2,5,May,2024-05,May 2024,False,False
2024-05-24,20240524,False,2024,Q2,2024 Q2,5,May,2024-05,May 2024,False,False
2024-05-25,20240525,False,2024,Q2,2024 Q2,5,May,2024-05,May 2024,False,False
2024-05-26,20240526,False,2024,Q2,2024 Q2,5,May,2024-05,May 2024,False,False
2024-05-27,20240527,False,2024,Q2,2024 Q2,5,May,2024-05,May 2024,False,False
2024-05-28,20240528,False,2024,Q2,2024 Q2,5,May,2024-05,May 2024,False,False
2024-05-29,20240529,False,2024,Q2,2024 Q2,5,May,2024-05,May 2024,False,False
2024-05-30,20240530,False,2024,Q2,2024 Q2,5,May,2024-05,May 2024,False,False
2024-05-31,20240531,False,2024,Q2,2024 Q2,5,May,2024-05,May 2024,False,False
2024-06-01,20240601,True,2024,Q2,2024 Q2,6,Jun,2024-06,Jun 2024,False,False
2024-06-02,20240602,False,2024,Q2,2024 Q2,6,Jun,2024-06,Jun 2024,False,False
2024-06-03,20240603,False,2024,Q2,2024 Q2,6,Jun,2024-06,Jun 2024,False,False
2024-06-04,20240604,False,2024,Q2,2024 Q2,6,Jun,2024-06,Jun 2024,False,False
2024-06-05,20240605,False,2024,Q2,2024 Q2,6,Jun,2024-06,Jun 2024,False,False
2024-06-06,20240606,False,2024,Q2,2024 Q2,6,Jun,2024-06,Jun 2024,False,False
2024-06-07,20240607,False,2024,Q2,2024 Q2,6,Jun,2024-06,Jun 2024,False,False
2024-06-08,20240608,False,2024,Q2,2024 Q2,6,Jun,2024-06,Jun 2024,False,False
2024-06-09,20240609,False,2024,Q2,2024 Q2,6,Jun,2024-06,Jun 2024,False,False
2024-06-10,20240610,False,2024,Q2,2024 Q2,6,Jun,2024-06,Jun 2024,False,False
2024-06-11,20240611,False,2024,Q2,2024 Q2,6,Jun,2024-06,Jun 2024,False,False
2024-06-12,20240612,False,2024,Q2,2024 Q2,6,Jun,2024-06,Jun 2024,False,False
2024-06-13,20240613,False,2024,Q2,2024 Q2,6,Jun,2024-06,Jun 2024,False,False
2024-06-14,20240614,False,2024,Q2,2024 Q2,6,Jun,2024-06,Jun 2024,False,False
2024-06-15,20240615,False,2024,Q2,2024 Q2,6,Jun,2024-06,Jun 2024,False,False
2024-06-16,20240616,False,2024,Q2,2024 Q2,6,Jun,2024-06,Jun 2024,False,False
2024-06-17,20240617,False,2024,Q2,2024 Q2,6,Jun,2024-06,Jun 2024,False,False
2024-06-18,20240618,False,2024,Q2,2024 Q2,6,Jun,2024-06,Jun 2024,False,False
2024-06-19,20240619,False,2024,Q2,2024 Q2,6,Jun,2024-06,Jun 2024,False,False
2024-06-20,20240620,False,2024,Q2,2024 Q2,6,Jun,2024-06,Jun 2024,False,False
2024-06-21,20240621,False,2024,Q2,2024 Q2,6,Jun,2024-06,Jun 2024,False,False
2024-06-22,20240622,False,2024,Q2,2024 Q2,6,Jun,2024-06,Jun 2024,False,False
2024-06-23,20240623,False,2024,Q2,2024 Q2,6,Jun,2024-06,Jun 2024,False,False
2024-06-24,20240624,False,2024,Q2,2024 Q2,6,Jun,2024-06,Jun 2024,False,False
2024-06-25,20240625,False,2024,Q2,2024 Q2,6,Jun,2024-06,Jun 2024,False,False
2024-06-26,20240626,False,2024,Q2,2024 Q2,6,Jun,2024-06,Jun 2024,False,False
2024-06-27,20240627,False,2024,Q2,2024 Q2,6,Jun,2024-06,Jun 2024,False,False
2024-06-28,20240628,False,2024,Q2,2024 Q2,6,Jun,2024-06,Jun 2024,False,False
2024-06-29,20240629,False,2024,Q2,2024 Q2,6,Jun,2024-06,Jun 2024,False,False
2024-06-30,20240630,False,2024,Q2,2024 Q2,6,Jun,2024-06,Jun 2024,False,False
2024-07-01,20240701,True,2024,Q3,2024 Q3,7,Jul,2024-07,Jul 2024,False,False
2024-07-02,20240702,False,2024,Q3,2024 Q3,7,Jul,2024-07,Jul 2024,False,False
2024-07-03,20240703,False,2024,Q3,2024 Q3,7,Jul,2024-07,Jul 2024,False,False
2024-07-04,20240704,False,2024,Q3,2024 Q3,7,Jul,2024-07,Jul 2024,False,False
2024-07-05,20240705,False,2024,Q3,2024 Q3,7,Jul,2024-07,Jul 2024,False,False
2024-07-06,20240706,False,2024,Q3,2024 Q3,7,Jul,2024-07,Jul 2024,False,False
2024-07-07,20240707,False,2024,Q3,2024 Q3,7,Jul,2024-07,Jul 2024,False,False
2024-07-08,20240708,False,2024,Q3,2024 Q3,7,Jul,2024-07,Jul 2024,False,False
2024-07-09,20240709,False,2024,Q3,2024 Q3,7,Jul,2024-07,Jul 2024,False,False
2024-07-10,20240710,False,2024,Q3,2024 Q3,7,Jul,2024-07,Jul 2024,False,False
2024-07-11,20240711,False,2024,Q3,2024 Q3,7,Jul,2024-07,Jul 2024,False,False
2024-07-12,20240712,False,2024,Q3,2024 Q3,7,Jul,2024-07,Jul 2024,False,False
2024-07-13,20240713,False,2024,Q3,2024 Q3,7,Jul,2024-07,Jul 2024,False,False
2024-07-14,20240714,False,2024,Q3,2024 Q3,7,Jul,2024-07,Jul 2024,False,False
2024-07-15,20240715,False,2024,Q3,2024 Q3,7,Jul,2024-07,Jul 2024,False,False
2024-07-16,20240716,False,2024,Q3,2024 Q3,7,Jul,2024-07,Jul 2024,False,False
2024-07-17,20240717,False,2024,Q3,2024 Q3,7,Jul,2024-07,Jul 2024,False,False
2024-07-18,20240718,False,2024,Q3,2024 Q3,7,Jul,2024-07,Jul 2024,False,False
2024-07-19,20240719,False,2024,Q3,2024 Q3,7,Jul,2024-07,Jul 2024,False,False
2024-07-20,20240720,False,2024,Q3,2024 Q3,7,Jul,2024-07,Jul 2024,False,False
2024-07-21,20240721,False,2024,Q3,2024 Q3,7,Jul,2024-07,Jul 2024,False,False
2024-07-22,20240722,False,2024,Q3,2024 Q3,7,Jul,2024-07,Jul 2024,False,False
2024-07-23,20240723,False,2024,Q3,2024 Q3,7,Jul,2024-07,Jul 2024,False,False
2024-07-24,20240724,False,2024,Q3,2024 Q3,7,Jul,2024-07,Jul 2024,False,False
2024-07-25,20240725,False,2024,Q3,2024 Q3,7,Jul,2024-07,Jul 2024,False,False
2024-07-26,20240726,False,2024,Q3,2024 Q3,7,Jul,2024-07,Jul 2024,False,False
2024-07-27,20240727,False,2024,Q3,2024 Q3,7,Jul,2024-07,Jul 2024,False,False
2024-07-28,20240728,False,2024,Q3,2024 Q3,7,Jul,2024-07,Jul 2024,False,False
2024-07-29,20240729,False,2024,Q3,2024 Q3,7,Jul,2024-07,Jul 2024,False,False
2024-07-30,20240730,False,2024,Q3,2024 Q3,7,Jul,2024-07,Jul 2024,False,False
2024-07-31,20240731,False,2024,Q3,2024 Q3,7,Jul,2024-07,Jul 2024,False,False
2024-08-01,20240801,True,2024,Q3,2024 Q3,8,Aug,2024-08,Aug 2024,False,False
2024-08-02,20240802,False,2024,Q3,2024 Q3,8,Aug,2024-08,Aug 2024,False,False
2024-08-03,20240803,False,2024,Q3,2024 Q3,8,Aug,2024-08,Aug 2024,False,False
2024-08-04,20240804,False,2024,Q3,2024 Q3,8,Aug,2024-08,Aug 2024,False,False
2024-08-05,20240805,False,2024,Q3,2024 Q3,8,Aug,2024-08,Aug 2024,False,False
2024-08-06,20240806,False,2024,Q3,2024 Q3,8,Aug,2024-08,Aug 2024,False,False
2024-08-07,20240807,False,2024,Q3,2024 Q3,8,Aug,2024-08,Aug 2024,False,False
2024-08-08,20240808,False,2024,Q3,2024 Q3,8,Aug,2024-08,Aug 2024,False,False
2024-08-09,20240809,False,2024,Q3,2024 Q3,8,Aug,2024-08,Aug 2024,False,False
2024-08-10,20240810,False,2024,Q3,2024 Q3,8,Aug,2024-08,Aug 2024,False,False
2024-08-11,20240811,False,2024,Q3,2024 Q3,8,Aug,2024-08,Aug 2024,False,False
2024-08-12,20240812,False,2024,Q3,2024 Q3,8,Aug,2024-08,Aug 2024,False,False
2024-08-13,20240813,False,2024,Q3,2024 Q3,8,Aug,2024-08,Aug 2024,False,False
2024-08-14,20240814,False,2024,Q3,2024 Q3,8,Aug,2024-08,Aug 2024,False,False
2024-08-15,20240815,False,2024,Q3,2024 Q3,8,Aug,2024-08,Aug 2024,False,False
2024-08-16,20240816,False,2024,Q3,2024 Q3,8,Aug,2024-08,Aug 2024,False,False
2024-08-17,20240817,False,2024,Q3,2024 Q3,8,Aug,2024-08,Aug 2024,False,False
2024-08-18,20240818,False,2024,Q3,2024 Q3,8,Aug,2024-08,Aug 2024,False,False
2024-08-19,20240819,False,2024,Q3,2024 Q3,8,Aug,2024-08,Aug 2024,False,False
2024-08-20,20240820,False,2024,Q3,2024 Q3,8,Aug,2024-08,Aug 2024,False,False
2024-08-21,20240821,False,2024,Q3,2024 Q3,8,Aug,2024-08,Aug 2024,False,False
2024-08-22,20240822,False,2024,Q3,2024 Q3,8,Aug,2024-08,Aug 2024,False,False
2024-08-23,20240823,False,2024,Q3,2024 Q3,8,Aug,2024-08,Aug 2024,False,False
2024-08-24,20240824,False,2024,Q3,2024 Q3,8,Aug,2024-08,Aug 2024,False,False
2024-08-25,20240825,False,2024,Q3,2024 Q3,8,Aug,2024-08,Aug 2024,False,False
2024-08-26,20240826,False,2024,Q3,2024 Q3,8,Aug,2024-08,Aug 2024,False,False
2024-08-27,20240827,False,2024,Q3,2024 Q3,8,Aug,2024-08,Aug 2024,False,False
2024-08-28,20240828,False,2024,Q3,2024 Q3,8,Aug,2024-08,Aug 2024,False,False
2024-08-29,20240829,False,2024,Q3,2024 Q3,8,Aug,2024-08,Aug 2024,False,False
2024-08-30,20240830,False,2024,Q3,2024 Q3,8,Aug,2024-08,Aug 2024,False,False
2024-08-31,20240831,False,2024,Q3,2024 Q3,8,Aug,2024-08,Aug 2024,False,False
2024-09-01,20240901,True,2024,Q3,2024 Q3,9,Sep,2024-09,Sep 2024,False,False
2024-09-02,20240902,False,2024,Q3,2024 Q3,9,Sep,2024-09,Sep 2024,False,False
2024-09-03,20240903,False,2024,Q3,2024 Q3,9,Sep,2024-09,Sep 2024,False,False
2024-09-04,20240904,False,2024,Q3,2024 Q3,9,Sep,2024-09,Sep 2024,False,False
2024-09-05,20240905,False,2024,Q3,2024 Q3,9,Sep,2024-09,Sep 2024,False,False
2024-09-06,20240906,False,2024,Q3,2024 Q3,9,Sep,2024-09,Sep 2024,False,False
2024-09-07,20240907,False,2024,Q3,2024 Q3,9,Sep,2024-09,Sep 2024,False,False
2024-09-08,20240908,False,2024,Q3,2024 Q3,9,Sep,2024-09,Sep 2024,False,False
2024-09-09,20240909,False,2024,Q3,2024 Q3,9,Sep,2024-09,Sep 2024,False,False
2024-09-10,20240910,False,2024,Q3,2024 Q3,9,Sep,2024-09,Sep 2024,False,False
2024-09-11,20240911,False,2024,Q3,2024 Q3,9,Sep,2024-09,Sep 2024,False,False
2024-09-12,20240912,False,2024,Q3,2024 Q3,9,Sep,2024-09,Sep 2024,False,False
2024-09-13,20240913,False,2024,Q3,2024 Q3,9,Sep,2024-09,Sep 2024,False,False
2024-09-14,20240914,False,2024,Q3,2024 Q3,9,Sep,2024-09,Sep 2024,False,False
2024-09-15,20240915,False,2024,Q3,2024 Q3,9,Sep,2024-09,Sep 2024,False,False
2024-09-16,20240916,False,2024,Q3,2024 Q3,9,Sep,2024-09,Sep 2024,False,False
2024-09-17,20240917,False,2024,Q3,2024 Q3,9,Sep,2024-09,Sep 2024,False,False
2024-09-18,20240918,False,2024,Q3,2024 Q3,9,Sep,2024-09,Sep 2024,False,False
2024-09-19,20240919,False,2024,Q3,2024 Q3,9,Sep,2024-09,Sep 2024,False,False
2024-09-20,20240920,False,2024,Q3,2024 Q3,9,Sep,2024-09,Sep 2024,False,False
2024-09-21,20240921,False,2024,Q3,2024 Q3,9,Sep,2024-09,Sep 2024,False,False
2024-09-22,20240922,False,2024,Q3,2024 Q3,9,Sep,2024-09,Sep 2024,False,False
2024-09-23,20240923,False,2024,Q3,2024 Q3,9,Sep,2024-09,Sep 2024,False,False
2024-09-24,20240924,False,2024,Q3,2024 Q3,9,Sep,2024-09,Sep 2024,False,False
2024-09-25,20240925,False,2024,Q3,2024 Q3,9,Sep,2024-09,Sep 2024,False,False
2024-09-26,20240926,False,2024,Q3,2024 Q3,9,Sep,2024-09,Sep 2024,False,False
2024-09-27,20240927,False,2024,Q3,2024 Q3,9,Sep,2024-09,Sep 2024,False,False
2024-09-28,20240928,False,2024,Q3,2024 Q3,9,Sep,2024-09,Sep 2024,False,False
2024-09-29,20240929,False,2024,Q3,2024 Q3,9,Sep,2024-09,Sep 2024,False,False
2024-09-30,20240930,False,2024,Q3,2024 Q3,9,Sep,2024-09,Sep 2024,False,False
2024-10-01,20241001,True,2024,Q4,2024 Q4,10,Oct,2024-10,Oct 2024,False,False
2024-10-02,20241002,False,2024,Q4,2024 Q4,10,Oct,2024-10,Oct 2024,False,False
2024-10-03,20241003,False,2024,Q4,2024 Q4,10,Oct,2024-10,Oct 2024,False,False
2024-10-04,20241004,False,2024,Q4,2024 Q4,10,Oct,2024-10,Oct 2024,False,False
2024-10-05,20241005,False,2024,Q4,2024 Q4,10,Oct,2024-10,Oct 2024,False,False
2024-10-06,20241006,False,2024,Q4,2024 Q4,10,Oct,2024-10,Oct 2024,False,False
2024-10-07,20241007,False,2024,Q4,2024 Q4,10,Oct,2024-10,Oct 2024,False,False
2024-10-08,20241008,False,2024,Q4,2024 Q4,10,Oct,2024-10,Oct 2024,False,False
2024-10-09,20241009,False,2024,Q4,2024 Q4,10,Oct,2024-10,Oct 2024,False,False
2024-10-10,20241010,False,2024,Q4,2024 Q4,10,Oct,2024-10,Oct 2024,False,False
2024-10-11,20241011,False,2024,Q4,2024 Q4,10,Oct,2024-10,Oct 2024,False,False
2024-10-12,20241012,False,2024,Q4,2024 Q4,10,Oct,2024-10,Oct 2024,False,False
2024-10-13,20241013,False,2024,Q4,2024 Q4,10,Oct,2024-10,Oct 2024,False,False
2024-10-14,20241014,False,2024,Q4,2024 Q4,10,Oct,2024-10,Oct 2024,False,False
2024-10-15,20241015,False,2024,Q4,2024 Q4,10,Oct,2024-10,Oct 2024,False,False
2024-10-16,20241016,False,2024,Q4,2024 Q4,10,Oct,2024-10,Oct 2024,False,False
2024-10-17,20241017,False,2024,Q4,2024 Q4,10,Oct,2024-10,Oct 2024,False,False
2024-10-18,20241018,False,2024,Q4,2024 Q4,10,Oct,2024-10,Oct 2024,False,False
2024-10-19,20241019,False,2024,Q4,2024 Q4,10,Oct,2024-10,Oct 2024,False,False
2024-10-20,20241020,False,2024,Q4,2024 Q4,10,Oct,2024-10,Oct 2024,False,False
2024-10-21,20241021,False,2024,Q4,2024 Q4,10,Oct,2024-10,Oct 2024,False,False
2024-10-22,20241022,False,2024,Q4,2024 Q4,10,Oct,2024-10,Oct 2024,False,False
2024-10-23,20241023,False,2024,Q4,2024 Q4,10,Oct,2024-10,Oct 2024,False,False
2024-10-24,20241024,False,2024,Q4,2024 Q4,10,Oct,2024-10,Oct 2024,False,False
2024-10-25,20241025,False,2024,Q4,2024 Q4,10,Oct,2024-10,Oct 2024,False,False
2024-10-26,20241026,False,2024,Q4,2024 Q4,10,Oct,2024-10,Oct 2024,False,False
2024-10-27,20241027,False,2024,Q4,2024 Q4,10,Oct,2024-10,Oct 2024,False,False
2024-10-28,20241028,False,2024,Q4,2024 Q4,10,Oct,2024-10,Oct 2024,False,False
2024-10-29,20241029,False,2024,Q4,2024 Q4,10,Oct,2024-10,Oct 2024,False,False
2024-10-30,20241030,False,2024,Q4,2024 Q4,10,Oct,2024-10,Oct 2024,False,False
2024-10-31,20241031,False,2024,Q4,2024 Q4,10,Oct,2024-10,Oct 2024,False,False
2024-11-01,20241101,True,2024,Q4,2024 Q4,11,Nov,2024-11,Nov 2024,False,False
2024-11-02,20241102,False,2024,Q4,2024 Q4,11,Nov,2024-11,Nov 2024,False,False
2024-11-03,20241103,False,2024,Q4,2024 Q4,11,Nov,2024-11,Nov 2024,False,False
2024-11-04,20241104,False,2024,Q4,2024 Q4,11,Nov,2024-11,Nov 2024,False,False
2024-11-05,20241105,False,2024,Q4,2024 Q4,11,Nov,2024-11,Nov 2024,False,False
2024-11-06,20241106,False,2024,Q4,2024 Q4,11,Nov,2024-11,Nov 2024,False,False
2024-11-07,20241107,False,2024,Q4,2024 Q4,11,Nov,2024-11,Nov 2024,False,False
2024-11-08,20241108,False,2024,Q4,2024 Q4,11,Nov,2024-11,Nov 2024,False,False
2024-11-09,20241109,False,2024,Q4,2024 Q4,11,Nov,2024-11,Nov 2024,False,False
2024-11-10,20241110,False,2024,Q4,2024 Q4,11,Nov,2024-11,Nov 2024,False,False
2024-11-11,20241111,False,2024,Q4,2024 Q4,11,Nov,2024-11,Nov 2024,False,False
2024-11-12,20241112,False,2024,Q4,2024 Q4,11,Nov,2024-11,Nov 2024,False,False
2024-11-13,20241113,False,2024,Q4,2024 Q4,11,Nov,2024-11,Nov 2024,False,False
2024-11-14,20241114,False,2024,Q4,2024 Q4,11,Nov,2024-11,Nov 2024,False,False
2024-11-15,20241115,False,2024,Q4,2024 Q4,11,Nov,2024-11,Nov 2024,False,False
2024-11-16,20241116,False,2024,Q4,2024 Q4,11,Nov,2024-11,Nov 2024,False,False
2024-11-17,20241117,False,2024,Q4,2024 Q4,11,Nov,2024-11,Nov 2024,False,False
2024-11-18,20241118,False,2024,Q4,2024 Q4,11,Nov,2024-11,Nov 2024,False,False
2024-11-19,20241119,False,2024,Q4,2024 Q4,11,Nov,2024-11,Nov 2024,False,False
2024-11-20,20241120,False,2024,Q4,2024 Q4,11,Nov,2024-11,Nov 2024,False,False
2024-11-21,20241121,False,2024,Q4,2024 Q4,11,Nov,2024-11,Nov 2024,False,False
2024-11-22,20241122,False,2024,Q4,2024 Q4,11,Nov,2024-11,Nov 2024,False,False
2024-11-23,20241123,False,2024,Q4,2024 Q4,11,Nov,2024-11,Nov 2024,False,False
2024-11-24,20241124,False,2024,Q4,2024 Q4,11,Nov,2024-11,Nov 2024,False,False
2024-11-25,20241125,False,2024,Q4,2024 Q4,11,Nov,2024-11,Nov 2024,False,False
2024-11-26,20241126,False,2024,Q4,2024 Q4,11,Nov,2024-11,Nov 2024,False,False
2024-11-27,20241127,False,2024,Q4,2024 Q4,11,Nov,2024-11,Nov 2024,False,False
2024-11-28,20241128,False,2024,Q4,2024 Q4,11,Nov,2024-11,Nov 2024,False,False
2024-11-29,20241129,False,2024,Q4,2024 Q4,11,Nov,2024-11,Nov 2024,False,False
2024-11-30,20241130,False,2024,Q4,2024 Q4,11,Nov,2024-11,Nov 2024,False,False
2024-12-01,20241201,True,2024,Q4,2024 Q4,12,Dec,2024-12,Dec 2024,False,False
2024-12-02,20241202,False,2024,Q4,2024 Q4,12,Dec,2024-12,Dec 2024,False,False
2024-12-03,20241203,False,2024,Q4,2024 Q4,12,Dec,2024-12,Dec 2024,False,False
2024-12-04,20241204,False,2024,Q4,2024 Q4,12,Dec,2024-12,Dec 2024,False,False
2024-12-05,20241205,False,2024,Q4,2024 Q4,12,Dec,2024-12,Dec 2024,False,False
2024-12-06,20241206,False,2024,Q4,2024 Q4,12,Dec,2024-12,Dec 2024,False,False
2024-12-07,20241207,False,2024,Q4,2024 Q4,12,Dec,2024-12,Dec 2024,False,False
2024-12-08,20241208,False,2024,Q4,2024 Q4,12,Dec,2024-12,Dec 2024,False,False
2024-12-09,20241209,False,2024,Q4,2024 Q4,12,Dec,2024-12,Dec 2024,False,False
2024-12-10,20241210,False,2024,Q4,2024 Q4,12,Dec,2024-12,Dec 2024,False,False
2024-12-11,20241211,False,2024,Q4,2024 Q4,12,Dec,2024-12,Dec 2024,False,False
2024-12-12,20241212,False,2024,Q4,2024 Q4,12,Dec,2024-12,Dec 2024,False,False
2024-12-13,20241213,False,2024,Q4,2024 Q4,12,Dec,2024-12,Dec 2024,False,False
2024-12-14,20241214,False,2024,Q4,2024 Q4,12,Dec,2024-12,Dec 2024,False,False
2024-12-15,20241215,False,2024,Q4,2024 Q4,12,Dec,2024-12,Dec 2024,False,False
2024-12-16,20241216,False,2024,Q4,2024 Q4,12,Dec,2024-12,Dec 2024,False,False
2024-12-17,20241217,False,2024,Q4,2024 Q4,12,Dec,2024-12,Dec 2024,False,False
2024-12-18,20241218,False,2024,Q4,2024 Q4,12,Dec,2024-12,Dec 2024,False,False
2024-12-19,20241219,False,2024,Q4,2024 Q4,12,Dec,2024-12,Dec 2024,False,False
2024-12-20,20241220,False,2024,Q4,2024 Q4,12,Dec,2024-12,Dec 2024,False,False
2024-12-21,20241221,False,2024,Q4,2024 Q4,12,Dec,2024-12,Dec 2024,False,False
2024-12-22,20241222,False,2024,Q4,2024 Q4,12,Dec,2024-12,Dec 2024,False,False
2024-12-23,20241223,False,2024,Q4,2024 Q4,12,Dec,2024-12,Dec 2024,False,False
2024-12-24,20241224,False,2024,Q4,2024 Q4,12,Dec,2024-12,Dec 2024,False,False
2024-12-25,20241225,False,2024,Q4,2024 Q4,12,Dec,2024-12,Dec 2024,False,False
2024-12-26,20241226,False,2024,Q4,2024 Q4,12,Dec,2024-12,Dec 2024,False,False
2024-12-27,20241227,False,2024,Q4,2024 Q4,12,Dec,2024-12,Dec 2024,False,False
2024-12-28,20241228,False,2024,Q4,2024 Q4,12,Dec,2024-12,Dec 2024,False,False
2024-12-29,20241229,False,2024,Q4,2024 Q4,12,Dec,2024-12,Dec 2024,False,False
2024-12-30,20241230,False,2024,Q4,2024 Q4,12,Dec,2024-12,Dec 2024,False,False
2024-12-31,20241231,False,2024,Q4,2024 Q4,12,Dec,2024-12,Dec 2024,False,False
2025-01-01,20250101,True,2025,Q1,2025 Q1,1,Jan,2025-01,Jan 2025,False,False
2025-01-02,20250102,False,2025,Q1,2025 Q1,1,Jan,2025-01,Jan 2025,False,False
2025-01-03,20250103,False,2025,Q1,2025 Q1,1,Jan,2025-01,Jan 2025,False,False
2025-01-04,20250104,False,2025,Q1,2025 Q1,1,Jan,2025-01,Jan 2025,False,False
2025-01-05,20250105,False,2025,Q1,2025 Q1,1,Jan,2025-01,Jan 2025,False,False
2025-01-06,20250106,False,2025,Q1,2025 Q1,1,Jan,2025-01,Jan 2025,False,False
2025-01-07,20250107,False,2025,Q1,2025 Q1,1,Jan,2025-01,Jan 2025,False,False
2025-01-08,20250108,False,2025,Q1,2025 Q1,1,Jan,2025-01,Jan 2025,False,False
2025-01-09,20250109,False,2025,Q1,2025 Q1,1,Jan,2025-01,Jan 2025,False,False
2025-01-10,20250110,False,2025,Q1,2025 Q1,1,Jan,2025-01,Jan 2025,False,False
2025-01-11,20250111,False,2025,Q1,2025 Q1,1,Jan,2025-01,Jan 2025,False,False
2025-01-12,20250112,False,2025,Q1,2025 Q1,1,Jan,2025-01,Jan 2025,False,False
2025-01-13,20250113,False,2025,Q1,2025 Q1,1,Jan,2025-01,Jan 2025,False,False
2025-01-14,20250114,False,2025,Q1,2025 Q1,1,Jan,2025-01,Jan 2025,False,False
2025-01-15,20250115,False,2025,Q1,2025 Q1,1,Jan,2025-01,Jan 2025,False,False
2025-01-16,20250116,False,2025,Q1,2025 Q1,1,Jan,2025-01,Jan 2025,False,False
2025-01-17,20250117,False,2025,Q1,2025 Q1,1,Jan,2025-01,Jan 2025,False,False
2025-01-18,20250118,False,2025,Q1,2025 Q1,1,Jan,2025-01,Jan 2025,False,False
2025-01-19,20250119,False,2025,Q1,2025 Q1,1,Jan,2025-01,Jan 2025,False,False
2025-01-20,20250120,False,2025,Q1,2025 Q1,1,Jan,2025-01,Jan 2025,False,False
2025-01-21,20250121,False,2025,Q1,2025 Q1,1,Jan,2025-01,Jan 2025,False,False
2025-01-22,20250122,False,2025,Q1,2025 Q1,1,Jan,2025-01,Jan 2025,False,False
2025-01-23,20250123,False,2025,Q1,2025 Q1,1,Jan,2025-01,Jan 2025,False,False
2025-01-24,20250124,False,2025,Q1,2025 Q1,1,Jan,2025-01,Jan 2025,False,False
2025-01-25,20250125,False,2025,Q1,2025 Q1,1,Jan,2025-01,Jan 2025,False,False
2025-01-26,20250126,False,2025,Q1,2025 Q1,1,Jan,2025-01,Jan 2025,False,False
2025-01-27,20250127,False,2025,Q1,2025 Q1,1,Jan,2025-01,Jan 2025,False,False
2025-01-28,20250128,False,2025,Q1,2025 Q1,1,Jan,2025-01,Jan 2025,False,False
2025-01-29,20250129,False,2025,Q1,2025 Q1,1,Jan,2025-01,Jan 2025,False,False
2025-01-30,20250130,False,2025,Q1,2025 Q1,1,Jan,2025-01,Jan 2025,False,False
2025-01-31,20250131,False,2025,Q1,2025 Q1,1,Jan,2025-01,Jan 2025,False,False
2025-02-01,20250201,True,2025,Q1,2025 Q1,2,Feb,2025-02,Feb 2025,False,False
2025-02-02,20250202,False,2025,Q1,2025 Q1,2,Feb,2025-02,Feb 2025,False,False
2025-02-03,20250203,False,2025,Q1,2025 Q1,2,Feb,2025-02,Feb 2025,False,False
2025-02-04,20250204,False,2025,Q1,2025 Q1,2,Feb,2025-02,Feb 2025,False,False
2025-02-05,20250205,False,2025,Q1,2025 Q1,2,Feb,2025-02,Feb 2025,False,False
2025-02-06,20250206,False,2025,Q1,2025 Q1,2,Feb,2025-02,Feb 2025,False,False
2025-02-07,20250207,False,2025,Q1,2025 Q1,2,Feb,2025-02,Feb 2025,False,False
2025-02-08,20250208,False,2025,Q1,2025 Q1,2,Feb,2025-02,Feb 2025,False,False
2025-02-09,20250209,False,2025,Q1,2025 Q1,2,Feb,2025-02,Feb 2025,False,False
2025-02-10,20250210,False,2025,Q1,2025 Q1,2,Feb,2025-02,Feb 2025,False,False
2025-02-11,20250211,False,2025,Q1,2025 Q1,2,Feb,2025-02,Feb 2025,False,False
2025-02-12,20250212,False,2025,Q1,2025 Q1,2,Feb,2025-02,Feb 2025,False,False
2025-02-13,20250213,False,2025,Q1,2025 Q1,2,Feb,2025-02,Feb 2025,False,False
2025-02-14,20250214,False,2025,Q1,2025 Q1,2,Feb,2025-02,Feb 2025,False,False
2025-02-15,20250215,False,2025,Q1,2025 Q1,2,Feb,2025-02,Feb 2025,False,False
2025-02-16,20250216,False,2025,Q1,2025 Q1,2,Feb,2025-02,Feb 2025,False,False
2025-02-17,20250217,False,2025,Q1,2025 Q1,2,Feb,2025-02,Feb 2025,False,False
2025-02-18,20250218,False,2025,Q1,2025 Q1,2,Feb,2025-02,Feb 2025,False,False
2025-02-19,20250219,False,2025,Q1,2025 Q1,2,Feb,2025-02,Feb 2025,False,False
2025-02-20,20250220,False,2025,Q1,2025 Q1,2,Feb,2025-02,Feb 2025,False,False
2025-02-21,20250221,False,2025,Q1,2025 Q1,2,Feb,2025-02,Feb 2025,False,False
2025-02-22,20250222,False,2025,Q1,2025 Q1,2,Feb,2025-02,Feb 2025,False,False
2025-02-23,20250223,False,2025,Q1,2025 Q1,2,Feb,2025-02,Feb 2025,False,False
2025-02-24,20250224,False,2025,Q1,2025 Q1,2,Feb,2025-02,Feb 2025,False,False
2025-02-25,20250225,False,2025,Q1,2025 Q1,2,Feb,2025-02,Feb 2025,False,False
2025-02-26,20250226,False,2025,Q1,2025 Q1,2,Feb,2025-02,Feb 2025,False,False
2025-02-27,20250227,False,2025,Q1,2025 Q1,2,Feb,2025-02,Feb 2025,False,False
2025-02-28,20250228,False,2025,Q1,2025 Q1,2,Feb,2025-02,Feb 2025,False,False
2025-03-01,20250301,True,2025,Q1,2025 Q1,3,Mar,2025-03,Mar 2025,False,False
2025-03-02,20250302,False,2025,Q1,2025 Q1,3,Mar,2025-03,Mar 2025,False,False
2025-03-03,20250303,False,2025,Q1,2025 Q1,3,Mar,2025-03,Mar 2025,False,False
2025-03-04,20250304,False,2025,Q1,2025 Q1,3,Mar,2025-03,Mar 2025,False,False
2025-03-05,20250305,False,2025,Q1,2025 Q1,3,Mar,2025-03,Mar 2025,False,False
2025-03-06,20250306,False,2025,Q1,2025 Q1,3,Mar,2025-03,Mar 2025,False,False
2025-03-07,20250307,False,2025,Q1,2025 Q1,3,Mar,2025-03,Mar 2025,False,False
2025-03-08,20250308,False,2025,Q1,2025 Q1,3,Mar,2025-03,Mar 2025,False,False
2025-03-09,20250309,False,2025,Q1,2025 Q1,3,Mar,2025-03,Mar 2025,False,False
2025-03-10,20250310,False,2025,Q1,2025 Q1,3,Mar,2025-03,Mar 2025,False,False
2025-03-11,20250311,False,2025,Q1,2025 Q1,3,Mar,2025-03,Mar 2025,False,False
2025-03-12,20250312,False,2025,Q1,2025 Q1,3,Mar,2025-03,Mar 2025,False,False
2025-03-13,20250313,False,2025,Q1,2025 Q1,3,Mar,2025-03,Mar 2025,False,False
2025-03-14,20250314,False,2025,Q1,2025 Q1,3,Mar,2025-03,Mar 2025,False,False
2025-03-15,20250315,False,2025,Q1,2025 Q1,3,Mar,2025-03,Mar 2025,False,False
2025-03-16,20250316,False,2025,Q1,2025 Q1,3,Mar,2025-03,Mar 2025,False,False
2025-03-17,20250317,False,2025,Q1,2025 Q1,3,Mar,2025-03,Mar 2025,False,False
2025-03-18,20250318,False,2025,Q1,2025 Q1,3,Mar,2025-03,Mar 2025,False,False
2025-03-19,20250319,False,2025,Q1,2025 Q1,3,Mar,2025-03,Mar 2025,False,False
2025-03-20,20250320,False,2025,Q1,2025 Q1,3,Mar,2025-03,Mar 2025,False,False
2025-03-21,20250321,False,2025,Q1,2025 Q1,3,Mar,2025-03,Mar 2025,False,False
2025-03-22,20250322,False,2025,Q1,2025 Q1,3,Mar,2025-03,Mar 2025,False,False
2025-03-23,20250323,False,2025,Q1,2025 Q1,3,Mar,2025-03,Mar 2025,False,False
2025-03-24,20250324,False,2025,Q1,2025 Q1,3,Mar,2025-03,Mar 2025,False,False
2025-03-25,20250325,False,2025,Q1,2025 Q1,3,Mar,2025-03,Mar 2025,False,False
2025-03-26,20250326,False,2025,Q1,2025 Q1,3,Mar,2025-03,Mar 2025,False,False
2025-03-27,20250327,False,2025,Q1,2025 Q1,3,Mar,2025-03,Mar 2025,False,False
2025-03-28,20250328,False,2025,Q1,2025 Q1,3,Mar,2025-03,Mar 2025,False,False
2025-03-29,20250329,False,2025,Q1,2025 Q1,3,Mar,2025-03,Mar 2025,False,False
2025-03-30,20250330,False,2025,Q1,2025 Q1,3,Mar,2025-03,Mar 2025,False,False
2025-03-31,20250331,False,2025,Q1,2025 Q1,3,Mar,2025-03,Mar 2025,False,False
2025-04-01,20250401,True,2025,Q2,2025 Q2,4,Apr,2025-04,Apr 2025,False,False
2025-04-02,20250402,False,2025,Q2,2025 Q2,4,Apr,2025-04,Apr 2025,False,False
2025-04-03,20250403,False,2025,Q2,2025 Q2,4,Apr,2025-04,Apr 2025,False,False
2025-04-04,20250404,False,2025,Q2,2025 Q2,4,Apr,2025-04,Apr 2025,False,False
2025-04-05,20250405,False,2025,Q2,2025 Q2,4,Apr,2025-04,Apr 2025,False,False
2025-04-06,20250406,False,2025,Q2,2025 Q2,4,Apr,2025-04,Apr 2025,False,False
2025-04-07,20250407,False,2025,Q2,2025 Q2,4,Apr,2025-04,Apr 2025,False,False
2025-04-08,20250408,False,2025,Q2,2025 Q2,4,Apr,2025-04,Apr 2025,False,False
2025-04-09,20250409,False,2025,Q2,2025 Q2,4,Apr,2025-04,Apr 2025,False,False
2025-04-10,20250410,False,2025,Q2,2025 Q2,4,Apr,2025-04,Apr 2025,False,False
2025-04-11,20250411,False,2025,Q2,2025 Q2,4,Apr,2025-04,Apr 2025,False,False
2025-04-12,20250412,False,2025,Q2,2025 Q2,4,Apr,2025-04,Apr 2025,False,False
2025-04-13,20250413,False,2025,Q2,2025 Q2,4,Apr,2025-04,Apr 2025,False,False
2025-04-14,20250414,False,2025,Q2,2025 Q2,4,Apr,2025-04,Apr 2025,False,False
2025-04-15,20250415,False,2025,Q2,2025 Q2,4,Apr,2025-04,Apr 2025,False,False
2025-04-16,20250416,False,2025,Q2,2025 Q2,4,Apr,2025-04,Apr 2025,False,False
2025-04-17,20250417,False,2025,Q2,2025 Q2,4,Apr,2025-04,Apr 2025,False,False
2025-04-18,20250418,False,2025,Q2,2025 Q2,4,Apr,2025-04,Apr 2025,False,False
2025-04-19,20250419,False,2025,Q2,2025 Q2,4,Apr,2025-04,Apr 2025,False,False
2025-04-20,20250420,False,2025,Q2,2025 Q2,4,Apr,2025-04,Apr 2025,False,False
2025-04-21,20250421,False,2025,Q2,2025 Q2,4,Apr,2025-04,Apr 2025,False,False
2025-04-22,20250422,False,2025,Q2,2025 Q2,4,Apr,2025-04,Apr 2025,False,False
2025-04-23,20250423,False,2025,Q2,2025 Q2,4,Apr,2025-04,Apr 2025,False,False
2025-04-24,20250424,False,2025,Q2,2025 Q2,4,Apr,2025-04,Apr 2025,False,False
2025-04-25,20250425,False,2025,Q2,2025 Q2,4,Apr,2025-04,Apr 2025,False,False
2025-04-26,20250426,False,2025,Q2,2025 Q2,4,Apr,2025-04,Apr 2025,False,False
2025-04-27,20250427,False,2025,Q2,2025 Q2,4,Apr,2025-04,Apr 2025,False,False
2025-04-28,20250428,False,2025,Q2,2025 Q2,4,Apr,2025-04,Apr 2025,False,False
2025-04-29,20250429,False,2025,Q2,2025 Q2,4,Apr,2025-04,Apr 2025,False,False
2025-04-30,20250430,False,2025,Q2,2025 Q2,4,Apr,2025-04,Apr 2025,False,False
2025-05-01,20250501,True,2025,Q2,2025 Q2,5,May,2025-05,May 2025,False,False
2025-05-02,20250502,False,2025,Q2,2025 Q2,5,May,2025-05,May 2025,False,False
2025-05-03,20250503,False,2025,Q2,2025 Q2,5,May,2025-05,May 2025,False,False
2025-05-04,20250504,False,2025,Q2,2025 Q2,5,May,2025-05,May 2025,False,False
2025-05-05,20250505,False,2025,Q2,2025 Q2,5,May,2025-05,May 2025,False,False
2025-05-06,20250506,False,2025,Q2,2025 Q2,5,May,2025-05,May 2025,False,False
2025-05-07,20250507,False,2025,Q2,2025 Q2,5,May,2025-05,May 2025,False,False
2025-05-08,20250508,False,2025,Q2,2025 Q2,5,May,2025-05,May 2025,False,False
2025-05-09,20250509,False,2025,Q2,2025 Q2,5,May,2025-05,May 2025,False,False
2025-05-10,20250510,False,2025,Q2,2025 Q2,5,May,2025-05,May 2025,False,False
2025-05-11,20250511,False,2025,Q2,2025 Q2,5,May,2025-05,May 2025,False,False
2025-05-12,20250512,False,2025,Q2,2025 Q2,5,May,2025-05,May 2025,False,False
2025-05-13,20250513,False,2025,Q2,2025 Q2,5,May,2025-05,May 2025,False,False
2025-05-14,20250514,False,2025,Q2,2025 Q2,5,May,2025-05,May 2025,False,False
2025-05-15,20250515,False,2025,Q2,2025 Q2,5,May,2025-05,May 2025,False,False
2025-05-16,20250516,False,2025,Q2,2025 Q2,5,May,2025-05,May 2025,False,False
2025-05-17,20250517,False,2025,Q2,2025 Q2,5,May,2025-05,May 2025,False,False
2025-05-18,20250518,False,2025,Q2,2025 Q2,5,May,2025-05,May 2025,False,False
2025-05-19,20250519,False,2025,Q2,2025 Q2,5,May,2025-05,May 2025,False,False
2025-05-20,20250520,False,2025,Q2,2025 Q2,5,May,2025-05,May 2025,False,False
2025-05-21,20250521,False,2025,Q2,2025 Q2,5,May,2025-05,May 2025,False,False
2025-05-22,20250522,False,2025,Q2,2025 Q2,5,May,2025-05,May 2025,False,False
2025-05-23,20250523,False,2025,Q2,2025 Q2,5,May,2025-05,May 2025,False,False
2025-05-24,20250524,False,2025,Q2,2025 Q2,5,May,2025-05,May 2025,False,False
2025-05-25,20250525,False,2025,Q2,2025 Q2,5,May,2025-05,May 2025,False,False
2025-05-26,20250526,False,2025,Q2,2025 Q2,5,May,2025-05,May 2025,False,False
2025-05-27,20250527,False,2025,Q2,2025 Q2,5,May,2025-05,May 2025,False,False
2025-05-28,20250528,False,2025,Q2,2025 Q2,5,May,2025-05,May 2025,False,False
2025-05-29,20250529,False,2025,Q2,2025 Q2,5,May,2025-05,May 2025,False,False
2025-05-30,20250530,False,2025,Q2,2025 Q2,5,May,2025-05,May 2025,False,False
2025-05-31,20250531,False,2025,Q2,2025 Q2,5,May,2025-05,May 2025,False,False
2025-06-01,20250601,True,2025,Q2,2025 Q2,6,Jun,2025-06,Jun 2025,False,False
2025-06-02,20250602,False,2025,Q2,2025 Q2,6,Jun,2025-06,Jun 2025,False,False
2025-06-03,20250603,False,2025,Q2,2025 Q2,6,Jun,2025-06,Jun 2025,False,False
2025-06-04,20250604,False,2025,Q2,2025 Q2,6,Jun,2025-06,Jun 2025,False,False
2025-06-05,20250605,False,2025,Q2,2025 Q2,6,Jun,2025-06,Jun 2025,False,False
2025-06-06,20250606,False,2025,Q2,2025 Q2,6,Jun,2025-06,Jun 2025,False,False
2025-06-07,20250607,False,2025,Q2,2025 Q2,6,Jun,2025-06,Jun 2025,False,False
2025-06-08,20250608,False,2025,Q2,2025 Q2,6,Jun,2025-06,Jun 2025,False,False
2025-06-09,20250609,False,2025,Q2,2025 Q2,6,Jun,2025-06,Jun 2025,False,False
2025-06-10,20250610,False,2025,Q2,2025 Q2,6,Jun,2025-06,Jun 2025,False,False
2025-06-11,20250611,False,2025,Q2,2025 Q2,6,Jun,2025-06,Jun 2025,False,False
2025-06-12,20250612,False,2025,Q2,2025 Q2,6,Jun,2025-06,Jun 2025,False,False
2025-06-13,20250613,False,2025,Q2,2025 Q2,6,Jun,2025-06,Jun 2025,False,False
2025-06-14,20250614,False,2025,Q2,2025 Q2,6,Jun,2025-06,Jun 2025,False,False
2025-06-15,20250615,False,2025,Q2,2025 Q2,6,Jun,2025-06,Jun 2025,False,False
2025-06-16,20250616,False,2025,Q2,2025 Q2,6,Jun,2025-06,Jun 2025,False,False
2025-06-17,20250617,False,2025,Q2,2025 Q2,6,Jun,2025-06,Jun 2025,False,False
2025-06-18,20250618,False,2025,Q2,2025 Q2,6,Jun,2025-06,Jun 2025,False,False
2025-06-19,20250619,False,2025,Q2,2025 Q2,6,Jun,2025-06,Jun 2025,False,False
2025-06-20,20250620,False,2025,Q2,2025 Q2,6,Jun,2025-06,Jun 2025,False,False
2025-06-21,20250621,False,2025,Q2,2025 Q2,6,Jun,2025-06,Jun 2025,False,False
2025-06-22,20250622,False,2025,Q2,2025 Q2,6,Jun,2025-06,Jun 2025,False,False
2025-06-23,20250623,False,2025,Q2,2025 Q2,6,Jun,2025-06,Jun 2025,False,False
2025-06-24,20250624,False,2025,Q2,2025 Q2,6,Jun,2025-06,Jun 2025,False,False
2025-06-25,20250625,False,2025,Q2,2025 Q2,6,Jun,2025-06,Jun 2025,False,False
2025-06-26,20250626,False,2025,Q2,2025 Q2,6,Jun,2025-06,Jun 2025,False,False
2025-06-27,20250627,False,2025,Q2,2025 Q2,6,Jun,2025-06,Jun 2025,False,False
2025-06-28,20250628,False,2025,Q2,2025 Q2,6,Jun,2025-06,Jun 2025,False,False
2025-06-29,20250629,False,2025,Q2,2025 Q2,6,Jun,2025-06,Jun 2025,False,False
2025-06-30,20250630,False,2025,Q2,2025 Q2,6,Jun,2025-06,Jun 2025,False,False
2025-07-01,20250701,True,2025,Q3,2025 Q3,7,Jul,2025-07,Jul 2025,False,False
2025-07-02,20250702,False,2025,Q3,2025 Q3,7,Jul,2025-07,Jul 2025,False,False
2025-07-03,20250703,False,2025,Q3,2025 Q3,7,Jul,2025-07,Jul 2025,False,False
2025-07-04,20250704,False,2025,Q3,2025 Q3,7,Jul,2025-07,Jul 2025,False,False
2025-07-05,20250705,False,2025,Q3,2025 Q3,7,Jul,2025-07,Jul 2025,False,False
2025-07-06,20250706,False,2025,Q3,2025 Q3,7,Jul,2025-07,Jul 2025,False,False
2025-07-07,20250707,False,2025,Q3,2025 Q3,7,Jul,2025-07,Jul 2025,False,False
2025-07-08,20250708,False,2025,Q3,2025 Q3,7,Jul,2025-07,Jul 2025,False,False
2025-07-09,20250709,False,2025,Q3,2025 Q3,7,Jul,2025-07,Jul 2025,False,False
2025-07-10,20250710,False,2025,Q3,2025 Q3,7,Jul,2025-07,Jul 2025,False,False
2025-07-11,20250711,False,2025,Q3,2025 Q3,7,Jul,2025-07,Jul 2025,False,False
2025-07-12,20250712,False,2025,Q3,2025 Q3,7,Jul,2025-07,Jul 2025,False,False
2025-07-13,20250713,False,2025,Q3,2025 Q3,7,Jul,2025-07,Jul 2025,False,False
2025-07-14,20250714,False,2025,Q3,2025 Q3,7,Jul,2025-07,Jul 2025,False,False
2025-07-15,20250715,False,2025,Q3,2025 Q3,7,Jul,2025-07,Jul 2025,False,False
2025-07-16,20250716,False,2025,Q3,2025 Q3,7,Jul,2025-07,Jul 2025,False,False
2025-07-17,20250717,False,2025,Q3,2025 Q3,7,Jul,2025-07,Jul 2025,False,False
2025-07-18,20250718,False,2025,Q3,2025 Q3,7,Jul,2025-07,Jul 2025,False,False
2025-07-19,20250719,False,2025,Q3,2025 Q3,7,Jul,2025-07,Jul 2025,False,False
2025-07-20,20250720,False,2025,Q3,2025 Q3,7,Jul,2025-07,Jul 2025,False,False
2025-07-21,20250721,False,2025,Q3,2025 Q3,7,Jul,2025-07,Jul 2025,False,False
2025-07-22,20250722,False,2025,Q3,2025 Q3,7,Jul,2025-07,Jul 2025,False,False
2025-07-23,20250723,False,2025,Q3,2025 Q3,7,Jul,2025-07,Jul 2025,False,False
2025-07-24,20250724,False,2025,Q3,2025 Q3,7,Jul,2025-07,Jul 2025,False,False
2025-07-25,20250725,False,2025,Q3,2025 Q3,7,Jul,2025-07,Jul 2025,False,False
2025-07-26,20250726,False,2025,Q3,2025 Q3,7,Jul,2025-07,Jul 2025,False,False
2025-07-27,20250727,False,2025,Q3,2025 Q3,7,Jul,2025-07,Jul 2025,False,False
2025-07-28,20250728,False,2025,Q3,2025 Q3,7,Jul,2025-07,Jul 2025,False,False
2025-07-29,20250729,False,2025,Q3,2025 Q3,7,Jul,2025-07,Jul 2025,False,False
2025-07-30,20250730,False,2025,Q3,2025 Q3,7,Jul,2025-07,Jul 2025,False,False
2025-07-31,20250731,False,2025,Q3,2025 Q3,7,Jul,2025-07,Jul 2025,False,False
2025-08-01,20250801,True,2025,Q3,2025 Q3,8,Aug,2025-08,Aug 2025,False,False
2025-08-02,20250802,False,2025,Q3,2025 Q3,8,Aug,2025-08,Aug 2025,False,False
2025-08-03,20250803,False,2025,Q3,2025 Q3,8,Aug,2025-08,Aug 2025,False,False
2025-08-04,20250804,False,2025,Q3,2025 Q3,8,Aug,2025-08,Aug 2025,False,False
2025-08-05,20250805,False,2025,Q3,2025 Q3,8,Aug,2025-08,Aug 2025,False,False
2025-08-06,20250806,False,2025,Q3,2025 Q3,8,Aug,2025-08,Aug 2025,False,False
2025-08-07,20250807,False,2025,Q3,2025 Q3,8,Aug,2025-08,Aug 2025,False,False
2025-08-08,20250808,False,2025,Q3,2025 Q3,8,Aug,2025-08,Aug 2025,False,False
2025-08-09,20250809,False,2025,Q3,2025 Q3,8,Aug,2025-08,Aug 2025,False,False
2025-08-10,20250810,False,2025,Q3,2025 Q3,8,Aug,2025-08,Aug 2025,False,False
2025-08-11,20250811,False,2025,Q3,2025 Q3,8,Aug,2025-08,Aug 2025,False,False
2025-08-12,20250812,False,2025,Q3,2025 Q3,8,Aug,2025-08,Aug 2025,False,False
2025-08-13,20250813,False,2025,Q3,2025 Q3,8,Aug,2025-08,Aug 2025,False,False
2025-08-14,20250814,False,2025,Q3,2025 Q3,8,Aug,2025-08,Aug 2025,False,False
2025-08-15,20250815,False,2025,Q3,2025 Q3,8,Aug,2025-08,Aug 2025,False,False
2025-08-16,20250816,False,2025,Q3,2025 Q3,8,Aug,2025-08,Aug 2025,False,False
2025-08-17,20250817,False,2025,Q3,2025 Q3,8,Aug,2025-08,Aug 2025,False,False
2025-08-18,20250818,False,2025,Q3,2025 Q3,8,Aug,2025-08,Aug 2025,False,False
2025-08-19,20250819,False,2025,Q3,2025 Q3,8,Aug,2025-08,Aug 2025,False,False
2025-08-20,20250820,False,2025,Q3,2025 Q3,8,Aug,2025-08,Aug 2025,False,False
2025-08-21,20250821,False,2025,Q3,2025 Q3,8,Aug,2025-08,Aug 2025,False,False
2025-08-22,20250822,False,2025,Q3,2025 Q3,8,Aug,2025-08,Aug 2025,False,False
2025-08-23,20250823,False,2025,Q3,2025 Q3,8,Aug,2025-08,Aug 2025,False,False
2025-08-24,20250824,False,2025,Q3,2025 Q3,8,Aug,2025-08,Aug 2025,False,False
2025-08-25,20250825,False,2025,Q3,2025 Q3,8,Aug,2025-08,Aug 2025,False,False
2025-08-26,20250826,False,2025,Q3,2025 Q3,8,Aug,2025-08,Aug 2025,False,False
2025-08-27,20250827,False,2025,Q3,2025 Q3,8,Aug,2025-08,Aug 2025,False,False
2025-08-28,20250828,False,2025,Q3,2025 Q3,8,Aug,2025-08,Aug 2025,False,False
2025-08-29,20250829,False,2025,Q3,2025 Q3,8,Aug,2025-08,Aug 2025,False,False
2025-08-30,20250830,False,2025,Q3,2025 Q3,8,Aug,2025-08,Aug 2025,False,False
2025-08-31,20250831,False,2025,Q3,2025 Q3,8,Aug,2025-08,Aug 2025,False,False
2025-09-01,20250901,True,2025,Q3,2025 Q3,9,Sep,2025-09,Sep 2025,False,False
2025-09-02,20250902,False,2025,Q3,2025 Q3,9,Sep,2025-09,Sep 2025,False,False
2025-09-03,20250903,False,2025,Q3,2025 Q3,9,Sep,2025-09,Sep 2025,False,False
2025-09-04,20250904,False,2025,Q3,2025 Q3,9,Sep,2025-09,Sep 2025,False,False
2025-09-05,20250905,False,2025,Q3,2025 Q3,9,Sep,2025-09,Sep 2025,False,False
2025-09-06,20250906,False,2025,Q3,2025 Q3,9,Sep,2025-09,Sep 2025,False,False
2025-09-07,20250907,False,2025,Q3,2025 Q3,9,Sep,2025-09,Sep 2025,False,False
2025-09-08,20250908,False,2025,Q3,2025 Q3,9,Sep,2025-09,Sep 2025,False,False
2025-09-09,20250909,False,2025,Q3,2025 Q3,9,Sep,2025-09,Sep 2025,False,False
2025-09-10,20250910,False,2025,Q3,2025 Q3,9,Sep,2025-09,Sep 2025,False,False
2025-09-11,20250911,False,2025,Q3,2025 Q3,9,Sep,2025-09,Sep 2025,False,False
2025-09-12,20250912,False,2025,Q3,2025 Q3,9,Sep,2025-09,Sep 2025,False,False
2025-09-13,20250913,False,2025,Q3,2025 Q3,9,Sep,2025-09,Sep 2025,False,False
2025-09-14,20250914,False,2025,Q3,2025 Q3,9,Sep,2025-09,Sep 2025,False,False
2025-09-15,20250915,False,2025,Q3,2025 Q3,9,Sep,2025-09,Sep 2025,False,False
2025-09-16,20250916,False,2025,Q3,2025 Q3,9,Sep,2025-09,Sep 2025,False,False
2025-09-17,20250917,False,2025,Q3,2025 Q3,9,Sep,2025-09,Sep 2025,False,False
2025-09-18,20250918,False,2025,Q3,2025 Q3,9,Sep,2025-09,Sep 2025,False,False
2025-09-19,20250919,False,2025,Q3,2025 Q3,9,Sep,2025-09,Sep 2025,False,False
2025-09-20,20250920,False,2025,Q3,2025 Q3,9,Sep,2025-09,Sep 2025,False,False
2025-09-21,20250921,False,2025,Q3,2025 Q3,9,Sep,2025-09,Sep 2025,False,False
2025-09-22,20250922,False,2025,Q3,2025 Q3,9,Sep,2025-09,Sep 2025,False,False
2025-09-23,20250923,False,2025,Q3,2025 Q3,9,Sep,2025-09,Sep 2025,False,False
2025-09-24,20250924,False,2025,Q3,2025 Q3,9,Sep,2025-09,Sep 2025,False,False
2025-09-25,20250925,False,2025,Q3,2025 Q3,9,Sep,2025-09,Sep 2025,False,False
2025-09-26,20250926,False,2025,Q3,2025 Q3,9,Sep,2025-09,Sep 2025,False,False
2025-09-27,20250927,False,2025,Q3,2025 Q3,9,Sep,2025-09,Sep 2025,False,False
2025-09-28,20250928,False,2025,Q3,2025 Q3,9,Sep,2025-09,Sep 2025,False,False
2025-09-29,20250929,False,2025,Q3,2025 Q3,9,Sep,2025-09,Sep 2025,False,False
2025-09-30,20250930,False,2025,Q3,2025 Q3,9,Sep,2025-09,Sep 2025,False,False
2025-10-01,20251001,True,2025,Q4,2025 Q4,10,Oct,2025-10,Oct 2025,False,False
2025-10-02,20251002,False,2025,Q4,2025 Q4,10,Oct,2025-10,Oct 2025,False,False
2025-10-03,20251003,False,2025,Q4,2025 Q4,10,Oct,2025-10,Oct 2025,False,False
2025-10-04,20251004,False,2025,Q4,2025 Q4,10,Oct,2025-10,Oct 2025,False,False
2025-10-05,20251005,False,2025,Q4,2025 Q4,10,Oct,2025-10,Oct 2025,False,False
2025-10-06,20251006,False,2025,Q4,2025 Q4,10,Oct,2025-10,Oct 2025,False,False
2025-10-07,20251007,False,2025,Q4,2025 Q4,10,Oct,2025-10,Oct 2025,False,False
2025-10-08,20251008,False,2025,Q4,2025 Q4,10,Oct,2025-10,Oct 2025,False,False
2025-10-09,20251009,False,2025,Q4,2025 Q4,10,Oct,2025-10,Oct 2025,False,False
2025-10-10,20251010,False,2025,Q4,2025 Q4,10,Oct,2025-10,Oct 2025,False,False
2025-10-11,20251011,False,2025,Q4,2025 Q4,10,Oct,2025-10,Oct 2025,False,False
2025-10-12,20251012,False,2025,Q4,2025 Q4,10,Oct,2025-10,Oct 2025,False,False
2025-10-13,20251013,False,2025,Q4,2025 Q4,10,Oct,2025-10,Oct 2025,False,False
2025-10-14,20251014,False,2025,Q4,2025 Q4,10,Oct,2025-10,Oct 2025,False,False
2025-10-15,20251015,False,2025,Q4,2025 Q4,10,Oct,2025-10,Oct 2025,False,False
2025-10-16,20251016,False,2025,Q4,2025 Q4,10,Oct,2025-10,Oct 2025,False,False
2025-10-17,20251017,False,2025,Q4,2025 Q4,10,Oct,2025-10,Oct 2025,False,False
2025-10-18,20251018,False,2025,Q4,2025 Q4,10,Oct,2025-10,Oct 2025,False,False
2025-10-19,20251019,False,2025,Q4,2025 Q4,10,Oct,2025-10,Oct 2025,False,False
2025-10-20,20251020,False,2025,Q4,2025 Q4,10,Oct,2025-10,Oct 2025,False,False
2025-10-21,20251021,False,2025,Q4,2025 Q4,10,Oct,2025-10,Oct 2025,False,False
2025-10-22,20251022,False,2025,Q4,2025 Q4,10,Oct,2025-10,Oct 2025,False,False
2025-10-23,20251023,False,2025,Q4,2025 Q4,10,Oct,2025-10,Oct 2025,False,False
2025-10-24,20251024,False,2025,Q4,2025 Q4,10,Oct,2025-10,Oct 2025,False,False
2025-10-25,20251025,False,2025,Q4,2025 Q4,10,Oct,2025-10,Oct 2025,False,False
2025-10-26,20251026,False,2025,Q4,2025 Q4,10,Oct,2025-10,Oct 2025,False,False
2025-10-27,20251027,False,2025,Q4,2025 Q4,10,Oct,2025-10,Oct 2025,False,False
2025-10-28,20251028,False,2025,Q4,2025 Q4,10,Oct,2025-10,Oct 2025,False,False
2025-10-29,20251029,False,2025,Q4,2025 Q4,10,Oct,2025-10,Oct 2025,False,False
2025-10-30,20251030,False,2025,Q4,2025 Q4,10,Oct,2025-10,Oct 2025,False,False
2025-10-31,20251031,False,2025,Q4,2025 Q4,10,Oct,2025-10,Oct 2025,False,False
2025-11-01,20251101,True,2025,Q4,2025 Q4,11,Nov,2025-11,Nov 2025,False,False
2025-11-02,20251102,False,2025,Q4,2025 Q4,11,Nov,2025-11,Nov 2025,False,False
2025-11-03,20251103,False,2025,Q4,2025 Q4,11,Nov,2025-11,Nov 2025,False,False
2025-11-04,20251104,False,2025,Q4,2025 Q4,11,Nov,2025-11,Nov 2025,False,False
2025-11-05,20251105,False,2025,Q4,2025 Q4,11,Nov,2025-11,Nov 2025,False,False
2025-11-06,20251106,False,2025,Q4,2025 Q4,11,Nov,2025-11,Nov 2025,False,False
2025-11-07,20251107,False,2025,Q4,2025 Q4,11,Nov,2025-11,Nov 2025,False,False
2025-11-08,20251108,False,2025,Q4,2025 Q4,11,Nov,2025-11,Nov 2025,False,False
2025-11-09,20251109,False,2025,Q4,2025 Q4,11,Nov,2025-11,Nov 2025,False,False
2025-11-10,20251110,False,2025,Q4,2025 Q4,11,Nov,2025-11,Nov 2025,False,False
2025-11-11,20251111,False,2025,Q4,2025 Q4,11,Nov,2025-11,Nov 2025,False,False
2025-11-12,20251112,False,2025,Q4,2025 Q4,11,Nov,2025-11,Nov 2025,False,False
2025-11-13,20251113,False,2025,Q4,2025 Q4,11,Nov,2025-11,Nov 2025,False,False
2025-11-14,20251114,False,2025,Q4,2025 Q4,11,Nov,2025-11,Nov 2025,False,False
2025-11-15,20251115,False,2025,Q4,2025 Q4,11,Nov,2025-11,Nov 2025,False,False
2025-11-16,20251116,False,2025,Q4,2025 Q4,11,Nov,2025-11,Nov 2025,False,False
2025-11-17,20251117,False,2025,Q4,2025 Q4,11,Nov,2025-11,Nov 2025,False,False
2025-11-18,20251118,False,2025,Q4,2025 Q4,11,Nov,2025-11,Nov 2025,False,False
2025-11-19,20251119,False,2025,Q4,2025 Q4,11,Nov,2025-11,Nov 2025,False,False
2025-11-20,20251120,False,2025,Q4,2025 Q4,11,Nov,2025-11,Nov 2025,False,False
2025-11-21,20251121,False,2025,Q4,2025 Q4,11,Nov,2025-11,Nov 2025,False,False
2025-11-22,20251122,False,2025,Q4,2025 Q4,11,Nov,2025-11,Nov 2025,False,False
2025-11-23,20251123,False,2025,Q4,2025 Q4,11,Nov,2025-11,Nov 2025,False,False
2025-11-24,20251124,False,2025,Q4,2025 Q4,11,Nov,2025-11,Nov 2025,False,False
2025-11-25,20251125,False,2025,Q4,2025 Q4,11,Nov,2025-11,Nov 2025,False,False
2025-11-26,20251126,False,2025,Q4,2025 Q4,11,Nov,2025-11,Nov 2025,False,False
2025-11-27,20251127,False,2025,Q4,2025 Q4,11,Nov,2025-11,Nov 2025,False,False
2025-11-28,20251128,False,2025,Q4,2025 Q4,11,Nov,2025-11,Nov 2025,False,False
2025-11-29,20251129,False,2025,Q4,2025 Q4,11,Nov,2025-11,Nov 2025,False,False
2025-11-30,20251130,False,2025,Q4,2025 Q4,11,Nov,2025-11,Nov 2025,False,False
2025-12-01,20251201,True,2025,Q4,2025 Q4,12,Dec,2025-12,Dec 2025,False,False
2025-12-02,20251202,False,2025,Q4,2025 Q4,12,Dec,2025-12,Dec 2025,False,False
2025-12-03,20251203,False,2025,Q4,2025 Q4,12,Dec,2025-12,Dec 2025,False,False
2025-12-04,20251204,False,2025,Q4,2025 Q4,12,Dec,2025-12,Dec 2025,False,False
2025-12-05,20251205,False,2025,Q4,2025 Q4,12,Dec,2025-12,Dec 2025,False,False
2025-12-06,20251206,False,2025,Q4,2025 Q4,12,Dec,2025-12,Dec 2025,False,False
2025-12-07,20251207,False,2025,Q4,2025 Q4,12,Dec,2025-12,Dec 2025,False,False
2025-12-08,20251208,False,2025,Q4,2025 Q4,12,Dec,2025-12,Dec 2025,False,False
2025-12-09,20251209,False,2025,Q4,2025 Q4,12,Dec,2025-12,Dec 2025,False,False
2025-12-10,20251210,False,2025,Q4,2025 Q4,12,Dec,2025-12,Dec 2025,False,False
2025-12-11,20251211,False,2025,Q4,2025 Q4,12,Dec,2025-12,Dec 2025,False,False
2025-12-12,20251212,False,2025,Q4,2025 Q4,12,Dec,2025-12,Dec 2025,False,False
2025-12-13,20251213,False,2025,Q4,2025 Q4,12,Dec,2025-12,Dec 2025,False,False
2025-12-14,20251214,False,2025,Q4,2025 Q4,12,Dec,2025-12,Dec 2025,False,False
2025-12-15,20251215,False,2025,Q4,2025 Q4,12,Dec,2025-12,Dec 2025,False,False
2025-12-16,20251216,False,2025,Q4,2025 Q4,12,Dec,2025-12,Dec 2025,False,False
2025-12-17,20251217,False,2025,Q4,2025 Q4,12,Dec,2025-12,Dec 2025,False,False
2025-12-18,20251218,False,2025,Q4,2025 Q4,12,Dec,2025-12,Dec 2025,False,False
2025-12-19,20251219,False,2025,Q4,2025 Q4,12,Dec,2025-12,Dec 2025,False,False
2025-12-20,20251220,False,2025,Q4,2025 Q4,12,Dec,2025-12,Dec 2025,False,False
2025-12-21,20251221,False,2025,Q4,2025 Q4,12,Dec,2025-12,Dec 2025,False,False
2025-12-22,20251222,False,2025,Q4,2025 Q4,12,Dec,2025-12,Dec 2025,False,False
2025-12-23,20251223,False,2025,Q4,2025 Q4,12,Dec,2025-12,Dec 2025,False,False
2025-12-24,20251224,False,2025,Q4,2025 Q4,12,Dec,2025-12,Dec 2025,False,False
2025-12-25,20251225,False,2025,Q4,2025 Q4,12,Dec,2025-12,Dec 2025,False,False
2025-12-26,20251226,False,2025,Q4,2025 Q4,12,Dec,2025-12,Dec 2025,False,False
2025-12-27,20251227,False,2025,Q4,2025 Q4,12,Dec,2025-12,Dec 2025,False,False
2025-12-28,20251228,False,2025,Q4,2025 Q4,12,Dec,2025-12,Dec 2025,False,False
2025-12-29,20251229,False,2025,Q4,2025 Q4,12,Dec,2025-12,Dec 2025,False,False
2025-12-30,20251230,False,2025,Q4,2025 Q4,12,Dec,2025-12,Dec 2025,False,False
2025-12-31,20251231,False,2025,Q4,2025 Q4,12,Dec,2025-12,Dec 2025,False,False
2026-01-01,20260101,True,2026,Q1,2026 Q1,1,Jan,2026-01,Jan 2026,False,False
2026-01-02,20260102,False,2026,Q1,2026 Q1,1,Jan,2026-01,Jan 2026,False,False
2026-01-03,20260103,False,2026,Q1,2026 Q1,1,Jan,2026-01,Jan 2026,False,False
2026-01-04,20260104,False,2026,Q1,2026 Q1,1,Jan,2026-01,Jan 2026,False,False
2026-01-05,20260105,False,2026,Q1,2026 Q1,1,Jan,2026-01,Jan 2026,False,False
2026-01-06,20260106,False,2026,Q1,2026 Q1,1,Jan,2026-01,Jan 2026,False,False
2026-01-07,20260107,False,2026,Q1,2026 Q1,1,Jan,2026-01,Jan 2026,False,False
2026-01-08,20260108,False,2026,Q1,2026 Q1,1,Jan,2026-01,Jan 2026,False,False
2026-01-09,20260109,False,2026,Q1,2026 Q1,1,Jan,2026-01,Jan 2026,False,False
2026-01-10,20260110,False,2026,Q1,2026 Q1,1,Jan,2026-01,Jan 2026,False,False
2026-01-11,20260111,False,2026,Q1,2026 Q1,1,Jan,2026-01,Jan 2026,False,False
2026-01-12,20260112,False,2026,Q1,2026 Q1,1,Jan,2026-01,Jan 2026,False,False
2026-01-13,20260113,False,2026,Q1,2026 Q1,1,Jan,2026-01,Jan 2026,False,False
2026-01-14,20260114,False,2026,Q1,2026 Q1,1,Jan,2026-01,Jan 2026,False,False
2026-01-15,20260115,False,2026,Q1,2026 Q1,1,Jan,2026-01,Jan 2026,False,False
2026-01-16,20260116,False,2026,Q1,2026 Q1,1,Jan,2026-01,Jan 2026,False,False
2026-01-17,20260117,False,2026,Q1,2026 Q1,1,Jan,2026-01,Jan 2026,False,False
2026-01-18,20260118,False,2026,Q1,2026 Q1,1,Jan,2026-01,Jan 2026,False,False
2026-01-19,20260119,False,2026,Q1,2026 Q1,1,Jan,2026-01,Jan 2026,False,False
2026-01-20,20260120,False,2026,Q1,2026 Q1,1,Jan,2026-01,Jan 2026,False,False
2026-01-21,20260121,False,2026,Q1,2026 Q1,1,Jan,2026-01,Jan 2026,False,False
2026-01-22,20260122,False,2026,Q1,2026 Q1,1,Jan,2026-01,Jan 2026,False,False
2026-01-23,20260123,False,2026,Q1,2026 Q1,1,Jan,2026-01,Jan 2026,False,False
2026-01-24,20260124,False,2026,Q1,2026 Q1,1,Jan,2026-01,Jan 2026,False,False
2026-01-25,20260125,False,2026,Q1,2026 Q1,1,Jan,2026-01,Jan 2026,False,False
2026-01-26,20260126,False,2026,Q1,2026 Q1,1,Jan,2026-01,Jan 2026,False,False
2026-01-27,20260127,False,2026,Q1,2026 Q1,1,Jan,2026-01,Jan 2026,False,False
2026-01-28,20260128,False,2026,Q1,2026 Q1,1,Jan,2026-01,Jan 2026,False,False
2026-01-29,20260129,False,2026,Q1,2026 Q1,1,Jan,2026-01,Jan 2026,False,False
2026-01-30,20260130,False,2026,Q1,2026 Q1,1,Jan,2026-01,Jan 2026,False,False
2026-01-31,20260131,False,2026,Q1,2026 Q1,1,Jan,2026-01,Jan 2026,False,False
2026-02-01,20260201,True,2026,Q1,2026 Q1,2,Feb,2026-02,Feb 2026,False,False
2026-02-02,20260202,False,2026,Q1,2026 Q1,2,Feb,2026-02,Feb 2026,False,False
2026-02-03,20260203,False,2026,Q1,2026 Q1,2,Feb,2026-02,Feb 2026,False,False
2026-02-04,20260204,False,2026,Q1,2026 Q1,2,Feb,2026-02,Feb 2026,False,False
2026-02-05,20260205,False,2026,Q1,2026 Q1,2,Feb,2026-02,Feb 2026,False,False
2026-02-06,20260206,False,2026,Q1,2026 Q1,2,Feb,2026-02,Feb 2026,False,False
2026-02-07,20260207,False,2026,Q1,2026 Q1,2,Feb,2026-02,Feb 2026,False,False
2026-02-08,20260208,False,2026,Q1,2026 Q1,2,Feb,2026-02,Feb 2026,False,False
2026-02-09,20260209,False,2026,Q1,2026 Q1,2,Feb,2026-02,Feb 2026,False,False
2026-02-10,20260210,False,2026,Q1,2026 Q1,2,Feb,2026-02,Feb 2026,False,False
2026-02-11,20260211,False,2026,Q1,2026 Q1,2,Feb,2026-02,Feb 2026,False,False
2026-02-12,20260212,False,2026,Q1,2026 Q1,2,Feb,2026-02,Feb 2026,False,False
2026-02-13,20260213,False,2026,Q1,2026 Q1,2,Feb,2026-02,Feb 2026,False,False
2026-02-14,20260214,False,2026,Q1,2026 Q1,2,Feb,2026-02,Feb 2026,False,False
2026-02-15,20260215,False,2026,Q1,2026 Q1,2,Feb,2026-02,Feb 2026,False,False
2026-02-16,20260216,False,2026,Q1,2026 Q1,2,Feb,2026-02,Feb 2026,False,False
2026-02-17,20260217,False,2026,Q1,2026 Q1,2,Feb,2026-02,Feb 2026,False,False
2026-02-18,20260218,False,2026,Q1,2026 Q1,2,Feb,2026-02,Feb 2026,False,False
2026-02-19,20260219,False,2026,Q1,2026 Q1,2,Feb,2026-02,Feb 2026,False,False
2026-02-20,20260220,False,2026,Q1,2026 Q1,2,Feb,2026-02,Feb 2026,False,False
2026-02-21,20260221,False,2026,Q1,2026 Q1,2,Feb,2026-02,Feb 2026,False,False
2026-02-22,20260222,False,2026,Q1,2026 Q1,2,Feb,2026-02,Feb 2026,False,False
2026-02-23,20260223,False,2026,Q1,2026 Q1,2,Feb,2026-02,Feb 2026,False,False
2026-02-24,20260224,False,2026,Q1,2026 Q1,2,Feb,2026-02,Feb 2026,False,False
2026-02-25,20260225,False,2026,Q1,2026 Q1,2,Feb,2026-02,Feb 2026,False,False
2026-02-26,20260226,False,2026,Q1,2026 Q1,2,Feb,2026-02,Feb 2026,False,False
2026-02-27,20260227,False,2026,Q1,2026 Q1,2,Feb,2026-02,Feb 2026,False,False
2026-02-28,20260228,False,2026,Q1,2026 Q1,2,Feb,2026-02,Feb 2026,False,False
2026-03-01,20260301,True,2026,Q1,2026 Q1,3,Mar,2026-03,Mar 2026,False,False
2026-03-02,20260302,False,2026,Q1,2026 Q1,3,Mar,2026-03,Mar 2026,False,False
2026-03-03,20260303,False,2026,Q1,2026 Q1,3,Mar,2026-03,Mar 2026,False,False
2026-03-04,20260304,False,2026,Q1,2026 Q1,3,Mar,2026-03,Mar 2026,False,False
2026-03-05,20260305,False,2026,Q1,2026 Q1,3,Mar,2026-03,Mar 2026,False,False
2026-03-06,20260306,False,2026,Q1,2026 Q1,3,Mar,2026-03,Mar 2026,False,False
2026-03-07,20260307,False,2026,Q1,2026 Q1,3,Mar,2026-03,Mar 2026,False,False
2026-03-08,20260308,False,2026,Q1,2026 Q1,3,Mar,2026-03,Mar 2026,False,False
2026-03-09,20260309,False,2026,Q1,2026 Q1,3,Mar,2026-03,Mar 2026,False,False
2026-03-10,20260310,False,2026,Q1,2026 Q1,3,Mar,2026-03,Mar 2026,False,False
2026-03-11,20260311,False,2026,Q1,2026 Q1,3,Mar,2026-03,Mar 2026,False,False
2026-03-12,20260312,False,2026,Q1,2026 Q1,3,Mar,2026-03,Mar 2026,False,False
2026-03-13,20260313,False,2026,Q1,2026 Q1,3,Mar,2026-03,Mar 2026,False,False
2026-03-14,20260314,False,2026,Q1,2026 Q1,3,Mar,2026-03,Mar 2026,False,False
2026-03-15,20260315,False,2026,Q1,2026 Q1,3,Mar,2026-03,Mar 2026,False,False
2026-03-16,20260316,False,2026,Q1,2026 Q1,3,Mar,2026-03,Mar 2026,False,False
2026-03-17,20260317,False,2026,Q1,2026 Q1,3,Mar,2026-03,Mar 2026,False,False
2026-03-18,20260318,False,2026,Q1,2026 Q1,3,Mar,2026-03,Mar 2026,False,False
2026-03-19,20260319,False,2026,Q1,2026 Q1,3,Mar,2026-03,Mar 2026,False,False
2026-03-20,20260320,False,2026,Q1,2026 Q1,3,Mar,2026-03,Mar 2026,False,False
2026-03-21,20260321,False,2026,Q1,2026 Q1,3,Mar,2026-03,Mar 2026,False,False
2026-03-22,20260322,False,2026,Q1,2026 Q1,3,Mar,2026-03,Mar 2026,False,False
2026-03-23,20260323,False,2026,Q1,2026 Q1,3,Mar,2026-03,Mar 2026,False,False
2026-03-24,20260324,False,2026,Q1,2026 Q1,3,Mar,2026-03,Mar 2026,False,False
2026-03-25,20260325,False,2026,Q1,2026 Q1,3,Mar,2026-03,Mar 2026,False,False
2026-03-26,20260326,False,2026,Q1,2026 Q1,3,Mar,2026-03,Mar 2026,False,False
2026-03-27,20260327,False,2026,Q1,2026 Q1,3,Mar,2026-03,Mar 2026,False,False
2026-03-28,20260328,False,2026,Q1,2026 Q1,3,Mar,2026-03,Mar 2026,False,False
2026-03-29,20260329,False,2026,Q1,2026 Q1,3,Mar,2026-03,Mar 2026,False,False
2026-03-30,20260330,False,2026,Q1,2026 Q1,3,Mar,2026-03,Mar 2026,False,False
2026-03-31,20260331,False,2026,Q1,2026 Q1,3,Mar,2026-03,Mar 2026,False,False
2026-04-01,20260401,True,2026,Q2,2026 Q2,4,Apr,2026-04,Apr 2026,False,False
2026-04-02,20260402,False,2026,Q2,2026 Q2,4,Apr,2026-04,Apr 2026,False,False
2026-04-03,20260403,False,2026,Q2,2026 Q2,4,Apr,2026-04,Apr 2026,False,False
2026-04-04,20260404,False,2026,Q2,2026 Q2,4,Apr,2026-04,Apr 2026,False,False
2026-04-05,20260405,False,2026,Q2,2026 Q2,4,Apr,2026-04,Apr 2026,False,False
2026-04-06,20260406,False,2026,Q2,2026 Q2,4,Apr,2026-04,Apr 2026,False,False
2026-04-07,20260407,False,2026,Q2,2026 Q2,4,Apr,2026-04,Apr 2026,False,False
2026-04-08,20260408,False,2026,Q2,2026 Q2,4,Apr,2026-04,Apr 2026,False,False
2026-04-09,20260409,False,2026,Q2,2026 Q2,4,Apr,2026-04,Apr 2026,False,False
2026-04-10,20260410,False,2026,Q2,2026 Q2,4,Apr,2026-04,Apr 2026,False,False
2026-04-11,20260411,False,2026,Q2,2026 Q2,4,Apr,2026-04,Apr 2026,False,False
2026-04-12,20260412,False,2026,Q2,2026 Q2,4,Apr,2026-04,Apr 2026,False,False
2026-04-13,20260413,False,2026,Q2,2026 Q2,4,Apr,2026-04,Apr 2026,False,False
2026-04-14,20260414,False,2026,Q2,2026 Q2,4,Apr,2026-04,Apr 2026,False,False
2026-04-15,20260415,False,2026,Q2,2026 Q2,4,Apr,2026-04,Apr 2026,False,False
2026-04-16,20260416,False,2026,Q2,2026 Q2,4,Apr,2026-04,Apr 2026,False,False
2026-04-17,20260417,False,2026,Q2,2026 Q2,4,Apr,2026-04,Apr 2026,False,False
2026-04-18,20260418,False,2026,Q2,2026 Q2,4,Apr,2026-04,Apr 2026,False,False
2026-04-19,20260419,False,2026,Q2,2026 Q2,4,Apr,2026-04,Apr 2026,False,False
2026-04-20,20260420,False,2026,Q2,2026 Q2,4,Apr,2026-04,Apr 2026,False,False
2026-04-21,20260421,False,2026,Q2,2026 Q2,4,Apr,2026-04,Apr 2026,False,False
2026-04-22,20260422,False,2026,Q2,2026 Q2,4,Apr,2026-04,Apr 2026,False,False
2026-04-23,20260423,False,2026,Q2,2026 Q2,4,Apr,2026-04,Apr 2026,False,False
2026-04-24,20260424,False,2026,Q2,2026 Q2,4,Apr,2026-04,Apr 2026,False,False
2026-04-25,20260425,False,2026,Q2,2026 Q2,4,Apr,2026-04,Apr 2026,False,False
2026-04-26,20260426,False,2026,Q2,2026 Q2,4,Apr,2026-04,Apr 2026,False,False
2026-04-27,20260427,False,2026,Q2,2026 Q2,4,Apr,2026-04,Apr 2026,False,False
2026-04-28,20260428,False,2026,Q2,2026 Q2,4,Apr,2026-04,Apr 2026,False,False
2026-04-29,20260429,False,2026,Q2,2026 Q2,4,Apr,2026-04,Apr 2026,False,False
2026-04-30,20260430,False,2026,Q2,2026 Q2,4,Apr,2026-04,Apr 2026,False,False
2026-05-01,20260501,True,2026,Q2,2026 Q2,5,May,2026-05,May 2026,False,False
2026-05-02,20260502,False,2026,Q2,2026 Q2,5,May,2026-05,May 2026,False,False
2026-05-03,20260503,False,2026,Q2,2026 Q2,5,May,2026-05,May 2026,False,False
2026-05-04,20260504,False,2026,Q2,2026 Q2,5,May,2026-05,May 2026,False,False
2026-05-05,20260505,False,2026,Q2,2026 Q2,5,May,2026-05,May 2026,False,False
2026-05-06,20260506,False,2026,Q2,2026 Q2,5,May,2026-05,May 2026,False,False
2026-05-07,20260507,False,2026,Q2,2026 Q2,5,May,2026-05,May 2026,False,False
2026-05-08,20260508,False,2026,Q2,2026 Q2,5,May,2026-05,May 2026,False,False
2026-05-09,20260509,False,2026,Q2,2026 Q2,5,May,2026-05,May 2026,False,False
2026-05-10,20260510,False,2026,Q2,2026 Q2,5,May,2026-05,May 2026,False,False
2026-05-11,20260511,False,2026,Q2,2026 Q2,5,May,2026-05,May 2026,False,False
2026-05-12,20260512,False,2026,Q2,2026 Q2,5,May,2026-05,May 2026,False,False
2026-05-13,20260513,False,2026,Q2,2026 Q2,5,May,2026-05,May 2026,False,False
2026-05-14,20260514,False,2026,Q2,2026 Q2,5,May,2026-05,May 2026,False,False
2026-05-15,20260515,False,2026,Q2,2026 Q2,5,May,2026-05,May 2026,False,False
2026-05-16,20260516,False,2026,Q2,2026 Q2,5,May,2026-05,May 2026,False,False
2026-05-17,20260517,False,2026,Q2,2026 Q2,5,May,2026-05,May 2026,False,False
2026-05-18,20260518,False,2026,Q2,2026 Q2,5,May,2026-05,May 2026,False,False
2026-05-19,20260519,False,2026,Q2,2026 Q2,5,May,2026-05,May 2026,False,False
2026-05-20,20260520,False,2026,Q2,2026 Q2,5,May,2026-05,May 2026,False,False
2026-05-21,20260521,False,2026,Q2,2026 Q2,5,May,2026-05,May 2026,False,False
2026-05-22,20260522,False,2026,Q2,2026 Q2,5,May,2026-05,May 2026,False,False
2026-05-23,20260523,False,2026,Q2,2026 Q2,5,May,2026-05,May 2026,False,False
2026-05-24,20260524,False,2026,Q2,2026 Q2,5,May,2026-05,May 2026,False,False
2026-05-25,20260525,False,2026,Q2,2026 Q2,5,May,2026-05,May 2026,False,False
2026-05-26,20260526,False,2026,Q2,2026 Q2,5,May,2026-05,May 2026,False,False
2026-05-27,20260527,False,2026,Q2,2026 Q2,5,May,2026-05,May 2026,False,False
2026-05-28,20260528,False,2026,Q2,2026 Q2,5,May,2026-05,May 2026,False,False
2026-05-29,20260529,False,2026,Q2,2026 Q2,5,May,2026-05,May 2026,False,False
2026-05-30,20260530,False,2026,Q2,2026 Q2,5,May,2026-05,May 2026,False,False
2026-05-31,20260531,False,2026,Q2,2026 Q2,5,May,2026-05,May 2026,False,False
2026-06-01,20260601,True,2026,Q2,2026 Q2,6,Jun,2026-06,Jun 2026,False,False
2026-06-02,20260602,False,2026,Q2,2026 Q2,6,Jun,2026-06,Jun 2026,False,False
2026-06-03,20260603,False,2026,Q2,2026 Q2,6,Jun,2026-06,Jun 2026,False,False
2026-06-04,20260604,False,2026,Q2,2026 Q2,6,Jun,2026-06,Jun 2026,False,False
2026-06-05,20260605,False,2026,Q2,2026 Q2,6,Jun,2026-06,Jun 2026,False,False
2026-06-06,20260606,False,2026,Q2,2026 Q2,6,Jun,2026-06,Jun 2026,False,False
2026-06-07,20260607,False,2026,Q2,2026 Q2,6,Jun,2026-06,Jun 2026,False,False
2026-06-08,20260608,False,2026,Q2,2026 Q2,6,Jun,2026-06,Jun 2026,False,False
2026-06-09,20260609,False,2026,Q2,2026 Q2,6,Jun,2026-06,Jun 2026,False,False
2026-06-10,20260610,False,2026,Q2,2026 Q2,6,Jun,2026-06,Jun 2026,False,False
2026-06-11,20260611,False,2026,Q2,2026 Q2,6,Jun,2026-06,Jun 2026,False,False
2026-06-12,20260612,False,2026,Q2,2026 Q2,6,Jun,2026-06,Jun 2026,False,False
2026-06-13,20260613,False,2026,Q2,2026 Q2,6,Jun,2026-06,Jun 2026,False,False
2026-06-14,20260614,False,2026,Q2,2026 Q2,6,Jun,2026-06,Jun 2026,False,False
2026-06-15,20260615,False,2026,Q2,2026 Q2,6,Jun,2026-06,Jun 2026,False,False
2026-06-16,20260616,False,2026,Q2,2026 Q2,6,Jun,2026-06,Jun 2026,False,False
2026-06-17,20260617,False,2026,Q2,2026 Q2,6,Jun,2026-06,Jun 2026,False,False
2026-06-18,20260618,False,2026,Q2,2026 Q2,6,Jun,2026-06,Jun 2026,False,False
2026-06-19,20260619,False,2026,Q2,2026 Q2,6,Jun,2026-06,Jun 2026,False,False
2026-06-20,20260620,False,2026,Q2,2026 Q2,6,Jun,2026-06,Jun 2026,False,False
2026-06-21,20260621,False,2026,Q2,2026 Q2,6,Jun,2026-06,Jun 2026,False,False
2026-06-22,20260622,False,2026,Q2,2026 Q2,6,Jun,2026-06,Jun 2026,False,False
2026-06-23,20260623,False,2026,Q2,2026 Q2,6,Jun,2026-06,Jun 2026,False,False
2026-06-24,20260624,False,2026,Q2,2026 Q2,6,Jun,2026-06,Jun 2026,False,False
2026-06-25,20260625,False,2026,Q2,2026 Q2,6,Jun,2026-06,Jun 2026,False,False
2026-06-26,20260626,False,2026,Q2,2026 Q2,6,Jun,2026-06,Jun 2026,False,False
2026-06-27,20260627,False,2026,Q2,2026 Q2,6,Jun,2026-06,Jun 2026,False,False
2026-06-28,20260628,False,2026,Q2,2026 Q2,6,Jun,2026-06,Jun 2026,False,False
2026-06-29,20260629,False,2026,Q2,2026 Q2,6,Jun,2026-06,Jun 2026,False,False
2026-06-30,20260630,False,2026,Q2,2026 Q2,6,Jun,2026-06,Jun 2026,False,False
2026-07-01,20260701,True,2026,Q3,2026 Q3,7,Jul,2026-07,Jul 2026,False,False
2026-07-02,20260702,False,2026,Q3,2026 Q3,7,Jul,2026-07,Jul 2026,False,False
2026-07-03,20260703,False,2026,Q3,2026 Q3,7,Jul,2026-07,Jul 2026,False,False
2026-07-04,20260704,False,2026,Q3,2026 Q3,7,Jul,2026-07,Jul 2026,False,False
2026-07-05,20260705,False,2026,Q3,2026 Q3,7,Jul,2026-07,Jul 2026,False,False
2026-07-06,20260706,False,2026,Q3,2026 Q3,7,Jul,2026-07,Jul 2026,False,False
2026-07-07,20260707,False,2026,Q3,2026 Q3,7,Jul,2026-07,Jul 2026,False,False
2026-07-08,20260708,False,2026,Q3,2026 Q3,7,Jul,2026-07,Jul 2026,False,False
2026-07-09,20260709,False,2026,Q3,2026 Q3,7,Jul,2026-07,Jul 2026,False,False
2026-07-10,20260710,False,2026,Q3,2026 Q3,7,Jul,2026-07,Jul 2026,False,False
2026-07-11,20260711,False,2026,Q3,2026 Q3,7,Jul,2026-07,Jul 2026,False,False
2026-07-12,20260712,False,2026,Q3,2026 Q3,7,Jul,2026-07,Jul 2026,False,False
2026-07-13,20260713,False,2026,Q3,2026 Q3,7,Jul,2026-07,Jul 2026,False,False
2026-07-14,20260714,False,2026,Q3,2026 Q3,7,Jul,2026-07,Jul 2026,False,False
2026-07-15,20260715,False,2026,Q3,2026 Q3,7,Jul,2026-07,Jul 2026,False,False
2026-07-16,20260716,False,2026,Q3,2026 Q3,7,Jul,2026-07,Jul 2026,False,False
2026-07-17,20260717,False,2026,Q3,2026 Q3,7,Jul,2026-07,Jul 2026,False,False
2026-07-18,20260718,False,2026,Q3,2026 Q3,7,Jul,2026-07,Jul 2026,False,False
2026-07-19,20260719,False,2026,Q3,2026 Q3,7,Jul,2026-07,Jul 2026,False,False
2026-07-20,20260720,False,2026,Q3,2026 Q3,7,Jul,2026-07,Jul 2026,False,False
2026-07-21,20260721,False,2026,Q3,2026 Q3,7,Jul,2026-07,Jul 2026,False,False
2026-07-22,20260722,False,2026,Q3,2026 Q3,7,Jul,2026-07,Jul 2026,False,False
2026-07-23,20260723,False,2026,Q3,2026 Q3,7,Jul,2026-07,Jul 2026,False,False
2026-07-24,20260724,False,2026,Q3,2026 Q3,7,Jul,2026-07,Jul 2026,False,False
2026-07-25,20260725,False,2026,Q3,2026 Q3,7,Jul,2026-07,Jul 2026,False,False
2026-07-26,20260726,False,2026,Q3,2026 Q3,7,Jul,2026-07,Jul 2026,False,False
2026-07-27,20260727,False,2026,Q3,2026 Q3,7,Jul,2026-07,Jul 2026,False,False
2026-07-28,20260728,False,2026,Q3,2026 Q3,7,Jul,2026-07,Jul 2026,False,False
2026-07-29,20260729,False,2026,Q3,2026 Q3,7,Jul,2026-07,Jul 2026,False,False
2026-07-30,20260730,False,2026,Q3,2026 Q3,7,Jul,2026-07,Jul 2026,False,False
2026-07-31,20260731,False,2026,Q3,2026 Q3,7,Jul,2026-07,Jul 2026,False,False
2026-08-01,20260801,True,2026,Q3,2026 Q3,8,Aug,2026-08,Aug 2026,True,False
2026-08-02,20260802,False,2026,Q3,2026 Q3,8,Aug,2026-08,Aug 2026,False,False
2026-08-03,20260803,False,2026,Q3,2026 Q3,8,Aug,2026-08,Aug 2026,False,False
2026-08-04,20260804,False,2026,Q3,2026 Q3,8,Aug,2026-08,Aug 2026,False,False
2026-08-05,20260805,False,2026,Q3,2026 Q3,8,Aug,2026-08,Aug 2026,False,False
2026-08-06,20260806,False,2026,Q3,2026 Q3,8,Aug,2026-08,Aug 2026,False,False
2026-08-07,20260807,False,2026,Q3,2026 Q3,8,Aug,2026-08,Aug 2026,False,False
2026-08-08,20260808,False,2026,Q3,2026 Q3,8,Aug,2026-08,Aug 2026,False,False
2026-08-09,20260809,False,2026,Q3,2026 Q3,8,Aug,2026-08,Aug 2026,False,False
2026-08-10,20260810,False,2026,Q3,2026 Q3,8,Aug,2026-08,Aug 2026,False,False
2026-08-11,20260811,False,2026,Q3,2026 Q3,8,Aug,2026-08,Aug 2026,False,False
2026-08-12,20260812,False,2026,Q3,2026 Q3,8,Aug,2026-08,Aug 2026,False,False
2026-08-13,20260813,False,2026,Q3,2026 Q3,8,Aug,2026-08,Aug 2026,False,False
2026-08-14,20260814,False,2026,Q3,2026 Q3,8,Aug,2026-08,Aug 2026,False,False
2026-08-15,20260815,False,2026,Q3,2026 Q3,8,Aug,2026-08,Aug 2026,False,False
2026-08-16,20260816,False,2026,Q3,2026 Q3,8,Aug,2026-08,Aug 2026,False,False
2026-08-17,20260817,False,2026,Q3,2026 Q3,8,Aug,2026-08,Aug 2026,False,False
2026-08-18,20260818,False,2026,Q3,2026 Q3,8,Aug,2026-08,Aug 2026,False,False
2026-08-19,20260819,False,2026,Q3,2026 Q3,8,Aug,2026-08,Aug 2026,False,False
2026-08-20,20260820,False,2026,Q3,2026 Q3,8,Aug,2026-08,Aug 2026,False,False
2026-08-21,20260821,False,2026,Q3,2026 Q3,8,Aug,2026-08,Aug 2026,False,False
2026-08-22,20260822,False,2026,Q3,2026 Q3,8,Aug,2026-08,Aug 2026,False,False
2026-08-23,20260823,False,2026,Q3,2026 Q3,8,Aug,2026-08,Aug 2026,False,False
2026-08-24,20260824,False,2026,Q3,2026 Q3,8,Aug,2026-08,Aug 2026,False,False
2026-08-25,20260825,False,2026,Q3,2026 Q3,8,Aug,2026-08,Aug 2026,False,False
2026-08-26,20260826,False,2026,Q3,2026 Q3,8,Aug,2026-08,Aug 2026,False,False
2026-08-27,20260827,False,2026,Q3,2026 Q3,8,Aug,2026-08,Aug 2026,False,False
2026-08-28,20260828,False,2026,Q3,2026 Q3,8,Aug,2026-08,Aug 2026,False,False
2026-08-29,20260829,False,2026,Q3,2026 Q3,8,Aug,2026-08,Aug 2026,False,False
2026-08-30,20260830,False,2026,Q3,2026 Q3,8,Aug,2026-08,Aug 2026,False,False
2026-08-31,20260831,False,2026,Q3,2026 Q3,8,Aug,2026-08,Aug 2026,False,False
